loan_id,origination_month,original_balance,interest_rate,loan_term_months,credit_score_band,ltv_band,dti_band,state,loan_purpose,occupancy_type,property_type,servicer_name,vintage_year
LN0000001,2018-01,279000,6.375,120,660-699,96-100,<=28,KS,Purchase,Primary,Condo,ServicerD,2018
LN0000002,2020-04,209000,7.5,360,780+,<=60,44-50,KS,Purchase,Primary,Co-op,ServicerE,2020
LN0000003,2019-03,129000,7.75,360,740-779,96-100,37-43,NE,Purchase,Primary,PUD,ServicerE,2019
LN0000004,2018-11,73000,2.875,360,700-739,71-80,>50,ID,Purchase,Primary,PUD,ServicerB,2018
LN0000005,2022-02,177000,3.625,360,620-659,91-95,29-36,ID,Purchase,Primary,Condo,ServicerE,2022
LN0000006,2022-07,205000,2.5,240,620-659,96-100,29-36,NH,Refinance,Primary,Single Family,ServicerB,2022
LN0000007,2018-01,265000,4.25,360,<620,91-95,44-50,KS,Purchase,Primary,Condo,ServicerE,2018
LN0000008,2018-04,200000,5.75,360,780+,71-80,37-43,WV,Refinance,Primary,Condo,ServicerA,2018
LN0000009,2019-09,107000,5.875,240,740-779,71-80,29-36,RI,Cash-Out Refinance,Primary,Co-op,ServicerD,2019
LN0000010,2022-01,110000,3.25,360,740-779,<=60,37-43,MT,Cash-Out Refinance,Primary,Multi-Family,ServicerA,2022
LN0000011,2022-04,250000,6.75,360,<620,<=60,44-50,MS,Purchase,Primary,PUD,ServicerC,2022
LN0000012,2022-07,145000,2.99,360,780+,71-80,44-50,NE,Cash-Out Refinance,Primary,Co-op,ServicerB,2022
LN0000013,2019-08,87000,4.25,360,780+,96-100,44-50,NM,Purchase,Primary,Co-op,ServicerE,2019
LN0000014,2022-05,410000,6.75,240,660-699,71-80,37-43,DE,Purchase,Secondary,Single Family,ServicerC,2022
LN0000015,2018-03,73000,3.555,120,620-659,91-95,37-43,SD,Purchase,Primary,Condo,ServicerD,2018
LN0000016,2021-06,229000,2.99,360,,71-80,37-43,SD,Refinance,Primary,Single Family,ServicerC,2021
LN0000017,2020-03,51000,4.0,360,,71-80,,NM,Purchase,Primary,PUD,ServicerE,2020
LN0000018,2019-06,89000,6.5,180,700-739,71-80,44-50,KS,Purchase,Primary,Condo,ServicerB,2019
LN0000019,2018-02,224000,5.0,360,700-739,81-90,>50,,Cash-Out Refinance,Primary,Multi-Family,ServicerA,2018
LN0000020,2021-02,181000,5.0,360,660-699,81-90,29-36,MT,Cash-Out Refinance,Primary,Single Family,ServicerB,2021
LN0000021,2020-06,161000,3.25,360,740-779,71-80,37-43,SD,Cash-Out Refinance,Primary,Single Family,ServicerD,2020
LN0000022,2022-05,546000,3.125,360,,71-80,<=28,ID,Purchase,Primary,Multi-Family,ServicerA,2022
LN0000023,2018-12,151000,3.5,360,660-699,96-100,44-50,NH,Refinance,Investment,Condo,ServicerB,2018
LN0000024,2021-09,219000,7.25,360,,71-80,37-43,MS,Purchase,Primary,Co-op,ServicerA,2021
LN0000025,2018-07,110000,3.125,360,700-739,81-90,44-50,NM,Cash-Out Refinance,Primary,PUD,ServicerE,2018
LN0000026,2018-09,188000,3.625,360,740-779,91-95,37-43,SD,Refinance,Primary,Single Family,ServicerA,2018
LN0000027,2020-11,134000,2.99,360,620-659,96-100,<=28,ID,Cash-Out Refinance,Primary,Co-op,ServicerC,2020
LN0000028,2022-06,106000,3.0,360,700-739,,37-43,NH,Purchase,Investment,Single Family,ServicerE,2022
LN0000029,2022-04,108000,2.25,360,700-739,71-80,44-50,DE,Refinance,Primary,Condo,ServicerD,2022
LN0000030,2018-01,118000,4.5,360,<620,91-95,37-43,WV,Refinance,Primary,PUD,ServicerA,2018
LN0000031,2019-05,592000,6.75,360,,71-80,37-43,MS,Purchase,Primary,Co-op,ServicerD,2019
LN0000032,2018-04,143000,6.875,240,620-659,71-80,37-43,NH,Cash-Out Refinance,Primary,Multi-Family,ServicerD,2018
LN0000033,2018-07,122000,3.5,360,<620,<=60,<=28,NE,Purchase,Primary,Condo,ServicerD,2018
LN0000034,2020-08,103000,2.875,240,780+,61-70,37-43,MT,Refinance,Primary,Multi-Family,ServicerB,2020
LN0000035,2020-03,196000,2.75,360,780+,71-80,44-50,NE,Purchase,Primary,Condo,ServicerB,2020
LN0000036,2020-06,114000,2.625,360,740-779,91-95,<=28,VT,Purchase,Secondary,Co-op,ServicerB,2020
LN0000037,2019-11,152000,5.0,360,660-699,71-80,37-43,ID,Cash-Out Refinance,Primary,Co-op,ServicerB,2019
LN0000038,2020-12,253000,4.0,360,620-659,<=60,<=28,ID,Purchase,Primary,PUD,ServicerE,2020
LN0000039,2018-10,153000,3.0,180,740-779,96-100,37-43,HI,Refinance,Primary,Multi-Family,ServicerE,2018
LN0000040,2019-09,261000,5.125,120,700-739,71-80,44-50,NM,Cash-Out Refinance,Primary,Condo,ServicerC,2019
LN0000041,2019-03,184000,6.875,360,620-659,<=60,<=28,NM,Purchase,Primary,Single Family,ServicerE,2019
LN0000042,2021-07,302000,7.0,360,700-739,61-70,>50,NH,Other,Primary,PUD,ServicerE,2021
LN0000043,2020-11,179000,8.1,360,<620,96-100,37-43,NV,Purchase,Investment,Co-op,ServicerD,2020
LN0000044,2022-04,450000,4.3,360,780+,<=60,44-50,MT,Cash-Out Refinance,Primary,Co-op,ServicerC,2022
LN0000045,2020-01,200000,3.125,360,660-699,96-100,>50,NH,Cash-Out Refinance,Primary,PUD,ServicerE,2020
LN0000046,2019-01,163000,6.999,360,740-779,71-80,37-43,NV,Refinance,Primary,Condo,ServicerA,2019
LN0000047,2020-07,42000,4.49,360,660-699,71-80,29-36,SD,Refinance,Primary,Multi-Family,ServicerD,2020
LN0000048,2020-02,753000,3.875,360,,61-70,<=28,ID,Refinance,Primary,Single Family,ServicerE,2020
LN0000049,2019-10,156000,5.5,360,700-739,<=60,37-43,MT,Cash-Out Refinance,Investment,Multi-Family,ServicerA,2019
LN0000050,2020-04,191000,3.75,360,620-659,61-70,29-36,NH,Purchase,Primary,Condo,ServicerE,2020
LN0000051,2021-07,189000,3.125,360,780+,61-70,44-50,VT,Refinance,Primary,Condo,ServicerE,2021
LN0000052,2021-03,714000,2.875,240,740-779,<=60,37-43,DE,Refinance,Primary,Multi-Family,ServicerA,2021
LN0000053,2020-03,182000,5.625,360,780+,61-70,37-43,ID,Purchase,Primary,Condo,ServicerD,2020
LN0000054,2019-12,186000,2.625,360,780+,<=60,29-36,NE,Refinance,Primary,PUD,ServicerA,2019
LN0000055,2022-09,251000,2.75,360,700-739,96-100,,NE,Cash-Out Refinance,Primary,Multi-Family,ServicerA,2022
LN0000056,2020-12,271000,6.66,360,780+,71-80,44-50,KS,Purchase,Primary,Single Family,ServicerB,2020
LN0000057,2022-07,600000,7.5,180,620-659,71-80,37-43,VT,Cash-Out Refinance,Primary,PUD,ServicerB,2022
LN0000058,2022-07,251000,3.125,360,620-659,<=60,29-36,VT,Purchase,Primary,PUD,ServicerE,2022
LN0000059,2020-04,45000,2.875,360,<620,<=60,<=28,VT,Refinance,Primary,Co-op,ServicerD,2020
LN0000060,2019-09,452000,7.739,360,660-699,61-70,44-50,MT,Purchase,Primary,Single Family,ServicerA,2019
LN0000061,2021-02,163000,3.0,120,700-739,61-70,29-36,NM,Cash-Out Refinance,Primary,Single Family,ServicerA,2021
LN0000062,2018-02,144000,3.75,360,660-699,<=60,37-43,NE,Refinance,Primary,PUD,ServicerE,2018
LN0000063,2019-11,80000,4.125,180,780+,71-80,>50,,Purchase,Primary,Multi-Family,ServicerD,2019
LN0000064,2019-11,185000,8.5,120,660-699,96-100,37-43,WV,Refinance,Primary,PUD,ServicerC,2019
LN0000065,2021-10,66000,6.125,360,660-699,71-80,44-50,MT,Purchase,Primary,Condo,ServicerA,2021
LN0000066,2018-07,235000,3.25,360,700-739,91-95,29-36,NE,Refinance,Investment,Condo,ServicerE,2018
LN0000067,2021-10,493000,2.875,360,620-659,>100,44-50,NH,Purchase,Secondary,Single Family,ServicerB,2021
LN0000068,2021-09,406000,3.625,360,740-779,<=60,<=28,ID,Cash-Out Refinance,Primary,Multi-Family,ServicerE,2021
LN0000069,2020-09,204000,5.874,360,<620,<=60,29-36,WY,Purchase,Investment,Multi-Family,ServicerB,2020
LN0000070,2018-11,307000,4.25,360,780+,<=60,29-36,MT,Refinance,Primary,Multi-Family,ServicerA,2018
LN0000071,2018-11,106000,2.0,240,740-779,61-70,<=28,NM,Refinance,Primary,Single Family,ServicerA,2018
LN0000072,2022-05,98000,2.375,120,620-659,<=60,37-43,NH,Refinance,Primary,Multi-Family,ServicerE,2022
LN0000073,2020-02,181000,3.187,360,<620,<=60,37-43,ID,Refinance,Primary,Condo,ServicerD,2020
LN0000074,2020-07,125000,3.0,360,740-779,61-70,<=28,ND,Purchase,Primary,PUD,ServicerA,2020
LN0000075,2019-08,93000,4.25,360,740-779,<=60,37-43,HI,Purchase,Primary,Multi-Family,ServicerC,2019
LN0000076,2018-12,131000,2.625,360,740-779,71-80,44-50,ID,Purchase,Primary,PUD,ServicerA,2018
LN0000077,2020-09,132000,3.125,180,740-779,61-70,37-43,NH,Purchase,Primary,Multi-Family,ServicerE,2020
LN0000078,2019-09,111000,3.25,360,<620,71-80,<=28,KS,Purchase,Investment,Single Family,ServicerD,2019
LN0000079,2018-11,402000,3.44,360,660-699,91-95,44-50,WV,Purchase,Primary,Condo,ServicerC,2018
LN0000080,2020-11,327000,2.25,360,620-659,71-80,29-36,NH,Cash-Out Refinance,Primary,Multi-Family,ServicerE,2020
LN0000081,2022-10,128000,2.99,360,780+,<=60,37-43,AK,Purchase,Primary,Condo,ServicerA,2022
LN0000082,2019-03,243000,3.25,180,740-779,71-80,44-50,NE,Purchase,Primary,Single Family,ServicerC,2019
LN0000083,2020-03,58000,2.99,360,660-699,<=60,37-43,ID,Other,Primary,Co-op,ServicerE,2020
LN0000084,2022-09,234000,4.25,360,<620,61-70,<=28,RI,Cash-Out Refinance,Primary,Single Family,ServicerD,2022
LN0000085,2018-10,320000,9.75,360,660-699,61-70,44-50,ID,Refinance,Primary,PUD,ServicerA,2018
LN0000086,2020-08,142000,4.99,360,660-699,<=60,29-36,NM,Purchase,Primary,PUD,ServicerC,2020
LN0000087,2018-02,195000,2.25,360,740-779,61-70,44-50,NH,Purchase,Secondary,PUD,ServicerE,2018
LN0000088,2020-05,219000,6.25,360,740-779,71-80,44-50,VT,Purchase,Primary,Single Family,ServicerE,2020
LN0000089,2019-01,64000,6.25,360,780+,<=60,37-43,SD,Purchase,Primary,Multi-Family,ServicerD,2019
LN0000090,2019-10,183000,6.375,360,700-739,91-95,37-43,KS,Purchase,Primary,Co-op,ServicerE,2019
LN0000091,2018-02,195000,4.125,360,620-659,<=60,<=28,KS,Cash-Out Refinance,Primary,Single Family,ServicerC,2018
LN0000092,2021-02,206000,5.125,240,740-779,81-90,>50,MT,Purchase,Primary,Co-op,ServicerC,2021
LN0000093,2022-03,164000,6.625,360,740-779,<=60,37-43,ID,Cash-Out Refinance,Primary,Co-op,ServicerC,2022
LN0000094,2019-11,376000,3.25,360,700-739,81-90,>50,WY,Refinance,Primary,Single Family,ServicerC,2019
LN0000095,2021-09,111000,7.75,360,740-779,61-70,44-50,ND,Refinance,Primary,Multi-Family,ServicerA,2021
LN0000096,2019-05,138000,8.25,360,700-739,<=60,>50,WY,Cash-Out Refinance,Primary,Multi-Family,ServicerD,2019
LN0000097,2022-10,47000,6.25,180,700-739,91-95,29-36,KS,Cash-Out Refinance,Secondary,Multi-Family,ServicerC,2022
LN0000098,2021-04,144000,5.0,120,700-739,<=60,>50,NM,Other,Primary,Multi-Family,ServicerD,2021
LN0000099,2022-12,200000,1.99,360,<620,<=60,29-36,ND,Purchase,Primary,Multi-Family,ServicerB,2022
LN0000100,2019-12,235000,2.875,360,620-659,<=60,37-43,ID,Purchase,Primary,Single Family,ServicerE,2019
LN0000101,2020-07,113000,3.875,360,<620,<=60,44-50,ID,Purchase,Secondary,Condo,ServicerC,2020
LN0000102,2020-08,91000,4.25,360,740-779,71-80,<=28,VT,Other,Primary,Multi-Family,ServicerE,2020
LN0000103,2022-08,122000,3.5,360,660-699,71-80,<=28,NE,Refinance,Primary,Single Family,ServicerB,2022
LN0000104,2018-04,103000,7.25,180,700-739,96-100,37-43,ID,Refinance,Primary,PUD,ServicerB,2018
LN0000105,2019-02,320000,2.375,360,780+,71-80,44-50,VT,Refinance,Secondary,Condo,ServicerC,2019
LN0000106,2020-01,360000,7.375,240,660-699,96-100,44-50,NH,Refinance,Primary,Condo,ServicerB,2020
LN0000107,2022-09,316000,7.25,360,700-739,81-90,,AK,Purchase,Primary,Condo,ServicerE,2022
LN0000108,2019-10,303000,3.0,180,740-779,<=60,44-50,MT,Purchase,Primary,PUD,ServicerB,2019
LN0000109,2019-01,171000,4.875,240,660-699,61-70,37-43,ID,Refinance,Primary,PUD,ServicerD,2019
LN0000110,2018-12,78000,3.8,360,<620,81-90,44-50,NM,Refinance,Primary,Condo,ServicerB,2018
LN0000111,2018-04,112000,3.125,360,660-699,61-70,37-43,MT,Refinance,Primary,Co-op,ServicerA,2018
LN0000112,2018-01,179000,4.0,120,620-659,81-90,37-43,VT,Refinance,Primary,Multi-Family,ServicerE,2018
LN0000113,2020-02,113000,9.99,360,780+,71-80,>50,NE,Refinance,Primary,Co-op,ServicerC,2020
LN0000114,2022-04,472000,4.25,240,740-779,96-100,44-50,NE,Purchase,Primary,Single Family,ServicerB,2022
LN0000115,2020-11,100000,3.875,360,740-779,71-80,>50,NE,Purchase,Primary,Multi-Family,ServicerE,2020
LN0000116,2021-04,160000,2.125,360,780+,61-70,44-50,NM,Purchase,Primary,Condo,ServicerC,2021
LN0000117,2022-03,220000,8.34,240,740-779,71-80,44-50,DE,Refinance,Primary,PUD,ServicerA,2022
LN0000118,2022-10,120000,2.75,360,620-659,71-80,37-43,ID,Refinance,Primary,Single Family,ServicerB,2022
LN0000119,2021-04,229000,6.125,360,780+,61-70,29-36,,Refinance,Primary,Co-op,ServicerA,2021
LN0000120,2021-07,106000,3.125,360,700-739,71-80,37-43,ND,Purchase,Primary,Single Family,ServicerE,2021
LN0000121,2019-02,39000,4.99,360,,61-70,44-50,ID,Cash-Out Refinance,Primary,Single Family,ServicerA,2019
LN0000122,2018-11,223000,7.375,240,780+,<=60,44-50,RI,Other,Primary,Co-op,ServicerE,2018
LN0000123,2021-06,158000,2.875,360,660-699,<=60,37-43,NE,Purchase,Primary,Single Family,ServicerC,2021
LN0000124,2021-07,137000,2.99,180,620-659,81-90,>50,SD,Purchase,Primary,Condo,ServicerB,2021
LN0000125,2021-12,412000,3.125,240,660-699,61-70,44-50,ID,Purchase,Primary,Co-op,ServicerE,2021
LN0000126,2018-11,118000,2.0,360,700-739,81-90,37-43,AK,Purchase,Primary,PUD,ServicerB,2018
LN0000127,2018-01,51000,2.875,360,740-779,91-95,>50,RI,Refinance,Primary,PUD,ServicerE,2018
LN0000128,2021-12,260000,2.875,240,780+,<=60,44-50,ND,Refinance,Primary,Co-op,ServicerC,2021
LN0000129,2020-02,115000,3.0,360,<620,61-70,>50,ID,Purchase,Primary,Multi-Family,ServicerC,2020
LN0000130,2019-04,102000,3.125,120,700-739,<=60,29-36,NE,Purchase,Investment,Condo,ServicerB,2019
LN0000131,2019-09,352000,3.0,180,700-739,81-90,37-43,RI,Refinance,Investment,Single Family,ServicerB,2019
LN0000132,2021-03,80000,3.125,360,660-699,71-80,37-43,ID,Cash-Out Refinance,Primary,Condo,ServicerD,2021
LN0000133,2021-03,174000,3.625,360,620-659,71-80,<=28,NH,Purchase,Primary,PUD,ServicerE,2021
LN0000134,2020-08,169000,4.125,360,660-699,61-70,44-50,AK,Refinance,Primary,Multi-Family,ServicerB,2020
LN0000135,2019-02,79000,3.625,240,780+,91-95,37-43,VT,Refinance,Primary,Single Family,ServicerB,2019
LN0000136,2021-09,125000,6.0,360,,<=60,29-36,ID,Refinance,Primary,Condo,ServicerA,2021
LN0000137,2018-01,184000,3.125,360,700-739,61-70,29-36,RI,Cash-Out Refinance,Primary,Condo,ServicerB,2018
LN0000138,2022-01,234000,2.75,360,740-779,71-80,>50,ID,Refinance,Primary,Single Family,ServicerC,2022
LN0000139,2018-04,184000,7.375,360,660-699,71-80,44-50,WV,Purchase,Primary,Co-op,ServicerB,2018
LN0000140,2019-07,139000,4.25,360,780+,91-95,29-36,ID,Refinance,Primary,Single Family,ServicerE,2019
LN0000141,2021-08,89000,6.188,360,780+,96-100,>50,WY,Purchase,Primary,Multi-Family,ServicerB,2021
LN0000142,2019-07,158000,5.75,360,660-699,71-80,29-36,VT,Purchase,Primary,PUD,ServicerD,2019
LN0000143,2018-03,108000,2.0,240,700-739,71-80,29-36,NE,Purchase,Primary,Condo,ServicerE,2018
LN0000144,2021-01,118000,2.875,180,660-699,<=60,<=28,DE,Other,Investment,Co-op,ServicerB,2021
LN0000145,2021-05,192000,3.75,360,660-699,<=60,44-50,RI,Other,Primary,Multi-Family,ServicerB,2021
LN0000146,2021-05,295000,4.875,360,<620,<=60,29-36,NE,Purchase,Primary,Co-op,ServicerE,2021
LN0000147,2021-12,103000,2.375,240,740-779,96-100,44-50,MT,Refinance,Primary,Multi-Family,ServicerC,2021
LN0000148,2022-11,233000,2.75,360,700-739,<=60,37-43,ID,Refinance,Primary,Co-op,ServicerB,2022
LN0000149,2021-03,121000,6.44,240,<620,71-80,37-43,SD,Purchase,Primary,Condo,ServicerE,2021
LN0000150,2019-05,338000,3.5,360,660-699,71-80,44-50,RI,Purchase,Primary,PUD,ServicerC,2019
LN0000151,2019-01,140000,4.75,180,780+,71-80,44-50,ID,Refinance,Primary,Multi-Family,ServicerB,2019
LN0000152,2022-12,96000,5.025,120,660-699,<=60,44-50,,Cash-Out Refinance,Primary,Co-op,ServicerC,2022
LN0000153,2022-01,120000,3.375,360,620-659,<=60,44-50,VT,Cash-Out Refinance,Primary,Multi-Family,ServicerE,2022
LN0000154,2020-01,152000,3.625,360,700-739,61-70,37-43,KS,Purchase,Primary,Single Family,ServicerB,2020
LN0000155,2018-10,93000,5.25,180,780+,91-95,44-50,MT,Other,Primary,Multi-Family,ServicerA,2018
LN0000156,2021-09,65000,5.5,240,660-699,>100,29-36,DE,Refinance,Primary,Condo,ServicerA,2021
LN0000157,2022-03,536000,2.75,360,740-779,71-80,<=28,ID,Purchase,Primary,Multi-Family,ServicerA,2022
LN0000158,2018-09,172000,4.99,360,740-779,71-80,<=28,ID,Cash-Out Refinance,Primary,Multi-Family,ServicerE,2018
LN0000159,2018-03,414000,8.5,360,660-699,81-90,44-50,WY,Purchase,Primary,Condo,ServicerC,2018
LN0000160,2018-10,208000,2.99,180,740-779,61-70,44-50,HI,Refinance,Primary,Single Family,ServicerB,2018
LN0000161,2018-11,108000,4.552,120,660-699,71-80,,KS,Purchase,Primary,Multi-Family,ServicerA,2018
LN0000162,2019-07,53000,3.25,360,740-779,91-95,44-50,NM,Refinance,Primary,Co-op,ServicerA,2019
LN0000163,2018-10,226000,4.784,360,740-779,91-95,>50,MT,Other,Primary,Single Family,ServicerA,2018
LN0000164,2019-10,114000,6.5,360,700-739,61-70,44-50,NH,Cash-Out Refinance,Primary,Co-op,ServicerB,2019
LN0000165,2022-01,407000,3.25,240,620-659,61-70,<=28,MS,Purchase,Primary,Co-op,ServicerD,2022
LN0000166,2022-02,110000,3.75,360,780+,<=60,29-36,NM,Refinance,Investment,Single Family,ServicerD,2022
LN0000167,2021-11,116000,2.75,180,660-699,71-80,<=28,ID,Refinance,Primary,Single Family,ServicerA,2021
LN0000168,2022-10,88000,3.875,360,620-659,71-80,29-36,ID,Cash-Out Refinance,Primary,Single Family,ServicerE,2022
LN0000169,2022-06,237000,8.25,240,<620,<=60,37-43,WV,Purchase,Primary,Condo,ServicerE,2022
LN0000170,2020-04,219000,5.0,240,700-739,71-80,>50,KS,Refinance,Primary,Multi-Family,ServicerC,2020
LN0000171,2020-04,68000,2.75,360,740-779,>100,37-43,SD,Refinance,Primary,Single Family,ServicerB,2020
LN0000172,2020-07,230000,3.75,180,<620,81-90,37-43,NE,Cash-Out Refinance,Primary,Single Family,ServicerE,2020
LN0000173,2019-11,258000,3.49,360,700-739,96-100,37-43,ID,Purchase,Primary,Single Family,ServicerE,2019
LN0000174,2020-08,102000,3.25,360,660-699,<=60,29-36,HI,Refinance,Primary,Condo,ServicerC,2020
LN0000175,2020-02,334000,3.375,360,740-779,61-70,37-43,MS,Purchase,Primary,Single Family,ServicerB,2020
LN0000176,2018-08,261000,2.784,180,620-659,71-80,37-43,ID,Purchase,Primary,Co-op,ServicerD,2018
LN0000177,2022-10,102000,2.5,360,740-779,<=60,44-50,SD,Refinance,Primary,Condo,ServicerD,2022
LN0000178,2018-02,405000,3.85,180,700-739,,>50,WV,Purchase,Primary,PUD,ServicerB,2018
LN0000179,2022-04,145000,3.75,360,780+,71-80,44-50,ID,Refinance,Primary,Condo,ServicerE,2022
LN0000180,2022-05,162000,6.625,360,620-659,96-100,>50,SD,Cash-Out Refinance,Primary,Single Family,ServicerD,2022
LN0000181,2019-06,137000,3.0,360,660-699,<=60,37-43,VT,Purchase,Primary,Condo,ServicerB,2019
LN0000182,2018-04,336000,4.375,360,620-659,<=60,<=28,NE,Purchase,Primary,PUD,ServicerB,2018
LN0000183,2020-05,434000,3.375,180,780+,96-100,<=28,,Purchase,Primary,PUD,ServicerA,2020
LN0000184,2019-08,124000,2.25,120,780+,71-80,44-50,SD,Purchase,Investment,Multi-Family,ServicerE,2019
LN0000185,2022-12,482000,6.125,360,660-699,71-80,37-43,NH,Purchase,Primary,Co-op,ServicerA,2022
LN0000186,2020-10,121000,2.5,360,740-779,91-95,44-50,NM,Purchase,Primary,PUD,ServicerD,2020
LN0000187,2022-01,37000,3.99,360,740-779,96-100,29-36,NH,Purchase,Primary,Multi-Family,ServicerA,2022
LN0000188,2022-05,71000,3.625,180,700-739,<=60,44-50,NE,Purchase,Primary,Condo,ServicerA,2022
LN0000189,2018-03,487000,6.625,360,700-739,<=60,37-43,WV,Refinance,Primary,Condo,ServicerA,2018
LN0000190,2020-02,152000,3.0,360,660-699,71-80,<=28,WY,Purchase,Primary,Multi-Family,ServicerE,2020
LN0000191,2018-12,141000,3.125,360,620-659,<=60,>50,KS,Purchase,Primary,Single Family,ServicerC,2018
LN0000192,2022-03,233000,6.8,360,780+,61-70,29-36,NH,Purchase,Primary,Single Family,ServicerD,2022
LN0000193,2020-05,153000,3.75,360,,71-80,37-43,NE,Cash-Out Refinance,Primary,Condo,ServicerC,2020
LN0000194,2022-04,281000,3.5,360,740-779,>100,44-50,MT,Refinance,Primary,PUD,ServicerB,2022
LN0000195,2020-04,230000,4.0,360,660-699,81-90,29-36,KS,Purchase,Primary,Co-op,ServicerD,2020
LN0000196,2020-09,86000,3.875,360,660-699,61-70,37-43,RI,Purchase,Primary,Multi-Family,ServicerD,2020
LN0000197,2021-05,195000,6.0,180,740-779,71-80,37-43,ID,Purchase,Secondary,Co-op,ServicerA,2021
LN0000198,2018-02,588000,3.0,360,780+,71-80,44-50,NV,Purchase,Investment,Multi-Family,ServicerC,2018
LN0000199,2021-05,152000,3.125,180,780+,71-80,44-50,RI,Cash-Out Refinance,Primary,Single Family,ServicerE,2021
LN0000200,2018-01,123000,2.99,360,740-779,<=60,44-50,ID,Cash-Out Refinance,Primary,Single Family,ServicerC,2018
LN0000201,2020-03,139000,2.875,360,740-779,96-100,37-43,HI,Refinance,Primary,Co-op,ServicerA,2020
LN0000202,2020-03,527000,5.49,360,620-659,91-95,44-50,ID,Purchase,Primary,Co-op,ServicerD,2020
LN0000203,2021-09,195000,3.375,240,620-659,61-70,29-36,NH,Cash-Out Refinance,Investment,Single Family,ServicerC,2021
LN0000204,2021-09,194000,6.625,360,780+,71-80,>50,AK,Other,Primary,Co-op,ServicerC,2021
LN0000205,2018-02,180000,2.375,360,740-779,71-80,37-43,SD,Refinance,Primary,Condo,ServicerA,2018
LN0000206,2018-12,90000,3.75,360,<620,<=60,<=28,NM,Refinance,Primary,Co-op,ServicerD,2018
LN0000207,2019-09,318000,3.375,360,620-659,71-80,>50,RI,Refinance,Primary,Condo,ServicerA,2019
LN0000208,2018-06,81000,2.49,360,740-779,<=60,<=28,HI,Refinance,Primary,Co-op,ServicerE,2018
LN0000209,2022-09,212000,11.0,360,,<=60,44-50,HI,Purchase,Primary,Condo,ServicerD,2022
LN0000210,2019-07,132000,2.75,360,620-659,>100,37-43,NM,Purchase,Primary,PUD,ServicerB,2019
LN0000211,2019-01,120000,5.75,120,700-739,71-80,44-50,KS,Purchase,Primary,Condo,ServicerB,2019
LN0000212,2020-06,242000,3.5,360,740-779,<=60,>50,DE,Cash-Out Refinance,Primary,Multi-Family,ServicerA,2020
LN0000213,2018-06,106000,4.5,360,740-779,81-90,44-50,AK,Cash-Out Refinance,Primary,Multi-Family,ServicerE,2018
LN0000214,2019-11,234000,3.0,360,660-699,91-95,37-43,MT,Purchase,Secondary,Condo,ServicerA,2019
LN0000215,2019-11,234000,3.875,360,740-779,61-70,37-43,SD,Cash-Out Refinance,Primary,Co-op,ServicerA,2019
LN0000216,2018-06,74000,2.25,360,660-699,61-70,37-43,MT,Cash-Out Refinance,Primary,Single Family,ServicerA,2018
LN0000217,2022-07,261000,2.875,360,660-699,<=60,37-43,ID,Refinance,Primary,Co-op,ServicerA,2022
LN0000218,2022-12,278000,3.125,360,740-779,61-70,29-36,ID,Purchase,Primary,Multi-Family,ServicerC,2022
LN0000219,2019-04,176000,6.875,360,740-779,71-80,29-36,ID,Refinance,Primary,PUD,ServicerD,2019
LN0000220,2019-03,395000,3.75,360,780+,<=60,<=28,ID,Refinance,Primary,Co-op,ServicerA,2019
LN0000221,2021-01,145000,3.125,360,740-779,91-95,44-50,NH,Refinance,Primary,Condo,ServicerD,2021
LN0000222,2019-12,177000,2.75,360,700-739,71-80,44-50,DE,Purchase,Primary,Single Family,ServicerB,2019
LN0000223,2020-07,166000,3.75,180,620-659,91-95,29-36,ID,Refinance,Primary,Co-op,ServicerD,2020
LN0000224,2019-05,182000,3.0,360,660-699,<=60,44-50,VT,Refinance,Primary,Multi-Family,ServicerA,2019
LN0000225,2019-12,95000,6.875,180,,71-80,37-43,AK,Refinance,Primary,Single Family,ServicerE,2019
LN0000226,2018-07,146000,5.3,360,660-699,71-80,44-50,ND,Refinance,Primary,Co-op,ServicerB,2018
LN0000227,2018-08,106000,2.75,360,780+,61-70,>50,HI,Purchase,Primary,Multi-Family,ServicerC,2018
LN0000228,2019-04,280000,3.25,360,700-739,61-70,44-50,SD,Cash-Out Refinance,Primary,Single Family,ServicerE,2019
LN0000229,2021-06,96000,3.99,360,780+,71-80,44-50,MT,Other,Primary,Condo,ServicerC,2021
LN0000230,2020-04,334000,3.125,360,740-779,<=60,37-43,MT,Purchase,Primary,PUD,ServicerB,2020
LN0000231,2019-01,174000,4.55,360,740-779,91-95,29-36,NE,Purchase,Investment,Co-op,ServicerB,2019
LN0000232,2019-07,273000,3.25,360,700-739,<=60,37-43,KS,Other,Primary,Co-op,ServicerE,2019
LN0000233,2020-05,113000,1.75,360,700-739,71-80,37-43,,Purchase,Primary,Single Family,ServicerD,2020
LN0000234,2018-05,103000,3.0,360,700-739,71-80,37-43,VT,Refinance,Primary,Co-op,ServicerD,2018
LN0000235,2020-11,180000,7.99,360,620-659,71-80,37-43,AK,Refinance,Primary,Single Family,ServicerA,2020
LN0000236,2022-07,128000,2.5,360,740-779,,<=28,NE,Other,Primary,Co-op,ServicerB,2022
LN0000237,2022-06,204000,7.25,180,660-699,91-95,44-50,RI,Refinance,Primary,Multi-Family,ServicerA,2022
LN0000238,2018-02,91000,3.375,360,<620,96-100,>50,NV,Purchase,Primary,PUD,ServicerA,2018
LN0000239,2020-03,298000,2.25,240,740-779,<=60,,ID,Purchase,Primary,Multi-Family,ServicerB,2020
LN0000240,2022-05,91000,4.0,360,620-659,<=60,44-50,NE,Refinance,Primary,Single Family,ServicerB,2022
LN0000241,2018-02,210000,5.625,120,780+,<=60,>50,ID,Purchase,Primary,Single Family,ServicerD,2018
LN0000242,2022-07,260000,2.25,360,780+,<=60,44-50,NH,Purchase,Primary,Condo,ServicerC,2022
LN0000243,2020-12,201000,2.875,360,780+,81-90,>50,NH,Purchase,Primary,Co-op,ServicerA,2020
LN0000244,2020-07,309000,3.25,360,660-699,96-100,37-43,RI,Purchase,Primary,PUD,ServicerA,2020
LN0000245,2022-09,148000,6.63,180,<620,<=60,44-50,NH,Purchase,Primary,PUD,ServicerE,2022
LN0000246,2018-07,100000,2.99,360,780+,<=60,44-50,WY,Cash-Out Refinance,Primary,Multi-Family,ServicerE,2018
LN0000247,2022-04,243000,3.5,360,700-739,<=60,29-36,WY,Purchase,Primary,Co-op,ServicerE,2022
LN0000248,2020-01,73000,3.875,360,780+,<=60,44-50,DE,Purchase,Primary,PUD,ServicerA,2020
LN0000249,2021-01,110000,3.25,240,780+,<=60,37-43,RI,Purchase,Primary,Single Family,ServicerE,2021
LN0000250,2022-09,69000,2.5,180,,91-95,29-36,SD,Purchase,Investment,Multi-Family,ServicerC,2022
LN0000251,2019-06,81000,4.75,240,660-699,61-70,37-43,ND,Purchase,Primary,Single Family,ServicerB,2019
LN0000252,2021-02,321000,4.375,360,700-739,61-70,>50,SD,Purchase,Primary,Multi-Family,ServicerC,2021
LN0000253,2020-10,190000,3.625,360,780+,81-90,37-43,NE,Refinance,Primary,Co-op,ServicerA,2020
LN0000254,2020-11,232000,2.875,240,660-699,61-70,37-43,AK,Refinance,Primary,Single Family,ServicerC,2020
LN0000255,2018-12,206000,7.375,360,620-659,<=60,>50,DE,Purchase,Primary,Multi-Family,ServicerD,2018
LN0000256,2020-09,242000,3.0,180,,71-80,44-50,SD,Cash-Out Refinance,Primary,Multi-Family,ServicerC,2020
LN0000257,2020-11,169000,2.75,360,780+,81-90,44-50,ID,Cash-Out Refinance,Primary,Condo,ServicerB,2020
LN0000258,2021-06,636000,2.99,360,740-779,71-80,37-43,NE,Purchase,Primary,Condo,ServicerB,2021
LN0000259,2021-12,278000,3.125,360,700-739,>100,44-50,KS,Cash-Out Refinance,Primary,Condo,ServicerD,2021
LN0000260,2020-09,131000,5.75,180,620-659,81-90,37-43,DE,Cash-Out Refinance,Primary,PUD,ServicerE,2020
LN0000261,2019-04,186000,2.49,120,740-779,<=60,<=28,KS,Cash-Out Refinance,Primary,Multi-Family,ServicerB,2019
LN0000262,2021-11,238000,3.74,240,780+,<=60,37-43,MT,Refinance,Primary,Condo,ServicerD,2021
LN0000263,2021-11,92000,6.125,360,620-659,61-70,44-50,SD,Refinance,Primary,Condo,ServicerC,2021
LN0000264,2019-10,194000,2.5,360,700-739,<=60,44-50,MT,Refinance,Primary,Condo,ServicerC,2019
LN0000265,2022-05,203000,3.25,240,780+,<=60,37-43,WY,Purchase,Primary,Co-op,ServicerD,2022
LN0000266,2021-09,371000,4.25,180,740-779,81-90,44-50,SD,Cash-Out Refinance,Primary,Multi-Family,ServicerE,2021
LN0000267,2018-05,76000,3.25,360,740-779,81-90,37-43,WY,Purchase,Primary,PUD,ServicerD,2018
LN0000268,2020-04,48000,5.125,360,740-779,81-90,37-43,NM,Refinance,Primary,Multi-Family,ServicerA,2020
LN0000269,2021-10,112000,7.125,180,660-699,81-90,<=28,NE,Refinance,Primary,PUD,ServicerB,2021
LN0000270,2022-11,125000,7.375,120,660-699,96-100,44-50,MT,Refinance,Primary,Single Family,ServicerD,2022
LN0000271,2020-08,1134000,3.5,360,740-779,91-95,37-43,DE,Purchase,Primary,PUD,ServicerE,2020
LN0000272,2021-08,114000,6.25,360,740-779,<=60,>50,AK,Refinance,Primary,PUD,ServicerC,2021
LN0000273,2019-09,96000,7.99,360,780+,71-80,37-43,ID,Purchase,Primary,Multi-Family,ServicerC,2019
LN0000274,2021-12,122000,2.75,360,780+,71-80,44-50,ID,Purchase,Investment,Condo,ServicerB,2021
LN0000275,2019-11,107000,4.25,360,700-739,91-95,37-43,MT,Purchase,Primary,Co-op,ServicerE,2019
LN0000276,2018-05,413000,3.0,360,700-739,81-90,44-50,HI,Cash-Out Refinance,Secondary,Multi-Family,ServicerD,2018
LN0000277,2022-11,226000,6.5,360,740-779,<=60,37-43,MT,Other,Primary,Condo,ServicerA,2022
LN0000278,2022-06,183000,8.25,360,740-779,<=60,37-43,WV,Refinance,Primary,PUD,ServicerA,2022
LN0000279,2018-04,190000,5.0,360,740-779,71-80,37-43,ID,Cash-Out Refinance,Primary,Multi-Family,ServicerB,2018
LN0000280,2020-04,246000,2.375,360,740-779,,29-36,HI,Cash-Out Refinance,Primary,Co-op,ServicerB,2020
LN0000281,2019-03,113000,2.375,360,780+,96-100,37-43,NH,Cash-Out Refinance,Primary,Co-op,ServicerB,2019
LN0000282,2018-01,132000,5.25,360,660-699,<=60,37-43,NE,Other,Primary,Single Family,ServicerA,2018
LN0000283,2019-08,171000,6.375,360,660-699,81-90,37-43,ID,Purchase,Primary,Multi-Family,ServicerE,2019
LN0000284,2022-02,267000,2.75,360,620-659,61-70,37-43,MS,Refinance,Primary,PUD,ServicerC,2022
LN0000285,2021-07,110000,2.5,360,700-739,<=60,44-50,WV,Other,Primary,PUD,ServicerA,2021
LN0000286,2022-04,153000,6.375,360,<620,<=60,44-50,NH,Refinance,Primary,PUD,ServicerB,2022
LN0000287,2021-08,190000,2.875,360,700-739,<=60,37-43,NM,Purchase,Primary,Co-op,ServicerC,2021
LN0000288,2021-04,316000,6.5,240,700-739,<=60,44-50,ID,Purchase,Investment,Co-op,ServicerA,2021
LN0000289,2019-11,153000,5.375,360,660-699,96-100,44-50,VT,Purchase,Investment,Multi-Family,ServicerB,2019
LN0000290,2018-02,120000,3.125,180,700-739,81-90,44-50,DE,Other,Primary,PUD,ServicerB,2018
LN0000291,2021-04,397000,3.3,360,<620,96-100,>50,KS,Purchase,Primary,Co-op,ServicerB,2021
LN0000292,2019-12,50000,5.0,360,,<=60,29-36,KS,Purchase,Primary,Co-op,ServicerD,2019
LN0000293,2022-08,117000,6.68,180,780+,71-80,44-50,NH,Refinance,Investment,Co-op,ServicerE,2022
LN0000294,2018-09,218000,3.625,360,660-699,<=60,37-43,NE,Purchase,Primary,Single Family,ServicerA,2018
LN0000295,2019-02,357000,3.75,360,620-659,96-100,>50,RI,Purchase,Primary,Multi-Family,ServicerA,2019
LN0000296,2021-03,120000,3.375,180,700-739,96-100,37-43,NV,Purchase,Primary,Condo,ServicerE,2021
LN0000297,2021-11,122000,2.875,360,740-779,71-80,44-50,RI,Cash-Out Refinance,Primary,Single Family,ServicerE,2021
LN0000298,2022-09,164000,6.25,240,660-699,<=60,37-43,NH,Refinance,Primary,Condo,ServicerB,2022
LN0000299,2022-06,121000,4.0,360,740-779,91-95,37-43,DE,Purchase,Primary,Single Family,ServicerA,2022
LN0000300,2021-10,384000,2.75,360,620-659,81-90,44-50,VT,Other,Primary,PUD,ServicerC,2021
LN0000301,2022-07,189000,8.4,120,<620,91-95,<=28,KS,Purchase,Investment,Single Family,ServicerD,2022
LN0000302,2022-08,88000,5.15,360,700-739,81-90,37-43,MT,Purchase,Secondary,PUD,ServicerA,2022
LN0000303,2019-12,139000,6.125,360,700-739,91-95,<=28,DE,Other,Primary,Condo,ServicerC,2019
LN0000304,2021-08,123000,11.25,360,740-779,91-95,>50,MT,Refinance,Primary,Multi-Family,ServicerA,2021
LN0000305,2020-04,166000,3.875,360,740-779,<=60,>50,NE,Purchase,Primary,Multi-Family,ServicerE,2020
LN0000306,2020-09,87000,3.25,360,780+,71-80,44-50,SD,Purchase,Primary,Multi-Family,ServicerE,2020
LN0000307,2021-11,157000,4.45,360,700-739,61-70,37-43,NH,Purchase,Primary,Multi-Family,ServicerE,2021
LN0000308,2019-05,271000,2.5,360,660-699,96-100,37-43,MT,Purchase,Primary,Co-op,ServicerD,2019
LN0000309,2021-02,217000,2.5,360,740-779,71-80,37-43,ID,Refinance,Primary,Co-op,ServicerD,2021
LN0000310,2020-04,94000,6.25,180,660-699,81-90,37-43,RI,Purchase,Primary,Single Family,ServicerE,2020
LN0000311,2020-06,82000,2.75,360,700-739,91-95,37-43,NE,Refinance,Primary,Co-op,ServicerE,2020
LN0000312,2020-09,252000,7.5,360,<620,96-100,44-50,ID,Purchase,Primary,PUD,ServicerA,2020
LN0000313,2018-03,171000,4.0,360,<620,91-95,>50,MT,Cash-Out Refinance,Primary,Single Family,ServicerD,2018
LN0000314,2019-04,125000,2.875,180,780+,<=60,44-50,RI,Refinance,Primary,PUD,ServicerA,2019
LN0000315,2021-12,196000,7.0,240,780+,<=60,37-43,WV,Purchase,Primary,Condo,ServicerA,2021
LN0000316,2019-12,329000,3.75,360,740-779,,44-50,NH,Refinance,Primary,Co-op,ServicerE,2019
LN0000317,2019-02,146000,2.75,360,700-739,<=60,44-50,KS,Refinance,Primary,Condo,ServicerB,2019
LN0000318,2021-07,196000,7.325,360,620-659,>100,>50,NE,Refinance,Primary,Single Family,ServicerC,2021
LN0000319,2020-09,226000,5.29,360,620-659,71-80,44-50,NH,Refinance,Investment,Co-op,ServicerC,2020
LN0000320,2021-07,214000,2.5,360,660-699,81-90,<=28,NE,Purchase,Primary,Co-op,ServicerB,2021
LN0000321,2018-04,162000,3.25,360,700-739,96-100,44-50,NM,Purchase,Primary,Single Family,ServicerA,2018
LN0000322,2021-07,191000,2.75,180,740-779,81-90,44-50,,Refinance,Primary,PUD,ServicerA,2021
LN0000323,2022-12,155000,6.5,240,740-779,71-80,37-43,ID,Purchase,Investment,Multi-Family,ServicerB,2022
LN0000324,2018-10,169000,3.75,360,,61-70,,DE,Purchase,Primary,PUD,ServicerA,2018
LN0000325,2021-08,72000,2.625,360,780+,91-95,>50,ID,Refinance,Primary,PUD,ServicerD,2021
LN0000326,2018-06,123000,2.625,360,740-779,71-80,44-50,ID,Cash-Out Refinance,Primary,Co-op,ServicerC,2018
LN0000327,2020-07,279000,7.875,360,700-739,<=60,29-36,NE,Purchase,Primary,Single Family,ServicerE,2020
LN0000328,2021-09,92000,2.875,360,740-779,<=60,<=28,MT,Refinance,Primary,Condo,ServicerD,2021
LN0000329,2022-10,219000,5.75,360,700-739,91-95,44-50,WY,Refinance,Secondary,Condo,ServicerB,2022
LN0000330,2019-08,73000,4.99,360,660-699,<=60,29-36,KS,Purchase,Primary,PUD,ServicerA,2019
LN0000331,2019-05,530000,5.125,360,660-699,61-70,>50,NE,Purchase,Primary,PUD,ServicerC,2019
LN0000332,2021-08,79000,3.125,360,740-779,61-70,>50,MS,Other,Primary,Co-op,ServicerE,2021
LN0000333,2018-07,271000,3.0,360,<620,71-80,37-43,ND,Purchase,Primary,Condo,ServicerE,2018
LN0000334,2020-11,250000,2.75,180,620-659,<=60,29-36,RI,Cash-Out Refinance,Primary,Co-op,ServicerB,2020
LN0000335,2021-12,111000,2.75,240,<620,>100,29-36,ID,Refinance,Primary,PUD,ServicerC,2021
LN0000336,2019-08,84000,3.25,360,<620,71-80,>50,WY,Cash-Out Refinance,Primary,Condo,ServicerA,2019
LN0000337,2019-10,156000,2.875,360,780+,81-90,37-43,NE,Refinance,Primary,Co-op,ServicerB,2019
LN0000338,2022-01,150000,2.75,360,740-779,96-100,37-43,SD,Purchase,Primary,Multi-Family,ServicerD,2022
LN0000339,2021-10,86000,4.75,180,700-739,<=60,37-43,SD,Refinance,Primary,Co-op,ServicerE,2021
LN0000340,2022-11,108000,4.0,360,620-659,<=60,29-36,NE,Cash-Out Refinance,Primary,Multi-Family,ServicerC,2022
LN0000341,2018-02,147000,6.49,120,700-739,71-80,<=28,ND,Purchase,Primary,Single Family,ServicerD,2018
LN0000342,2021-03,224000,4.125,360,700-739,81-90,44-50,NH,Refinance,Primary,Single Family,ServicerC,2021
LN0000343,2021-03,204000,4.125,360,620-659,81-90,<=28,ND,Cash-Out Refinance,Primary,PUD,ServicerC,2021
LN0000344,2018-05,78000,3.75,360,700-739,71-80,44-50,NH,Refinance,Primary,Single Family,ServicerE,2018
LN0000345,2021-06,100000,3.25,360,700-739,<=60,37-43,NH,Refinance,Primary,Multi-Family,ServicerE,2021
LN0000346,2019-08,129000,2.875,360,740-779,<=60,44-50,NH,Cash-Out Refinance,Primary,Condo,ServicerB,2019
LN0000347,2020-06,201000,3.125,360,740-779,96-100,29-36,WV,Purchase,Investment,PUD,ServicerC,2020
LN0000348,2021-05,200000,3.125,360,<620,71-80,29-36,ID,Refinance,Primary,Condo,ServicerB,2021
LN0000349,2021-05,149000,8.44,360,660-699,81-90,>50,ND,Refinance,Primary,Single Family,ServicerB,2021
LN0000350,2018-08,198000,2.999,360,740-779,<=60,37-43,SD,Purchase,Primary,Condo,ServicerB,2018
LN0000351,2018-12,293000,7.375,360,700-739,96-100,>50,ID,Other,Primary,Co-op,ServicerC,2018
LN0000352,2022-01,88000,3.75,360,780+,71-80,37-43,NE,Refinance,Primary,Multi-Family,ServicerB,2022
LN0000353,2020-04,298000,7.375,180,740-779,96-100,>50,NE,Refinance,Primary,Co-op,ServicerC,2020
LN0000354,2018-11,782000,3.5,360,620-659,71-80,<=28,ID,Purchase,Secondary,Multi-Family,ServicerC,2018
LN0000355,2018-01,304000,5.5,360,<620,91-95,>50,ID,Refinance,Primary,Single Family,ServicerE,2018
LN0000356,2019-04,100000,2.5,360,740-779,71-80,<=28,KS,Purchase,Primary,PUD,ServicerE,2019
LN0000357,2018-10,186000,4.5,360,<620,96-100,>50,NM,Purchase,Primary,Condo,ServicerC,2018
LN0000358,2019-04,212000,2.75,360,700-739,61-70,44-50,ID,Cash-Out Refinance,Primary,Multi-Family,ServicerA,2019
LN0000359,2019-08,77000,3.375,360,780+,71-80,44-50,NH,Cash-Out Refinance,Primary,Single Family,ServicerD,2019
LN0000360,2018-10,528000,2.99,180,700-739,81-90,>50,ID,Refinance,Primary,Co-op,ServicerD,2018
LN0000361,2019-08,241000,3.75,180,700-739,91-95,37-43,ID,Cash-Out Refinance,Primary,Co-op,ServicerC,2019
LN0000362,2020-06,201000,3.25,360,740-779,>100,29-36,ID,Purchase,Primary,PUD,ServicerC,2020
LN0000363,2019-10,140000,6.75,180,700-739,71-80,,RI,Cash-Out Refinance,Primary,Multi-Family,ServicerD,2019
LN0000364,2022-12,100000,3.0,360,700-739,71-80,44-50,MS,Cash-Out Refinance,Primary,Multi-Family,ServicerB,2022
LN0000365,2018-03,317000,3.75,120,,71-80,37-43,ID,Refinance,Primary,Condo,ServicerC,2018
LN0000366,2020-02,73000,3.0,360,700-739,71-80,29-36,VT,Purchase,Primary,Condo,ServicerE,2020
LN0000367,2022-01,204000,3.874,360,780+,<=60,29-36,NM,Purchase,Primary,Single Family,ServicerA,2022
LN0000368,2020-10,197000,3.25,360,780+,71-80,37-43,NH,Purchase,Primary,Single Family,ServicerC,2020
LN0000369,2021-07,84000,7.0,360,620-659,,44-50,AK,Purchase,Primary,PUD,ServicerB,2021
LN0000370,2019-02,90000,3.125,240,<620,<=60,44-50,,Refinance,Primary,Co-op,ServicerA,2019
LN0000371,2022-12,86000,4.625,180,620-659,91-95,44-50,ID,Other,Primary,Co-op,ServicerE,2022
LN0000372,2019-02,296000,5.5,360,<620,61-70,37-43,HI,Cash-Out Refinance,Primary,Condo,ServicerE,2019
LN0000373,2020-11,432000,2.99,360,620-659,71-80,37-43,ID,Other,Primary,Single Family,ServicerB,2020
LN0000374,2022-02,286000,3.0,360,740-779,81-90,29-36,NE,Other,Primary,Condo,ServicerD,2022
LN0000375,2022-01,126000,2.75,180,<620,96-100,37-43,ID,Purchase,Primary,Single Family,ServicerE,2022
LN0000376,2020-09,247000,2.015,360,660-699,<=60,>50,HI,Refinance,Primary,Condo,ServicerD,2020
LN0000377,2021-11,204000,5.625,360,780+,71-80,>50,NH,Cash-Out Refinance,Primary,PUD,ServicerE,2021
LN0000378,2020-02,286000,4.125,360,<620,96-100,44-50,ID,Purchase,Primary,PUD,ServicerE,2020
LN0000379,2022-11,85000,2.75,360,740-779,71-80,44-50,MT,Refinance,Primary,Co-op,ServicerE,2022
LN0000380,2020-01,62000,2.875,360,660-699,91-95,37-43,NE,Purchase,Primary,Multi-Family,ServicerB,2020
LN0000381,2021-08,201000,3.875,360,620-659,71-80,44-50,MT,Purchase,Primary,Single Family,ServicerC,2021
LN0000382,2018-07,346000,8.25,360,740-779,81-90,>50,DE,Other,Primary,Co-op,ServicerD,2018
LN0000383,2020-11,184000,4.75,360,740-779,<=60,>50,NM,Purchase,Primary,Co-op,ServicerC,2020
LN0000384,2021-12,42000,2.625,360,780+,<=60,<=28,DE,Purchase,Primary,Condo,ServicerB,2021
LN0000385,2019-07,243000,5.0,240,740-779,71-80,<=28,RI,Cash-Out Refinance,Primary,Co-op,ServicerB,2019
LN0000386,2019-12,206000,10.125,360,740-779,71-80,37-43,NE,Purchase,Primary,Condo,ServicerA,2019
LN0000387,2022-11,118000,8.0,360,660-699,61-70,44-50,RI,Refinance,Primary,Condo,ServicerB,2022
LN0000388,2020-10,209000,6.625,360,620-659,81-90,37-43,ID,Cash-Out Refinance,Primary,Single Family,ServicerB,2020
LN0000389,2022-08,376000,3.75,360,740-779,81-90,29-36,RI,Cash-Out Refinance,Primary,Condo,ServicerA,2022
LN0000390,2021-07,78000,4.0,360,740-779,>100,29-36,NE,Purchase,Primary,Condo,ServicerD,2021
LN0000391,2022-05,161000,3.0,360,780+,71-80,37-43,NH,Purchase,Primary,Single Family,ServicerB,2022
LN0000392,2020-04,140000,5.5,240,700-739,,29-36,VT,Purchase,Primary,PUD,ServicerA,2020
LN0000393,2018-05,141000,3.5,360,660-699,71-80,44-50,ID,Refinance,Primary,Single Family,ServicerC,2018
LN0000394,2021-04,269000,4.25,360,740-779,71-80,37-43,MS,Purchase,Primary,Multi-Family,ServicerC,2021
LN0000395,2021-10,129000,4.0,360,660-699,81-90,>50,ID,Cash-Out Refinance,Primary,Single Family,ServicerA,2021
LN0000396,2022-11,92000,6.875,360,780+,81-90,37-43,MT,Purchase,Secondary,Co-op,ServicerE,2022
LN0000397,2021-06,424000,7.25,360,780+,91-95,29-36,ID,Purchase,Primary,Co-op,ServicerD,2021
LN0000398,2018-08,144000,7.125,360,700-739,<=60,<=28,NE,Purchase,Primary,Multi-Family,ServicerD,2018
LN0000399,2020-03,75000,8.95,360,740-779,96-100,44-50,NE,Refinance,Primary,Multi-Family,ServicerA,2020
LN0000400,2021-04,113000,2.5,180,740-779,<=60,29-36,NV,Cash-Out Refinance,Primary,Co-op,ServicerD,2021
LN0000401,2020-05,142000,4.5,360,620-659,<=60,>50,ID,Refinance,Primary,PUD,ServicerA,2020
LN0000402,2020-05,148000,2.625,360,780+,81-90,29-36,WV,Purchase,Primary,Condo,ServicerB,2020
LN0000403,2022-12,179000,2.5,360,700-739,81-90,,MT,Purchase,Primary,Co-op,ServicerD,2022
LN0000404,2020-09,110000,2.75,360,780+,71-80,44-50,ID,Purchase,Primary,Condo,ServicerD,2020
LN0000405,2018-09,130000,8.25,360,660-699,<=60,44-50,NE,Purchase,Primary,Condo,ServicerC,2018
LN0000406,2019-02,414000,5.25,360,780+,96-100,37-43,ID,Cash-Out Refinance,Primary,Condo,ServicerA,2019
LN0000407,2019-12,503000,2.875,360,700-739,91-95,<=28,NE,Purchase,Investment,Co-op,ServicerA,2019
LN0000408,2021-08,105000,4.25,360,<620,81-90,44-50,MT,Cash-Out Refinance,Primary,Single Family,ServicerE,2021
LN0000409,2022-04,181000,5.49,360,780+,81-90,44-50,NE,Cash-Out Refinance,Primary,Co-op,ServicerC,2022
LN0000410,2021-11,111000,3.25,360,620-659,96-100,37-43,WY,Purchase,Primary,Single Family,ServicerC,2021
LN0000411,2021-08,169000,2.25,240,660-699,71-80,29-36,AK,Purchase,Primary,Condo,ServicerA,2021
LN0000412,2018-02,327000,4.125,360,780+,<=60,44-50,ID,Refinance,Primary,PUD,ServicerC,2018
LN0000413,2020-04,117000,5.0,240,780+,<=60,37-43,ID,Refinance,Primary,PUD,ServicerD,2020
LN0000414,2021-12,118000,3.25,360,700-739,91-95,44-50,ID,Cash-Out Refinance,Primary,PUD,ServicerB,2021
LN0000415,2019-05,137000,8.5,360,740-779,61-70,37-43,MS,Purchase,Primary,Multi-Family,ServicerC,2019
LN0000416,2022-06,38000,4.74,360,700-739,81-90,>50,MS,Purchase,Primary,Multi-Family,ServicerB,2022
LN0000417,2021-09,106000,2.49,360,660-699,81-90,<=28,ND,Purchase,Primary,PUD,ServicerE,2021
LN0000418,2022-06,287000,5.875,360,660-699,<=60,44-50,NM,Other,Primary,Condo,ServicerD,2022
LN0000419,2021-12,186000,2.75,360,740-779,81-90,37-43,SD,Purchase,Primary,PUD,ServicerD,2021
LN0000420,2022-06,104000,4.0,180,740-779,61-70,37-43,ID,Refinance,Primary,PUD,ServicerE,2022
LN0000421,2020-12,32000,3.5,360,740-779,91-95,44-50,ND,Purchase,Primary,PUD,ServicerE,2020
LN0000422,2021-05,181000,3.5,360,740-779,96-100,29-36,VT,Purchase,Primary,PUD,ServicerC,2021
LN0000423,2020-05,259000,2.75,360,620-659,91-95,<=28,MT,Refinance,Primary,Multi-Family,ServicerB,2020
LN0000424,2019-02,214000,7.0,360,700-739,71-80,<=28,WV,Cash-Out Refinance,Primary,Co-op,ServicerA,2019
LN0000425,2019-06,161000,3.375,240,<620,>100,29-36,NM,Refinance,Primary,Single Family,ServicerC,2019
LN0000426,2018-12,241000,5.534,360,700-739,96-100,44-50,DE,Refinance,Primary,Condo,ServicerB,2018
LN0000427,2022-12,83000,2.625,360,700-739,91-95,37-43,RI,Cash-Out Refinance,Primary,PUD,ServicerD,2022
LN0000428,2019-04,70000,3.125,360,780+,71-80,29-36,DE,Refinance,Primary,Co-op,ServicerD,2019
LN0000429,2019-12,240000,3.475,180,660-699,96-100,37-43,NE,Purchase,Primary,Multi-Family,ServicerB,2019
LN0000430,2021-05,184000,3.875,360,620-659,,37-43,WV,Other,Primary,Condo,ServicerB,2021
LN0000431,2022-09,157000,2.75,360,620-659,91-95,44-50,DE,Cash-Out Refinance,Primary,Single Family,ServicerC,2022
LN0000432,2022-05,308000,2.875,360,740-779,91-95,29-36,NM,Purchase,Primary,Single Family,ServicerB,2022
LN0000433,2018-04,155000,3.125,360,740-779,61-70,44-50,NE,Refinance,Primary,PUD,ServicerB,2018
LN0000434,2020-04,98000,5.7,360,620-659,71-80,,NM,Refinance,Secondary,Single Family,ServicerE,2020
LN0000435,2020-03,200000,8.16,360,620-659,71-80,29-36,WY,Purchase,Primary,Single Family,ServicerD,2020
LN0000436,2020-01,114000,9.46,360,740-779,<=60,>50,WY,Refinance,Primary,Condo,ServicerE,2020
LN0000437,2022-03,223000,4.625,240,<620,<=60,<=28,,Purchase,Primary,Multi-Family,ServicerB,2022
LN0000438,2020-01,96000,2.875,360,780+,>100,37-43,MS,Purchase,Primary,Condo,ServicerB,2020
LN0000439,2018-09,110000,3.625,360,740-779,<=60,37-43,NE,Refinance,Investment,Co-op,ServicerB,2018
LN0000440,2020-12,415000,3.125,360,620-659,>100,44-50,ID,Cash-Out Refinance,Investment,PUD,ServicerC,2020
LN0000441,2019-11,478000,5.62,180,620-659,<=60,44-50,NH,Refinance,Primary,Condo,ServicerB,2019
LN0000442,2021-02,150000,4.09,360,780+,61-70,37-43,NE,Refinance,Primary,Multi-Family,ServicerA,2021
LN0000443,2018-10,383000,2.875,360,660-699,<=60,,KS,Purchase,Primary,Condo,ServicerD,2018
LN0000444,2020-08,262000,4.25,360,660-699,91-95,29-36,SD,Purchase,Primary,Condo,ServicerB,2020
LN0000445,2021-08,144000,4.5,120,740-779,96-100,37-43,MT,Refinance,Primary,Condo,ServicerD,2021
LN0000446,2020-03,56000,4.25,360,780+,61-70,>50,NV,Purchase,Primary,Co-op,ServicerB,2020
LN0000447,2018-05,158000,2.5,360,780+,71-80,44-50,ID,Refinance,Primary,PUD,ServicerD,2018
LN0000448,2021-02,158000,3.0,360,740-779,61-70,37-43,NM,Refinance,Primary,Condo,ServicerB,2021
LN0000449,2018-07,109000,2.99,360,660-699,<=60,37-43,NH,Cash-Out Refinance,Primary,Single Family,ServicerE,2018
LN0000450,2021-02,355000,6.25,360,620-659,81-90,29-36,WV,Cash-Out Refinance,Primary,PUD,ServicerD,2021
LN0000451,2022-11,128000,3.25,360,740-779,96-100,<=28,ID,Cash-Out Refinance,Primary,Multi-Family,ServicerB,2022
LN0000452,2018-03,170000,3.95,180,700-739,71-80,44-50,ID,Cash-Out Refinance,Primary,Condo,ServicerA,2018
LN0000453,2019-10,160000,2.875,360,700-739,96-100,37-43,ID,Purchase,Investment,Co-op,ServicerC,2019
LN0000454,2020-02,66000,2.25,360,780+,61-70,>50,SD,Purchase,Primary,Multi-Family,ServicerB,2020
LN0000455,2019-02,207000,2.69,360,620-659,71-80,37-43,VT,Refinance,Primary,PUD,ServicerC,2019
LN0000456,2022-07,109000,2.375,360,700-739,<=60,37-43,KS,Refinance,Primary,Single Family,ServicerC,2022
LN0000457,2022-10,128000,6.99,360,<620,81-90,44-50,ID,Purchase,Primary,Multi-Family,ServicerC,2022
LN0000458,2022-04,182000,3.75,360,700-739,71-80,37-43,VT,Refinance,Primary,Multi-Family,ServicerC,2022
LN0000459,2022-07,162000,3.625,360,,81-90,<=28,NH,Refinance,Primary,Single Family,ServicerB,2022
LN0000460,2021-08,214000,4.25,360,620-659,81-90,44-50,AK,Purchase,Secondary,Co-op,ServicerE,2021
LN0000461,2020-10,206000,2.25,360,620-659,61-70,37-43,HI,Purchase,Investment,Single Family,ServicerB,2020
LN0000462,2021-05,85000,2.875,120,740-779,71-80,44-50,NH,Other,Primary,Co-op,ServicerB,2021
LN0000463,2022-10,60000,4.875,180,740-779,<=60,37-43,NE,Purchase,Primary,PUD,ServicerE,2022
LN0000464,2018-10,417000,3.0,360,700-739,<=60,37-43,ID,Refinance,Primary,Co-op,ServicerD,2018
LN0000465,2018-04,68000,2.75,180,780+,<=60,>50,AK,Purchase,Primary,Single Family,ServicerE,2018
LN0000466,2019-05,133000,3.875,360,660-699,71-80,>50,ID,Purchase,Primary,Condo,ServicerA,2019
LN0000467,2018-03,109000,2.25,180,660-699,71-80,>50,NH,Cash-Out Refinance,Primary,Single Family,ServicerC,2018
LN0000468,2019-03,159000,2.75,360,780+,<=60,44-50,ND,Purchase,Primary,Multi-Family,ServicerC,2019
LN0000469,2022-02,152000,5.75,360,660-699,61-70,44-50,MT,Purchase,Secondary,Multi-Family,ServicerE,2022
LN0000470,2019-01,155000,5.0,360,780+,81-90,37-43,KS,Purchase,Primary,Multi-Family,ServicerC,2019
LN0000471,2021-08,193000,2.375,360,<620,<=60,37-43,MT,Refinance,Primary,Multi-Family,ServicerB,2021
LN0000472,2022-08,138000,3.5,360,780+,<=60,37-43,ID,Purchase,Primary,PUD,ServicerA,2022
LN0000473,2020-01,130000,5.0,360,<620,61-70,29-36,NH,Purchase,Primary,Multi-Family,ServicerC,2020
LN0000474,2019-05,191000,6.5,180,780+,91-95,44-50,WY,Cash-Out Refinance,Investment,Single Family,ServicerE,2019
LN0000475,2020-12,192000,3.25,180,700-739,61-70,44-50,ND,Purchase,Primary,Condo,ServicerA,2020
LN0000476,2021-02,256000,7.9,180,780+,71-80,<=28,AK,Cash-Out Refinance,Primary,PUD,ServicerA,2021
LN0000477,2019-05,111000,2.75,360,<620,81-90,44-50,ID,Refinance,Primary,PUD,ServicerB,2019
LN0000478,2022-11,588000,3.125,360,700-739,71-80,44-50,ID,Purchase,Primary,Multi-Family,ServicerC,2022
LN0000479,2019-07,321000,4.99,360,780+,71-80,44-50,NE,Refinance,Primary,PUD,ServicerC,2019
LN0000480,2018-09,127000,6.125,360,700-739,71-80,37-43,RI,Refinance,Investment,Co-op,ServicerA,2018
LN0000481,2019-11,41000,4.375,180,740-779,<=60,37-43,,Cash-Out Refinance,Primary,Condo,ServicerC,2019
LN0000482,2019-05,111000,2.875,360,740-779,61-70,29-36,SD,Refinance,Primary,PUD,ServicerA,2019
LN0000483,2019-02,175000,3.0,360,700-739,<=60,>50,ID,Purchase,Primary,Condo,ServicerA,2019
LN0000484,2018-03,194000,3.125,360,740-779,<=60,44-50,NM,Purchase,Primary,Multi-Family,ServicerB,2018
LN0000485,2020-10,187000,4.25,360,700-739,81-90,37-43,NE,Refinance,Primary,Condo,ServicerB,2020
LN0000486,2022-05,387000,4.85,360,780+,>100,44-50,NE,Refinance,Primary,Condo,ServicerA,2022
LN0000487,2021-02,158000,2.625,360,,<=60,37-43,VT,Purchase,Primary,PUD,ServicerD,2021
LN0000488,2021-12,129000,5.0,240,660-699,96-100,37-43,DE,Refinance,Primary,Single Family,ServicerB,2021
LN0000489,2020-12,246000,9.0,360,780+,71-80,,NE,Refinance,Primary,Condo,ServicerE,2020
LN0000490,2021-05,226000,4.99,360,780+,61-70,44-50,,Other,Primary,PUD,ServicerE,2021
LN0000491,2022-09,224000,8.0,360,700-739,91-95,29-36,RI,Other,Primary,PUD,ServicerD,2022
LN0000492,2021-08,436000,2.49,360,,71-80,44-50,NE,Purchase,Primary,Co-op,ServicerE,2021
LN0000493,2018-10,122000,7.0,360,660-699,81-90,37-43,ID,Purchase,Primary,PUD,ServicerC,2018
LN0000494,2018-07,144000,4.59,180,620-659,<=60,29-36,AK,Refinance,Primary,Condo,ServicerC,2018
LN0000495,2020-10,256000,6.49,240,700-739,96-100,29-36,MS,Purchase,Primary,Condo,ServicerB,2020
LN0000496,2020-01,126000,2.75,360,660-699,<=60,37-43,ID,Purchase,Primary,Condo,ServicerA,2020
LN0000497,2018-04,146000,2.99,360,700-739,<=60,>50,MS,Purchase,Primary,Single Family,ServicerA,2018
LN0000498,2022-10,268000,3.25,360,<620,,37-43,ID,Purchase,Primary,PUD,ServicerD,2022
LN0000499,2018-11,146000,3.875,180,780+,91-95,37-43,NV,Refinance,Primary,PUD,ServicerB,2018
LN0000500,2020-10,47000,2.7,360,780+,61-70,37-43,RI,Cash-Out Refinance,Primary,Condo,ServicerE,2020
LN0000501,2018-03,188000,6.5,360,740-779,96-100,44-50,KS,Refinance,Primary,Multi-Family,ServicerC,2018
LN0000502,2021-09,393000,4.25,360,,<=60,29-36,ID,Cash-Out Refinance,Primary,Condo,ServicerE,2021
LN0000503,2021-05,122000,5.25,360,660-699,<=60,,KS,Purchase,Primary,Co-op,ServicerA,2021
LN0000504,2019-10,117000,6.75,360,740-779,71-80,37-43,ID,Purchase,Primary,Multi-Family,ServicerA,2019
LN0000505,2021-11,209000,3.99,180,740-779,61-70,44-50,WY,Refinance,Primary,Single Family,ServicerD,2021
LN0000506,2021-02,241000,4.125,360,620-659,71-80,44-50,AK,Purchase,Primary,Condo,ServicerA,2021
LN0000507,2021-06,69000,6.375,360,780+,81-90,29-36,NE,Purchase,Primary,Condo,ServicerB,2021
LN0000508,2021-06,268000,2.875,180,780+,<=60,37-43,AK,Refinance,Primary,Condo,ServicerB,2021
LN0000509,2020-11,88000,2.625,360,780+,71-80,37-43,ID,Refinance,Primary,Condo,ServicerE,2020
LN0000510,2018-03,132000,7.99,180,740-779,<=60,37-43,ND,Cash-Out Refinance,Primary,Multi-Family,ServicerB,2018
LN0000511,2020-07,132000,2.75,360,740-779,91-95,44-50,KS,Purchase,Primary,Co-op,ServicerD,2020
LN0000512,2021-05,296000,5.75,360,700-739,71-80,44-50,NV,Refinance,Primary,Multi-Family,ServicerA,2021
LN0000513,2021-09,324000,3.625,360,780+,91-95,29-36,NE,Purchase,Primary,Multi-Family,ServicerC,2021
LN0000514,2018-08,193000,3.2,180,780+,<=60,44-50,NH,Purchase,Primary,Multi-Family,ServicerB,2018
LN0000515,2018-06,50000,2.125,360,<620,81-90,<=28,SD,Purchase,Primary,PUD,ServicerE,2018
LN0000516,2020-06,244000,3.125,120,<620,<=60,44-50,HI,Purchase,Primary,PUD,ServicerC,2020
LN0000517,2018-07,105000,3.5,240,660-699,81-90,29-36,MT,Refinance,Primary,Co-op,ServicerA,2018
LN0000518,2022-01,222000,3.5,360,740-779,91-95,37-43,NE,Purchase,Primary,Single Family,ServicerA,2022
LN0000519,2022-08,384000,3.375,360,780+,91-95,<=28,DE,Cash-Out Refinance,Primary,PUD,ServicerE,2022
LN0000520,2021-01,62000,7.75,360,620-659,<=60,,MT,Refinance,Primary,Single Family,ServicerD,2021
LN0000521,2019-09,133000,4.99,180,700-739,61-70,37-43,HI,Purchase,Primary,Condo,ServicerC,2019
LN0000522,2020-10,234000,2.25,180,700-739,81-90,37-43,ID,Cash-Out Refinance,Primary,Single Family,ServicerD,2020
LN0000523,2021-11,103000,2.375,240,780+,<=60,44-50,RI,Refinance,Primary,PUD,ServicerB,2021
LN0000524,2021-01,100000,4.75,360,780+,96-100,44-50,,Purchase,Primary,PUD,ServicerC,2021
LN0000525,2019-05,112000,2.875,240,780+,71-80,29-36,MS,Purchase,Primary,PUD,ServicerC,2019
LN0000526,2022-03,207000,1.49,360,700-739,>100,29-36,NE,Purchase,Investment,Single Family,ServicerE,2022
LN0000527,2020-08,237000,2.75,360,700-739,<=60,44-50,NH,Refinance,Primary,PUD,ServicerD,2020
LN0000528,2021-02,51000,2.0,360,660-699,71-80,44-50,MT,Purchase,Primary,PUD,ServicerD,2021
LN0000529,2018-11,392000,5.375,360,<620,<=60,44-50,WV,Purchase,Investment,Co-op,ServicerC,2018
LN0000530,2022-04,65000,2.0,360,780+,81-90,44-50,MT,Refinance,Primary,Condo,ServicerD,2022
LN0000531,2019-05,133000,3.875,180,740-779,81-90,>50,NH,Cash-Out Refinance,Investment,Condo,ServicerC,2019
LN0000532,2022-01,145000,3.75,360,780+,71-80,29-36,DE,Purchase,Primary,Condo,ServicerA,2022
LN0000533,2022-07,83000,8.0,180,780+,71-80,37-43,NH,Cash-Out Refinance,Primary,Co-op,ServicerB,2022
LN0000534,2018-04,80000,3.99,120,700-739,96-100,44-50,NV,Refinance,Primary,Co-op,ServicerC,2018
LN0000535,2018-08,95000,2.49,180,740-779,81-90,44-50,NH,Purchase,Primary,Condo,ServicerE,2018
LN0000536,2018-11,80000,5.125,360,780+,71-80,,VT,Purchase,Primary,Multi-Family,ServicerB,2018
LN0000537,2019-08,144000,4.99,360,780+,96-100,44-50,ID,Refinance,Primary,Multi-Family,ServicerB,2019
LN0000538,2020-09,495000,6.25,360,660-699,<=60,29-36,NH,Refinance,Primary,Multi-Family,ServicerA,2020
LN0000539,2020-07,132000,6.875,360,700-739,,29-36,NM,Refinance,Primary,Co-op,ServicerC,2020
LN0000540,2021-08,101000,4.375,360,620-659,71-80,37-43,ID,Refinance,Primary,Co-op,ServicerA,2021
LN0000541,2019-08,59000,1.25,360,780+,71-80,29-36,ID,Refinance,Primary,Single Family,ServicerB,2019
LN0000542,2022-03,137000,5.5,360,740-779,91-95,37-43,MS,Other,Primary,PUD,ServicerE,2022
LN0000543,2021-04,91000,2.75,240,660-699,96-100,>50,VT,Refinance,Investment,PUD,ServicerA,2021
LN0000544,2022-09,66000,2.125,360,740-779,,>50,NH,Purchase,Primary,Co-op,ServicerE,2022
LN0000545,2019-02,89000,2.75,360,740-779,96-100,37-43,WV,Refinance,Primary,Single Family,ServicerA,2019
LN0000546,2020-07,228000,5.99,180,660-699,71-80,>50,RI,Refinance,Primary,Co-op,ServicerD,2020
LN0000547,2020-09,115000,2.75,360,620-659,81-90,37-43,AK,Purchase,Investment,Multi-Family,ServicerC,2020
LN0000548,2020-01,328000,4.99,240,740-779,<=60,<=28,NH,Purchase,Secondary,Condo,ServicerB,2020
LN0000549,2020-12,129000,2.99,360,700-739,61-70,37-43,NE,Refinance,Primary,Multi-Family,ServicerB,2020
LN0000550,2020-10,112000,2.25,360,740-779,61-70,<=28,NH,Refinance,Primary,Single Family,ServicerA,2020
LN0000551,2022-11,96000,5.0,360,700-739,<=60,44-50,AK,Purchase,Primary,PUD,ServicerD,2022
LN0000552,2021-03,260000,5.125,360,780+,<=60,<=28,HI,Refinance,Primary,Co-op,ServicerD,2021
LN0000553,2021-09,200000,4.34,120,700-739,81-90,44-50,NH,Purchase,Primary,Co-op,ServicerA,2021
LN0000554,2021-06,218000,2.25,360,700-739,96-100,29-36,HI,Purchase,Primary,Co-op,ServicerA,2021
LN0000555,2020-09,151000,2.75,360,780+,61-70,,ID,Cash-Out Refinance,Primary,Single Family,ServicerC,2020
LN0000556,2022-07,170000,6.625,240,700-739,<=60,37-43,ID,Refinance,Primary,Single Family,ServicerA,2022
LN0000557,2021-06,136000,6.375,240,620-659,71-80,37-43,NH,Purchase,Primary,Condo,ServicerE,2021
LN0000558,2019-12,376000,5.875,360,<620,96-100,37-43,NE,Purchase,Primary,Co-op,ServicerB,2019
LN0000559,2019-10,225000,3.0,360,740-779,71-80,37-43,SD,Refinance,Primary,Multi-Family,ServicerD,2019
LN0000560,2021-04,172000,2.875,360,740-779,61-70,44-50,WY,Purchase,Primary,Condo,ServicerB,2021
LN0000561,2021-01,193000,6.0,360,740-779,<=60,29-36,RI,Refinance,Primary,Multi-Family,ServicerA,2021
LN0000562,2020-12,165000,9.5,360,660-699,<=60,37-43,MS,Cash-Out Refinance,Primary,Multi-Family,ServicerD,2020
LN0000563,2021-12,84000,2.25,360,620-659,<=60,37-43,NM,Purchase,Primary,Single Family,ServicerA,2021
LN0000564,2021-07,68000,2.99,180,<620,<=60,44-50,AK,Purchase,Primary,Condo,ServicerE,2021
LN0000565,2019-08,60000,3.99,360,660-699,71-80,37-43,WV,Refinance,Primary,Condo,ServicerD,2019
LN0000566,2018-03,371000,3.19,360,700-739,91-95,<=28,AK,Purchase,Primary,Single Family,ServicerD,2018
LN0000567,2022-10,371000,2.875,360,700-739,71-80,44-50,MT,Cash-Out Refinance,Primary,Single Family,ServicerD,2022
LN0000568,2020-02,389000,5.375,360,700-739,<=60,44-50,NH,Purchase,Primary,Co-op,ServicerE,2020
LN0000569,2021-02,55000,5.25,240,780+,71-80,29-36,NM,Refinance,Primary,Condo,ServicerD,2021
LN0000570,2022-08,216000,5.375,360,660-699,71-80,44-50,NE,Purchase,Primary,Co-op,ServicerB,2022
LN0000571,2018-12,172000,9.75,360,700-739,<=60,29-36,NE,Purchase,Primary,Single Family,ServicerB,2018
LN0000572,2019-07,221000,5.125,360,740-779,96-100,44-50,RI,Cash-Out Refinance,Primary,Co-op,ServicerC,2019
LN0000573,2019-02,176000,3.0,360,700-739,,37-43,,Purchase,Primary,PUD,ServicerE,2019
LN0000574,2021-05,165000,5.75,360,740-779,71-80,29-36,NE,Cash-Out Refinance,Primary,Condo,ServicerE,2021
LN0000575,2020-10,111000,6.0,360,780+,71-80,<=28,WV,Purchase,Primary,PUD,ServicerB,2020
LN0000576,2021-11,197000,2.875,240,780+,<=60,37-43,NE,Refinance,Investment,Co-op,ServicerD,2021
LN0000577,2018-06,74000,3.0,360,620-659,91-95,37-43,RI,Refinance,Primary,Single Family,ServicerE,2018
LN0000578,2022-07,143000,3.125,360,780+,71-80,,VT,Purchase,Primary,PUD,ServicerE,2022
LN0000579,2020-11,258000,3.125,360,700-739,96-100,29-36,KS,Refinance,Primary,Co-op,ServicerB,2020
LN0000580,2021-09,235000,3.875,180,660-699,96-100,44-50,KS,Purchase,Primary,Multi-Family,ServicerE,2021
LN0000581,2018-10,308000,4.55,360,700-739,71-80,44-50,ND,Purchase,Primary,Co-op,ServicerE,2018
LN0000582,2018-04,225000,2.49,360,780+,<=60,44-50,WV,Purchase,Investment,Co-op,ServicerE,2018
LN0000583,2020-04,87000,3.5,360,700-739,71-80,29-36,NH,Purchase,Primary,Condo,ServicerE,2020
LN0000584,2018-07,134000,3.625,360,660-699,71-80,<=28,NH,Purchase,Primary,Condo,ServicerD,2018
LN0000585,2018-11,79000,3.0,240,740-779,71-80,44-50,NH,Refinance,Primary,Co-op,ServicerB,2018
LN0000586,2018-08,44000,5.445,360,660-699,91-95,29-36,NE,Purchase,Investment,Co-op,ServicerE,2018
LN0000587,2019-12,247000,4.0,360,<620,96-100,<=28,ID,Refinance,Primary,PUD,ServicerE,2019
LN0000588,2020-01,185000,3.5,360,620-659,71-80,44-50,NH,Purchase,Investment,Single Family,ServicerE,2020
LN0000589,2018-06,122000,2.6,240,620-659,61-70,37-43,ID,Purchase,Primary,Single Family,ServicerB,2018
LN0000590,2018-05,85000,2.08,360,620-659,71-80,37-43,AK,Purchase,Primary,Multi-Family,ServicerA,2018
LN0000591,2020-06,317000,3.5,180,620-659,81-90,44-50,AK,Other,Primary,Condo,ServicerA,2020
LN0000592,2021-03,145000,4.125,360,740-779,71-80,37-43,ID,Purchase,Primary,Condo,ServicerD,2021
LN0000593,2019-09,277000,7.25,180,620-659,96-100,44-50,NE,Purchase,Primary,Multi-Family,ServicerA,2019
LN0000594,2021-10,222000,3.5,240,660-699,61-70,29-36,NE,Refinance,Primary,Single Family,ServicerA,2021
LN0000595,2019-03,88000,4.0,180,780+,96-100,<=28,NE,Purchase,Secondary,PUD,ServicerC,2019
LN0000596,2019-02,287000,3.125,360,700-739,71-80,37-43,RI,Cash-Out Refinance,Primary,Multi-Family,ServicerC,2019
LN0000597,2022-07,355000,11.75,180,740-779,61-70,44-50,KS,Refinance,Primary,PUD,ServicerA,2022
LN0000598,2022-11,95000,3.0,360,620-659,71-80,37-43,KS,Purchase,Primary,PUD,ServicerC,2022
LN0000599,2019-08,196000,2.25,120,620-659,71-80,44-50,DE,Refinance,Secondary,Multi-Family,ServicerB,2019
LN0000600,2022-03,198000,3.25,180,<620,<=60,37-43,DE,Cash-Out Refinance,Primary,PUD,ServicerD,2022
LN0000601,2019-08,280000,1.99,360,620-659,>100,37-43,ID,Cash-Out Refinance,Primary,Co-op,ServicerB,2019
LN0000602,2020-08,187000,2.75,180,660-699,61-70,37-43,RI,Purchase,Primary,Condo,ServicerC,2020
LN0000603,2020-11,303000,4.75,180,620-659,91-95,37-43,NM,Cash-Out Refinance,Primary,Condo,ServicerE,2020
LN0000604,2018-08,122000,2.625,360,620-659,71-80,37-43,ID,Cash-Out Refinance,Primary,Multi-Family,ServicerB,2018
LN0000605,2020-11,494000,3.99,360,620-659,91-95,37-43,ND,Cash-Out Refinance,Primary,Condo,ServicerD,2020
LN0000606,2022-03,283000,10.49,120,700-739,91-95,44-50,WV,Purchase,Primary,PUD,ServicerE,2022
LN0000607,2018-08,97000,3.0,360,660-699,,37-43,NV,Purchase,Primary,Condo,ServicerE,2018
LN0000608,2020-10,197000,2.75,360,660-699,81-90,37-43,NM,Purchase,Primary,PUD,ServicerA,2020
LN0000609,2020-11,126000,3.99,180,700-739,61-70,44-50,VT,Cash-Out Refinance,Primary,Single Family,ServicerA,2020
LN0000610,2021-12,138000,4.375,360,740-779,96-100,<=28,,Purchase,Primary,Co-op,ServicerA,2021
LN0000611,2020-08,107000,5.99,240,<620,71-80,44-50,ID,Purchase,Primary,Condo,ServicerC,2020
LN0000612,2020-04,199000,3.5,240,740-779,<=60,37-43,AK,Purchase,Investment,Multi-Family,ServicerE,2020
LN0000613,2021-08,722000,5.375,360,740-779,61-70,44-50,RI,Purchase,Primary,Multi-Family,ServicerA,2021
LN0000614,2018-04,134000,3.928,120,620-659,61-70,37-43,SD,Refinance,Primary,PUD,ServicerC,2018
LN0000615,2021-10,372000,5.0,360,780+,61-70,44-50,NM,Refinance,Primary,Condo,ServicerD,2021
LN0000616,2020-10,164000,2.875,360,780+,61-70,29-36,ID,Purchase,Primary,Condo,ServicerD,2020
LN0000617,2020-12,206000,6.25,240,<620,71-80,29-36,NH,Purchase,Investment,Single Family,ServicerE,2020
LN0000618,2020-01,155000,3.74,180,660-699,71-80,37-43,NH,Purchase,Primary,Single Family,ServicerC,2020
LN0000619,2021-05,278000,4.375,360,740-779,71-80,,ID,Refinance,Investment,PUD,ServicerE,2021
LN0000620,2018-10,149000,3.5,120,740-779,<=60,<=28,AK,Purchase,Primary,Single Family,ServicerD,2018
LN0000621,2018-10,221000,3.0,360,620-659,91-95,29-36,,Cash-Out Refinance,Primary,Condo,ServicerD,2018
LN0000622,2021-05,68000,7.375,360,660-699,71-80,44-50,ND,Refinance,Primary,Multi-Family,ServicerD,2021
LN0000623,2019-10,108000,3.625,360,660-699,<=60,44-50,ID,Refinance,Primary,Multi-Family,ServicerD,2019
LN0000624,2020-04,188000,7.125,240,700-739,<=60,<=28,SD,Refinance,Primary,Condo,ServicerD,2020
LN0000625,2019-10,68000,3.625,240,740-779,96-100,44-50,MT,Cash-Out Refinance,Primary,PUD,ServicerA,2019
LN0000626,2020-11,208000,7.25,240,660-699,,44-50,ID,Purchase,Primary,Single Family,ServicerA,2020
LN0000627,2019-11,134000,3.75,360,700-739,<=60,37-43,ND,Purchase,Primary,Condo,ServicerC,2019
LN0000628,2018-11,56000,3.5,240,740-779,<=60,44-50,ID,Refinance,Primary,Co-op,ServicerC,2018
LN0000629,2018-05,258000,5.5,360,<620,<=60,44-50,ND,Refinance,Primary,PUD,ServicerE,2018
LN0000630,2021-01,236000,8.38,360,660-699,96-100,>50,ID,Cash-Out Refinance,Primary,PUD,ServicerD,2021
LN0000631,2022-06,95000,5.0,240,740-779,<=60,37-43,NH,Purchase,Primary,Condo,ServicerE,2022
LN0000632,2019-02,694000,3.375,360,780+,<=60,37-43,MT,Purchase,Primary,Condo,ServicerA,2019
LN0000633,2020-06,142000,4.625,360,700-739,<=60,>50,WV,Cash-Out Refinance,Primary,PUD,ServicerE,2020
LN0000634,2021-03,181000,2.75,360,700-739,61-70,44-50,MT,Purchase,Secondary,Single Family,ServicerC,2021
LN0000635,2019-03,269000,3.01,180,620-659,<=60,37-43,HI,Refinance,Primary,Single Family,ServicerC,2019
LN0000636,2022-06,231000,2.625,360,700-739,71-80,37-43,ID,Purchase,Primary,Co-op,ServicerD,2022
LN0000637,2022-09,111000,3.125,360,700-739,81-90,<=28,DE,Purchase,Primary,Co-op,ServicerC,2022
LN0000638,2020-03,160000,3.5,360,660-699,<=60,37-43,NH,Cash-Out Refinance,Primary,Single Family,ServicerA,2020
LN0000639,2020-08,293000,2.75,120,660-699,81-90,>50,MT,Purchase,Primary,Multi-Family,ServicerD,2020
LN0000640,2020-12,183000,3.125,360,660-699,71-80,37-43,KS,Purchase,Investment,Multi-Family,ServicerD,2020
LN0000641,2020-02,180000,4.49,360,<620,71-80,37-43,VT,Purchase,Primary,PUD,ServicerE,2020
LN0000642,2021-02,169000,3.64,180,660-699,61-70,,NH,Purchase,Primary,Single Family,ServicerC,2021
LN0000643,2019-04,67000,8.375,180,660-699,<=60,<=28,NM,Purchase,Investment,Condo,ServicerE,2019
LN0000644,2021-09,96000,3.99,360,660-699,<=60,29-36,NE,Refinance,Primary,Condo,ServicerC,2021
LN0000645,2020-02,135000,3.0,360,620-659,<=60,44-50,MT,Purchase,Secondary,Single Family,ServicerE,2020
LN0000646,2021-01,115000,3.25,360,780+,71-80,<=28,NH,Purchase,Primary,PUD,ServicerC,2021
LN0000647,2020-09,98000,2.75,360,700-739,91-95,44-50,AK,Purchase,Primary,Co-op,ServicerD,2020
LN0000648,2018-08,52000,2.875,180,740-779,>100,29-36,NH,Refinance,Primary,Condo,ServicerC,2018
LN0000649,2020-11,167000,2.875,360,740-779,,>50,RI,Purchase,Primary,PUD,ServicerB,2020
LN0000650,2020-10,81000,2.75,360,700-739,96-100,44-50,NH,Purchase,Primary,Single Family,ServicerC,2020
LN0000651,2021-11,194000,4.25,360,620-659,81-90,29-36,ID,Purchase,Primary,PUD,ServicerD,2021
LN0000652,2020-02,242000,9.9,360,700-739,<=60,44-50,NH,Refinance,Primary,PUD,ServicerA,2020
LN0000653,2019-08,96000,3.75,360,700-739,<=60,37-43,NE,Purchase,Primary,Co-op,ServicerA,2019
LN0000654,2018-10,414000,3.25,360,740-779,96-100,29-36,VT,Purchase,Primary,Condo,ServicerD,2018
LN0000655,2022-06,207000,3.375,360,700-739,71-80,37-43,VT,Refinance,Primary,PUD,ServicerB,2022
LN0000656,2022-04,168000,5.75,360,620-659,96-100,44-50,NE,Refinance,Primary,Single Family,ServicerD,2022
LN0000657,2018-11,239000,6.54,240,660-699,61-70,29-36,MT,Purchase,Primary,PUD,ServicerD,2018
LN0000658,2021-12,142000,3.0,360,660-699,96-100,29-36,ND,Cash-Out Refinance,Primary,Multi-Family,ServicerB,2021
LN0000659,2020-11,143000,9.24,360,740-779,<=60,37-43,ID,Cash-Out Refinance,Investment,PUD,ServicerC,2020
LN0000660,2021-02,148000,2.75,360,700-739,71-80,29-36,ND,Refinance,Primary,PUD,ServicerB,2021
LN0000661,2019-01,420000,4.0,360,660-699,<=60,>50,NE,Refinance,Primary,Multi-Family,ServicerD,2019
LN0000662,2018-05,64000,4.875,360,780+,71-80,>50,VT,Purchase,Primary,Condo,ServicerB,2018
LN0000663,2021-02,166000,4.375,360,740-779,81-90,44-50,ID,Refinance,Primary,Co-op,ServicerD,2021
LN0000664,2018-04,236000,3.625,360,660-699,71-80,44-50,RI,Cash-Out Refinance,Primary,Co-op,ServicerD,2018
LN0000665,2022-03,83000,3.875,120,620-659,91-95,44-50,NM,Refinance,Primary,Condo,ServicerA,2022
LN0000666,2021-08,205000,3.625,240,620-659,<=60,>50,WY,Purchase,Primary,Multi-Family,ServicerC,2021
LN0000667,2020-11,494000,3.125,240,,61-70,<=28,MT,Cash-Out Refinance,Primary,Condo,ServicerE,2020
LN0000668,2022-07,164000,6.552,360,620-659,71-80,37-43,NE,Refinance,Primary,Multi-Family,ServicerB,2022
LN0000669,2022-12,177000,2.9,360,620-659,91-95,37-43,NH,Refinance,Primary,Condo,ServicerB,2022
LN0000670,2019-07,112000,7.125,360,660-699,<=60,44-50,ID,Cash-Out Refinance,Primary,Single Family,ServicerB,2019
LN0000671,2018-08,274000,2.99,360,620-659,<=60,<=28,ID,Purchase,Primary,Co-op,ServicerD,2018
LN0000672,2022-07,109000,3.875,180,780+,71-80,37-43,NE,Refinance,Primary,Single Family,ServicerC,2022
LN0000673,2020-01,254000,2.25,360,620-659,96-100,,ID,Refinance,Primary,PUD,ServicerD,2020
LN0000674,2020-04,157000,3.875,240,700-739,61-70,37-43,NM,Refinance,Primary,Single Family,ServicerD,2020
LN0000675,2021-08,494000,2.625,360,,<=60,37-43,NE,Refinance,Primary,Condo,ServicerB,2021
LN0000676,2019-06,94000,3.75,360,780+,61-70,44-50,NE,Purchase,Primary,Co-op,ServicerD,2019
LN0000677,2018-11,218000,8.0,360,620-659,81-90,37-43,AK,Refinance,Primary,PUD,ServicerE,2018
LN0000678,2020-09,266000,3.25,360,700-739,<=60,29-36,HI,Purchase,Secondary,Multi-Family,ServicerC,2020
LN0000679,2020-01,366000,4.875,360,780+,<=60,29-36,KS,Purchase,Primary,PUD,ServicerA,2020
LN0000680,2021-05,229000,3.0,180,780+,<=60,44-50,NH,Refinance,Primary,Condo,ServicerB,2021
LN0000681,2019-02,149000,6.375,360,740-779,96-100,37-43,ID,Cash-Out Refinance,Primary,Condo,ServicerC,2019
LN0000682,2021-02,134000,3.625,360,660-699,<=60,44-50,ID,Refinance,Primary,Multi-Family,ServicerA,2021
LN0000683,2019-11,94000,3.75,360,620-659,71-80,37-43,NH,Refinance,Primary,Condo,ServicerA,2019
LN0000684,2022-01,84000,6.125,360,740-779,61-70,44-50,NM,Purchase,Investment,Multi-Family,ServicerB,2022
LN0000685,2018-06,86000,3.25,360,780+,71-80,44-50,ID,Cash-Out Refinance,Primary,PUD,ServicerD,2018
LN0000686,2019-03,157000,3.0,180,700-739,<=60,<=28,WY,Purchase,Primary,Condo,ServicerB,2019
LN0000687,2022-04,75000,7.625,360,700-739,71-80,29-36,VT,Purchase,Secondary,Multi-Family,ServicerB,2022
LN0000688,2018-09,183000,3.375,360,660-699,71-80,<=28,WV,Other,Investment,Condo,ServicerA,2018
LN0000689,2019-10,73000,3.75,240,740-779,<=60,,NM,Refinance,Primary,Co-op,ServicerD,2019
LN0000690,2019-04,466000,3.375,120,620-659,91-95,37-43,SD,Purchase,Primary,Condo,ServicerA,2019
LN0000691,2020-03,445000,6.375,180,660-699,81-90,44-50,AK,Other,Primary,Condo,ServicerE,2020
LN0000692,2022-01,159000,3.375,360,700-739,>100,37-43,,Purchase,Primary,Condo,ServicerD,2022
LN0000693,2020-03,583000,3.99,240,700-739,91-95,37-43,MT,Cash-Out Refinance,Secondary,PUD,ServicerB,2020
LN0000694,2019-09,86000,2.125,360,660-699,61-70,29-36,SD,Refinance,Primary,Condo,ServicerE,2019
LN0000695,2020-03,128000,3.125,360,620-659,61-70,44-50,NV,Cash-Out Refinance,Primary,PUD,ServicerC,2020
LN0000696,2018-11,246000,2.75,360,740-779,96-100,37-43,NM,Cash-Out Refinance,Primary,Multi-Family,ServicerE,2018
LN0000697,2018-03,133000,2.25,360,660-699,71-80,37-43,NH,Cash-Out Refinance,Primary,Condo,ServicerD,2018
LN0000698,2018-06,127000,8.75,360,700-739,<=60,>50,NM,Purchase,Primary,Co-op,ServicerA,2018
LN0000699,2019-10,117000,2.875,180,620-659,<=60,44-50,NH,Purchase,Primary,Co-op,ServicerC,2019
LN0000700,2020-01,68000,1.99,360,700-739,96-100,<=28,ID,Purchase,Secondary,Co-op,ServicerA,2020
LN0000701,2019-05,94000,6.0,360,700-739,<=60,44-50,ID,Refinance,Primary,PUD,ServicerE,2019
LN0000702,2018-03,97000,5.5,180,<620,<=60,37-43,NH,Refinance,Primary,Condo,ServicerD,2018
LN0000703,2021-09,144000,4.99,180,660-699,<=60,37-43,NH,Refinance,Primary,Co-op,ServicerC,2021
LN0000704,2018-12,128000,4.375,360,620-659,96-100,>50,AK,Purchase,Primary,Co-op,ServicerA,2018
LN0000705,2018-08,87000,3.125,360,<620,71-80,44-50,NH,Refinance,Primary,Multi-Family,ServicerC,2018
LN0000706,2021-06,79000,3.45,360,780+,96-100,37-43,NV,Purchase,Primary,Co-op,ServicerB,2021
LN0000707,2022-10,305000,6.75,360,660-699,<=60,37-43,WV,Other,Primary,Multi-Family,ServicerA,2022
LN0000708,2018-08,163000,3.125,360,740-779,<=60,>50,WV,Cash-Out Refinance,Primary,PUD,ServicerD,2018
LN0000709,2022-04,58000,2.875,360,660-699,<=60,37-43,NH,Refinance,Primary,Single Family,ServicerB,2022
LN0000710,2022-01,58000,3.0,180,740-779,96-100,29-36,WV,Refinance,Primary,PUD,ServicerC,2022
LN0000711,2022-05,116000,5.375,360,740-779,<=60,44-50,ND,Purchase,Primary,Co-op,ServicerA,2022
LN0000712,2021-11,177000,6.49,180,700-739,61-70,>50,NE,Refinance,Primary,PUD,ServicerA,2021
LN0000713,2018-01,274000,3.125,360,700-739,81-90,<=28,ND,Purchase,Primary,Condo,ServicerB,2018
LN0000714,2021-07,83000,6.25,360,700-739,71-80,44-50,ND,Purchase,Primary,Co-op,ServicerA,2021
LN0000715,2021-11,129000,3.75,180,660-699,71-80,37-43,NE,Purchase,Primary,Co-op,ServicerA,2021
LN0000716,2018-08,177000,4.375,360,780+,96-100,37-43,WV,Refinance,Primary,Condo,ServicerA,2018
LN0000717,2021-02,170000,7.0,360,780+,91-95,29-36,NE,Refinance,Primary,Single Family,ServicerB,2021
LN0000718,2018-06,98000,4.875,360,780+,<=60,37-43,NE,Cash-Out Refinance,Primary,PUD,ServicerC,2018
LN0000719,2022-03,164000,3.375,240,,71-80,29-36,NE,Cash-Out Refinance,Primary,Condo,ServicerC,2022
LN0000720,2018-03,384000,5.75,360,740-779,71-80,<=28,ID,Cash-Out Refinance,Primary,PUD,ServicerB,2018
LN0000721,2020-10,114000,4.99,240,780+,81-90,37-43,MT,Purchase,Primary,Co-op,ServicerE,2020
LN0000722,2022-09,93000,2.875,360,620-659,71-80,37-43,NE,Refinance,Primary,Multi-Family,ServicerB,2022
LN0000723,2020-07,204000,6.99,360,<620,<=60,37-43,ID,Cash-Out Refinance,Primary,Single Family,ServicerB,2020
LN0000724,2022-09,248000,3.375,360,740-779,71-80,<=28,ID,Cash-Out Refinance,Primary,Condo,ServicerE,2022
LN0000725,2020-08,85000,8.44,360,700-739,96-100,37-43,DE,Purchase,Primary,Multi-Family,ServicerB,2020
LN0000726,2022-10,83000,8.79,360,780+,81-90,37-43,ID,Refinance,Primary,PUD,ServicerC,2022
LN0000727,2021-02,334000,2.75,180,620-659,<=60,37-43,DE,Refinance,Secondary,PUD,ServicerB,2021
LN0000728,2018-11,281000,6.99,360,740-779,71-80,44-50,MS,Cash-Out Refinance,Primary,PUD,ServicerA,2018
LN0000729,2022-12,175000,7.25,240,660-699,91-95,,NH,Refinance,Primary,Multi-Family,ServicerA,2022
LN0000730,2019-07,287000,2.99,240,620-659,71-80,37-43,NH,Refinance,Secondary,Multi-Family,ServicerA,2019
LN0000731,2021-04,184000,7.25,360,620-659,71-80,37-43,RI,Cash-Out Refinance,Primary,Single Family,ServicerA,2021
LN0000732,2021-06,67000,4.5,180,740-779,<=60,>50,WV,Refinance,Primary,Single Family,ServicerA,2021
LN0000733,2021-07,263000,3.375,360,740-779,61-70,44-50,NV,Refinance,Primary,Multi-Family,ServicerA,2021
LN0000734,2021-12,139000,2.8,360,700-739,61-70,37-43,NM,Purchase,Primary,Multi-Family,ServicerD,2021
LN0000735,2018-06,149000,3.0,360,660-699,96-100,44-50,NH,Cash-Out Refinance,Primary,Multi-Family,ServicerA,2018
LN0000736,2021-06,308000,2.99,360,780+,>100,37-43,AK,Cash-Out Refinance,Primary,Multi-Family,ServicerD,2021
LN0000737,2020-06,55000,3.75,360,700-739,<=60,<=28,DE,Purchase,Investment,Single Family,ServicerC,2020
LN0000738,2019-11,110000,4.375,360,740-779,71-80,37-43,HI,Purchase,Primary,PUD,ServicerD,2019
LN0000739,2021-02,253000,3.875,240,700-739,71-80,37-43,WV,Refinance,Primary,Multi-Family,ServicerD,2021
LN0000740,2018-02,169000,6.75,180,660-699,61-70,29-36,ND,Purchase,Primary,Condo,ServicerD,2018
LN0000741,2018-07,198000,2.75,360,700-739,61-70,44-50,ID,Cash-Out Refinance,Primary,Co-op,ServicerD,2018
LN0000742,2018-12,492000,6.75,360,660-699,96-100,44-50,NH,Refinance,Primary,Multi-Family,ServicerB,2018
LN0000743,2020-03,259000,2.75,360,740-779,91-95,44-50,,Purchase,Primary,Multi-Family,ServicerD,2020
LN0000744,2022-01,295000,3.75,240,700-739,71-80,37-43,ID,Refinance,Primary,Multi-Family,ServicerA,2022
LN0000745,2022-09,234000,2.625,360,660-699,61-70,44-50,KS,Purchase,Primary,Single Family,ServicerA,2022
LN0000746,2022-06,48000,4.0,180,780+,>100,>50,NE,Refinance,Primary,Co-op,ServicerD,2022
LN0000747,2018-07,97000,2.875,180,700-739,<=60,37-43,ID,Purchase,Primary,PUD,ServicerA,2018
LN0000748,2020-11,119000,4.15,360,700-739,61-70,37-43,WV,Purchase,Primary,Condo,ServicerA,2020
LN0000749,2021-12,99000,2.99,180,780+,71-80,44-50,ID,Purchase,Primary,PUD,ServicerB,2021
LN0000750,2018-05,118000,3.5,180,,61-70,37-43,NH,Purchase,Primary,PUD,ServicerC,2018
LN0000751,2022-05,189000,3.0,120,620-659,71-80,<=28,ID,Purchase,Primary,Co-op,ServicerD,2022
LN0000752,2020-02,288000,3.25,360,780+,96-100,37-43,AK,Purchase,Primary,Condo,ServicerD,2020
LN0000753,2022-09,148000,6.0,180,740-779,71-80,44-50,SD,Refinance,Investment,Co-op,ServicerC,2022
LN0000754,2019-03,163000,9.74,360,660-699,81-90,29-36,NE,Refinance,Primary,Co-op,ServicerC,2019
LN0000755,2021-04,187000,5.75,360,620-659,81-90,37-43,MS,Cash-Out Refinance,Primary,Multi-Family,ServicerC,2021
LN0000756,2018-06,97000,2.99,180,740-779,61-70,44-50,RI,Refinance,Investment,Condo,ServicerB,2018
LN0000757,2022-06,240000,3.562,120,740-779,96-100,44-50,MS,Cash-Out Refinance,Primary,PUD,ServicerE,2022
LN0000758,2018-05,265000,2.875,180,700-739,<=60,37-43,ID,Purchase,Primary,Multi-Family,ServicerB,2018
LN0000759,2022-04,288000,3.5,360,780+,96-100,44-50,ND,Refinance,Primary,Condo,ServicerA,2022
LN0000760,2021-09,199000,3.125,360,740-779,71-80,37-43,MT,Other,Investment,Single Family,ServicerC,2021
LN0000761,2022-10,240000,4.45,360,620-659,<=60,44-50,MS,Other,Primary,Single Family,ServicerE,2022
LN0000762,2022-01,585000,3.25,360,660-699,71-80,,DE,Cash-Out Refinance,Primary,Single Family,ServicerD,2022
LN0000763,2022-11,250000,2.41,120,660-699,71-80,37-43,WV,Purchase,Primary,Co-op,ServicerC,2022
LN0000764,2020-01,55000,2.5,360,740-779,71-80,44-50,NM,Cash-Out Refinance,Primary,Single Family,ServicerA,2020
LN0000765,2019-05,130000,3.375,360,<620,91-95,29-36,WV,Refinance,Primary,Single Family,ServicerA,2019
LN0000766,2020-06,158000,4.5,360,700-739,71-80,37-43,DE,Purchase,Primary,Single Family,ServicerD,2020
LN0000767,2020-01,86000,2.75,360,740-779,61-70,37-43,NE,Other,Primary,Condo,ServicerD,2020
LN0000768,2019-03,87000,6.5,360,780+,81-90,44-50,AK,Purchase,Primary,Co-op,ServicerE,2019
LN0000769,2022-11,63000,2.25,360,660-699,71-80,44-50,VT,Refinance,Primary,Condo,ServicerE,2022
LN0000770,2021-02,388000,3.14,360,780+,81-90,44-50,ID,Refinance,Primary,Multi-Family,ServicerA,2021
LN0000771,2019-12,174000,3.99,360,620-659,61-70,37-43,ID,Purchase,Primary,Multi-Family,ServicerD,2019
LN0000772,2018-02,173000,4.375,360,780+,71-80,44-50,NH,Refinance,Primary,PUD,ServicerE,2018
LN0000773,2022-04,202000,6.75,360,620-659,81-90,37-43,NE,Cash-Out Refinance,Primary,Single Family,ServicerA,2022
LN0000774,2021-07,107000,2.625,180,700-739,71-80,37-43,WV,Purchase,Investment,Condo,ServicerD,2021
LN0000775,2021-06,269000,7.0,360,740-779,61-70,<=28,NH,Purchase,Primary,Multi-Family,ServicerE,2021
LN0000776,2019-06,126000,2.875,360,,<=60,44-50,NM,Cash-Out Refinance,Primary,Multi-Family,ServicerD,2019
LN0000777,2020-12,213000,5.1,360,660-699,71-80,37-43,WV,Purchase,Primary,Single Family,ServicerB,2020
LN0000778,2020-10,88000,2.875,360,740-779,71-80,37-43,WY,Purchase,Primary,Multi-Family,ServicerA,2020
LN0000779,2022-02,107000,2.875,360,740-779,<=60,>50,ID,Refinance,Primary,PUD,ServicerB,2022
LN0000780,2018-03,305000,3.375,360,740-779,<=60,>50,NE,Cash-Out Refinance,Primary,Condo,ServicerC,2018
LN0000781,2019-10,172000,3.75,180,740-779,91-95,37-43,HI,Purchase,Secondary,Single Family,ServicerA,2019
LN0000782,2018-11,132000,2.75,360,700-739,96-100,44-50,NE,Purchase,Investment,PUD,ServicerB,2018
LN0000783,2018-05,304000,2.77,360,660-699,<=60,37-43,DE,Cash-Out Refinance,Primary,PUD,ServicerD,2018
LN0000784,2021-11,212000,3.125,240,660-699,71-80,>50,ID,Refinance,Primary,PUD,ServicerE,2021
LN0000785,2021-08,118000,7.125,240,620-659,71-80,37-43,RI,Purchase,Primary,Co-op,ServicerE,2021
LN0000786,2022-08,83000,3.75,120,780+,71-80,>50,ND,Cash-Out Refinance,Primary,Single Family,ServicerB,2022
LN0000787,2021-05,171000,9.05,360,700-739,<=60,37-43,WY,Refinance,Primary,PUD,ServicerA,2021
LN0000788,2019-09,70000,5.49,180,,96-100,37-43,,Purchase,Primary,Single Family,ServicerC,2019
LN0000789,2018-06,140000,3.25,360,700-739,71-80,<=28,RI,Cash-Out Refinance,Primary,Condo,ServicerD,2018
LN0000790,2021-02,85000,4.5,360,780+,71-80,44-50,VT,Purchase,Primary,PUD,ServicerC,2021
LN0000791,2020-11,142000,3.49,180,620-659,81-90,37-43,SD,Refinance,Primary,PUD,ServicerA,2020
LN0000792,2022-08,154000,7.0,360,700-739,81-90,29-36,NE,Purchase,Primary,Multi-Family,ServicerA,2022
LN0000793,2022-11,83000,5.0,360,700-739,96-100,44-50,RI,Purchase,Primary,Single Family,ServicerB,2022
LN0000794,2020-01,93000,6.625,360,740-779,<=60,29-36,ID,Refinance,Primary,Multi-Family,ServicerC,2020
LN0000795,2019-07,163000,2.75,360,<620,81-90,37-43,ID,Cash-Out Refinance,Primary,Condo,ServicerD,2019
LN0000796,2022-01,62000,3.125,360,780+,71-80,37-43,HI,Cash-Out Refinance,Primary,Multi-Family,ServicerE,2022
LN0000797,2018-04,146000,3.124,360,780+,81-90,44-50,ID,Refinance,Primary,Co-op,ServicerC,2018
LN0000798,2020-04,151000,3.5,360,700-739,96-100,44-50,AK,Refinance,Primary,Condo,ServicerB,2020
LN0000799,2019-05,159000,2.75,120,740-779,71-80,29-36,HI,Refinance,Primary,Co-op,ServicerD,2019
LN0000800,2020-06,151000,4.49,360,780+,71-80,37-43,DE,Purchase,Secondary,Co-op,ServicerD,2020
LN0000801,2018-01,583000,5.75,360,740-779,96-100,>50,DE,Purchase,Primary,Single Family,ServicerC,2018
LN0000802,2021-12,209000,3.125,180,620-659,71-80,,MT,Purchase,Primary,Single Family,ServicerC,2021
LN0000803,2021-03,534000,7.375,360,700-739,,37-43,NM,Cash-Out Refinance,Primary,PUD,ServicerA,2021
LN0000804,2019-07,183000,4.125,180,740-779,61-70,37-43,,Refinance,Primary,Single Family,ServicerC,2019
LN0000805,2022-12,192000,3.5,240,700-739,61-70,37-43,HI,Purchase,Primary,Condo,ServicerC,2022
LN0000806,2019-09,149000,7.0,360,740-779,81-90,44-50,NV,Refinance,Primary,PUD,ServicerC,2019
LN0000807,2022-11,108000,3.25,360,780+,71-80,37-43,MS,Other,Investment,Single Family,ServicerB,2022
LN0000808,2020-02,315000,8.25,360,780+,71-80,,,Purchase,Investment,Condo,ServicerD,2020
LN0000809,2021-12,213000,3.0,360,700-739,71-80,29-36,KS,Purchase,Primary,Condo,ServicerB,2021
LN0000810,2018-07,215000,3.625,360,620-659,81-90,37-43,MT,Refinance,Primary,Single Family,ServicerD,2018
LN0000811,2018-08,137000,3.375,360,780+,96-100,37-43,RI,Refinance,Primary,Co-op,ServicerB,2018
LN0000812,2018-06,85000,6.25,360,780+,<=60,>50,DE,Purchase,Primary,Co-op,ServicerB,2018
LN0000813,2022-07,256000,2.75,360,620-659,,44-50,AK,Refinance,Primary,Single Family,ServicerA,2022
LN0000814,2022-07,151000,8.0,360,780+,71-80,<=28,VT,Cash-Out Refinance,Investment,Single Family,ServicerB,2022
LN0000815,2021-05,223000,4.375,360,780+,61-70,37-43,ND,Refinance,Primary,Single Family,ServicerC,2021
LN0000816,2018-07,127000,2.875,360,700-739,71-80,44-50,NH,Purchase,Primary,Multi-Family,ServicerB,2018
LN0000817,2018-06,118000,2.75,120,700-739,71-80,37-43,ID,Refinance,Primary,Multi-Family,ServicerB,2018
LN0000818,2019-10,214000,7.74,360,700-739,<=60,37-43,HI,Purchase,Primary,Co-op,ServicerA,2019
LN0000819,2021-12,398000,3.25,360,<620,71-80,<=28,KS,Cash-Out Refinance,Primary,PUD,ServicerA,2021
LN0000820,2020-02,99000,2.25,360,660-699,96-100,>50,MT,Refinance,Primary,Co-op,ServicerB,2020
LN0000821,2021-02,217000,2.25,360,740-779,61-70,44-50,,Cash-Out Refinance,Primary,Condo,ServicerE,2021
LN0000822,2019-07,244000,5.875,360,<620,61-70,>50,MS,Purchase,Primary,Condo,ServicerC,2019
LN0000823,2022-07,200000,3.75,360,660-699,61-70,37-43,ID,Purchase,Secondary,Condo,ServicerD,2022
LN0000824,2022-02,237000,2.625,360,700-739,71-80,44-50,NE,Purchase,Primary,Multi-Family,ServicerB,2022
LN0000825,2021-05,175000,4.5,360,700-739,71-80,37-43,AK,Purchase,Primary,Multi-Family,ServicerC,2021
LN0000826,2020-04,222000,5.24,180,780+,<=60,37-43,KS,Purchase,Investment,Multi-Family,ServicerA,2020
LN0000827,2020-03,165000,4.25,360,,<=60,37-43,NE,Refinance,Primary,Multi-Family,ServicerD,2020
LN0000828,2018-09,204000,4.05,360,660-699,71-80,44-50,KS,Purchase,Primary,Single Family,ServicerB,2018
LN0000829,2018-09,81000,3.499,360,740-779,96-100,44-50,NE,Purchase,Investment,Co-op,ServicerA,2018
LN0000830,2022-04,103000,3.25,240,700-739,61-70,<=28,ID,Purchase,Primary,Condo,ServicerC,2022
LN0000831,2020-06,289000,4.5,360,660-699,71-80,29-36,ID,Purchase,Primary,Condo,ServicerC,2020
LN0000832,2019-04,116000,2.99,360,700-739,<=60,37-43,SD,Refinance,Primary,Single Family,ServicerA,2019
LN0000833,2018-03,246000,2.625,360,620-659,<=60,44-50,MT,Purchase,Primary,PUD,ServicerA,2018
LN0000834,2020-04,105000,4.0,180,620-659,91-95,>50,ID,Purchase,Primary,Condo,ServicerE,2020
LN0000835,2019-10,45000,7.87,360,700-739,61-70,29-36,ID,Other,Primary,Condo,ServicerD,2019
LN0000836,2019-11,429000,3.275,360,700-739,71-80,29-36,ND,Cash-Out Refinance,Primary,Single Family,ServicerC,2019
LN0000837,2018-03,206000,3.875,360,780+,71-80,29-36,KS,Other,Primary,PUD,ServicerC,2018
LN0000838,2021-08,241000,2.875,240,660-699,<=60,>50,NM,Cash-Out Refinance,Primary,Single Family,ServicerB,2021
LN0000839,2022-10,101000,4.375,120,700-739,71-80,37-43,AK,Refinance,Primary,Multi-Family,ServicerD,2022
LN0000840,2021-11,122000,5.75,360,740-779,71-80,29-36,KS,Purchase,Primary,Multi-Family,ServicerB,2021
LN0000841,2022-11,320000,7.989,360,<620,96-100,44-50,ID,Purchase,Primary,Condo,ServicerD,2022
LN0000842,2022-06,146000,7.375,360,740-779,<=60,29-36,NE,Refinance,Investment,PUD,ServicerB,2022
LN0000843,2020-03,207000,3.25,360,620-659,61-70,44-50,MT,Refinance,Primary,PUD,ServicerB,2020
LN0000844,2021-02,225000,1.999,360,780+,71-80,44-50,NM,Refinance,Primary,Single Family,ServicerB,2021
LN0000845,2021-08,143000,2.5,360,620-659,91-95,29-36,NH,Purchase,Primary,Co-op,ServicerE,2021
LN0000846,2020-05,47000,4.125,240,700-739,<=60,44-50,KS,Purchase,Primary,Condo,ServicerC,2020
LN0000847,2022-01,92000,8.25,360,620-659,<=60,44-50,HI,Cash-Out Refinance,Primary,PUD,ServicerA,2022
LN0000848,2020-09,129000,3.25,360,780+,81-90,29-36,NE,Purchase,Primary,Single Family,ServicerC,2020
LN0000849,2018-05,168000,2.25,360,700-739,<=60,44-50,ID,Refinance,Primary,Condo,ServicerC,2018
LN0000850,2021-08,48000,2.5,240,700-739,96-100,44-50,NE,Refinance,Primary,PUD,ServicerB,2021
LN0000851,2018-01,188000,3.25,360,<620,<=60,44-50,HI,Refinance,Primary,PUD,ServicerE,2018
LN0000852,2020-05,318000,4.875,360,740-779,61-70,,NE,Purchase,Primary,Co-op,ServicerD,2020
LN0000853,2018-11,161000,6.625,360,660-699,81-90,44-50,RI,Other,Primary,Condo,ServicerB,2018
LN0000854,2018-10,151000,2.375,360,780+,<=60,,AK,Refinance,Primary,PUD,ServicerD,2018
LN0000855,2022-09,300000,2.999,360,660-699,81-90,37-43,ND,Refinance,Primary,Single Family,ServicerE,2022
LN0000856,2021-08,119000,3.25,240,620-659,71-80,37-43,AK,Cash-Out Refinance,Primary,Co-op,ServicerB,2021
LN0000857,2022-09,314000,2.625,360,<620,91-95,44-50,NE,Purchase,Primary,Multi-Family,ServicerB,2022
LN0000858,2018-08,65000,4.25,360,700-739,81-90,44-50,AK,Purchase,Secondary,Co-op,ServicerB,2018
LN0000859,2022-11,30000,2.625,360,700-739,>100,37-43,SD,Purchase,Investment,PUD,ServicerA,2022
LN0000860,2019-06,254000,2.875,360,<620,<=60,>50,ID,Purchase,Primary,Condo,ServicerC,2019
LN0000861,2022-08,54000,2.75,360,740-779,96-100,44-50,,Cash-Out Refinance,Investment,PUD,ServicerD,2022
LN0000862,2022-03,96000,7.125,360,700-739,96-100,>50,AK,Purchase,Primary,Single Family,ServicerA,2022
LN0000863,2018-08,243000,5.375,360,700-739,61-70,44-50,RI,Cash-Out Refinance,Primary,PUD,ServicerA,2018
LN0000864,2018-06,102000,6.562,360,700-739,>100,>50,WV,Refinance,Primary,Co-op,ServicerD,2018
LN0000865,2018-09,90000,3.5,360,700-739,91-95,,MT,Purchase,Primary,Condo,ServicerD,2018
LN0000866,2019-01,143000,2.99,360,700-739,<=60,37-43,NM,Purchase,Primary,Co-op,ServicerC,2019
LN0000867,2019-12,150000,3.125,360,620-659,81-90,44-50,AK,Refinance,Primary,Single Family,ServicerA,2019
LN0000868,2021-08,277000,2.75,240,620-659,71-80,<=28,NH,Cash-Out Refinance,Primary,Condo,ServicerB,2021
LN0000869,2022-09,140000,2.5,360,780+,96-100,37-43,ID,Purchase,Primary,Condo,ServicerC,2022
LN0000870,2022-03,281000,2.25,360,780+,61-70,37-43,NM,Purchase,Primary,Single Family,ServicerD,2022
LN0000871,2020-06,85000,4.99,360,660-699,61-70,37-43,AK,Purchase,Primary,Multi-Family,ServicerC,2020
LN0000872,2020-07,48000,2.99,180,660-699,61-70,44-50,AK,Purchase,Primary,Multi-Family,ServicerB,2020
LN0000873,2021-06,143000,2.625,120,740-779,81-90,44-50,NH,Purchase,Primary,Single Family,ServicerE,2021
LN0000874,2022-01,120000,2.25,360,700-739,71-80,44-50,NE,Refinance,Primary,Multi-Family,ServicerA,2022
LN0000875,2020-02,149000,3.75,360,<620,,44-50,NM,Purchase,Primary,Single Family,ServicerB,2020
LN0000876,2020-02,221000,5.25,360,620-659,<=60,37-43,WV,Purchase,Secondary,Single Family,ServicerD,2020
LN0000877,2022-11,227000,2.875,240,740-779,81-90,37-43,ID,Other,Primary,Condo,ServicerD,2022
LN0000878,2021-05,92000,2.75,360,740-779,61-70,44-50,SD,Refinance,Primary,Multi-Family,ServicerA,2021
LN0000879,2020-12,128000,3.125,240,<620,61-70,>50,ID,Refinance,Secondary,Co-op,ServicerA,2020
LN0000880,2022-03,283000,4.74,360,660-699,61-70,44-50,ID,Purchase,Investment,Co-op,ServicerE,2022
LN0000881,2020-02,305000,2.25,360,660-699,71-80,>50,NE,Purchase,Primary,PUD,ServicerB,2020
LN0000882,2022-11,180000,6.237,360,740-779,71-80,37-43,NE,Purchase,Investment,Single Family,ServicerD,2022
LN0000883,2019-06,106000,8.5,360,<620,91-95,44-50,SD,Purchase,Secondary,Condo,ServicerE,2019
LN0000884,2020-11,333000,3.125,360,620-659,<=60,44-50,NM,Cash-Out Refinance,Primary,PUD,ServicerC,2020
LN0000885,2021-03,245000,4.925,360,740-779,81-90,29-36,ND,Refinance,Primary,Multi-Family,ServicerE,2021
LN0000886,2022-12,178000,4.25,240,620-659,81-90,29-36,NM,Purchase,Primary,Multi-Family,ServicerC,2022
LN0000887,2018-05,193000,2.99,360,740-779,71-80,44-50,ID,Other,Primary,Single Family,ServicerD,2018
LN0000888,2022-07,215000,4.375,360,660-699,91-95,>50,NV,Purchase,Primary,Co-op,ServicerB,2022
LN0000889,2020-03,159000,3.125,360,620-659,91-95,44-50,NM,Cash-Out Refinance,Primary,PUD,ServicerD,2020
LN0000890,2022-02,399000,2.875,240,660-699,91-95,<=28,AK,Purchase,Primary,Multi-Family,ServicerE,2022
LN0000891,2021-09,401000,2.234,360,740-779,71-80,37-43,ID,Refinance,Primary,Multi-Family,ServicerA,2021
LN0000892,2020-01,139000,2.99,360,780+,71-80,>50,ID,Cash-Out Refinance,Primary,PUD,ServicerD,2020
LN0000893,2020-05,110000,6.99,360,780+,96-100,44-50,MT,Refinance,Primary,Multi-Family,ServicerB,2020
LN0000894,2019-04,49000,2.875,360,700-739,61-70,<=28,MT,Cash-Out Refinance,Primary,PUD,ServicerA,2019
LN0000895,2020-08,180000,5.25,360,740-779,<=60,37-43,MT,Purchase,Primary,Condo,ServicerD,2020
LN0000896,2019-04,151000,2.875,360,660-699,96-100,<=28,SD,Purchase,Primary,PUD,ServicerC,2019
LN0000897,2019-03,74000,3.99,360,660-699,<=60,>50,HI,Purchase,Primary,PUD,ServicerB,2019
LN0000898,2018-05,97000,2.75,360,780+,61-70,,NM,Cash-Out Refinance,Primary,Single Family,ServicerB,2018
LN0000899,2018-09,231000,5.5,180,<620,61-70,44-50,NV,Purchase,Primary,Single Family,ServicerD,2018
LN0000900,2022-12,158000,2.75,360,620-659,71-80,29-36,AK,Purchase,Primary,Multi-Family,ServicerA,2022
LN0000901,2022-01,172000,4.25,360,660-699,<=60,29-36,ID,Refinance,Primary,Multi-Family,ServicerE,2022
LN0000902,2020-10,297000,6.188,180,<620,91-95,37-43,RI,Refinance,Primary,Multi-Family,ServicerE,2020
LN0000903,2019-10,208000,6.204,360,620-659,71-80,>50,,Purchase,Primary,Multi-Family,ServicerB,2019
LN0000904,2021-03,177000,3.125,360,700-739,<=60,29-36,ND,Purchase,Primary,Single Family,ServicerC,2021
LN0000905,2019-03,354000,3.5,180,700-739,<=60,37-43,,Cash-Out Refinance,Primary,Single Family,ServicerD,2019
LN0000906,2022-03,208000,3.49,360,780+,71-80,37-43,KS,Purchase,Primary,Multi-Family,ServicerD,2022
LN0000907,2021-01,79000,3.25,180,740-779,61-70,37-43,WV,Purchase,Primary,Multi-Family,ServicerB,2021
LN0000908,2021-06,1135000,8.125,120,660-699,71-80,<=28,WY,Purchase,Primary,Co-op,ServicerE,2021
LN0000909,2019-08,361000,5.99,180,660-699,61-70,>50,ID,Refinance,Primary,PUD,ServicerB,2019
LN0000910,2022-05,228000,3.0,360,660-699,71-80,37-43,SD,Refinance,Primary,Single Family,ServicerE,2022
LN0000911,2021-04,106000,4.75,240,,96-100,>50,ND,Purchase,Primary,Multi-Family,ServicerE,2021
LN0000912,2022-04,269000,5.5,360,660-699,<=60,37-43,ND,Purchase,Primary,Condo,ServicerC,2022
LN0000913,2020-08,179000,4.75,360,740-779,96-100,37-43,RI,Cash-Out Refinance,Investment,Co-op,ServicerD,2020
LN0000914,2019-06,180000,6.75,240,700-739,,44-50,NH,Cash-Out Refinance,Primary,Multi-Family,ServicerB,2019
LN0000915,2022-08,184000,3.25,360,700-739,<=60,37-43,ID,Purchase,Primary,Co-op,ServicerC,2022
LN0000916,2021-05,198000,6.99,360,700-739,<=60,<=28,SD,Refinance,Primary,Single Family,ServicerD,2021
LN0000917,2021-09,207000,7.5,180,660-699,61-70,44-50,DE,Cash-Out Refinance,Primary,Multi-Family,ServicerC,2021
LN0000918,2022-07,263000,6.04,360,780+,71-80,37-43,HI,Cash-Out Refinance,Primary,Co-op,ServicerE,2022
LN0000919,2019-04,197000,2.625,180,740-779,71-80,>50,ID,Refinance,Primary,Co-op,ServicerA,2019
LN0000920,2022-03,133000,3.65,360,620-659,71-80,44-50,DE,Purchase,Primary,Single Family,ServicerD,2022
LN0000921,2020-01,57000,4.25,360,780+,71-80,29-36,DE,Purchase,Primary,PUD,ServicerA,2020
LN0000922,2021-06,154000,2.875,180,700-739,91-95,37-43,VT,Cash-Out Refinance,Primary,Co-op,ServicerA,2021
LN0000923,2022-02,192000,6.375,120,780+,61-70,<=28,WV,Purchase,Primary,Multi-Family,ServicerB,2022
LN0000924,2022-02,174000,5.5,240,,91-95,44-50,,Purchase,Primary,PUD,ServicerC,2022
LN0000925,2020-02,263000,2.875,360,700-739,<=60,<=28,NH,Refinance,Primary,Condo,ServicerE,2020
LN0000926,2019-05,166000,4.0,360,<620,71-80,44-50,MT,Refinance,Primary,Condo,ServicerD,2019
LN0000927,2021-09,186000,3.875,240,660-699,91-95,44-50,ID,Purchase,Primary,Co-op,ServicerA,2021
LN0000928,2019-07,144000,3.0,360,700-739,71-80,44-50,RI,Purchase,Secondary,Multi-Family,ServicerB,2019
LN0000929,2018-04,202000,4.91,360,740-779,61-70,44-50,ID,Purchase,Primary,Condo,ServicerC,2018
LN0000930,2021-06,125000,3.625,360,660-699,<=60,44-50,NH,Cash-Out Refinance,Primary,Condo,ServicerC,2021
LN0000931,2018-07,117000,2.875,360,620-659,<=60,37-43,NH,Cash-Out Refinance,Primary,Single Family,ServicerB,2018
LN0000932,2018-07,109000,3.625,360,780+,71-80,37-43,WY,Purchase,Primary,Multi-Family,ServicerE,2018
LN0000933,2022-06,154000,3.125,360,780+,<=60,29-36,NE,Refinance,Primary,Multi-Family,ServicerD,2022
LN0000934,2019-07,210000,7.5,360,700-739,71-80,29-36,ID,Cash-Out Refinance,Primary,Condo,ServicerD,2019
LN0000935,2018-06,54000,7.375,360,620-659,,37-43,NH,Purchase,Primary,PUD,ServicerC,2018
LN0000936,2019-01,54000,3.125,360,660-699,71-80,37-43,RI,Refinance,Primary,Co-op,ServicerD,2019
LN0000937,2020-02,560000,2.25,360,<620,81-90,,NE,Cash-Out Refinance,Primary,Multi-Family,ServicerC,2020
LN0000938,2020-03,171000,8.49,360,780+,<=60,>50,NH,Cash-Out Refinance,Primary,Condo,ServicerE,2020
LN0000939,2019-01,146000,3.625,360,,96-100,44-50,WY,Purchase,Primary,Condo,ServicerD,2019
LN0000940,2020-08,78000,4.875,360,,81-90,44-50,NE,Purchase,Primary,Co-op,ServicerA,2020
LN0000941,2019-12,71000,6.625,360,660-699,<=60,>50,DE,Refinance,Primary,Condo,ServicerB,2019
LN0000942,2021-08,87000,3.375,360,700-739,71-80,29-36,SD,Purchase,Primary,Co-op,ServicerE,2021
LN0000943,2022-01,92000,4.0,360,740-779,91-95,37-43,NE,Purchase,Primary,Multi-Family,ServicerE,2022
LN0000944,2018-01,179000,2.75,180,780+,81-90,44-50,MT,Purchase,Primary,Co-op,ServicerE,2018
LN0000945,2020-04,194000,2.75,360,660-699,81-90,>50,NE,Refinance,Investment,PUD,ServicerE,2020
LN0000946,2019-09,134000,2.875,360,<620,71-80,44-50,RI,Refinance,Primary,Condo,ServicerC,2019
LN0000947,2022-09,326000,3.25,240,620-659,71-80,<=28,KS,Cash-Out Refinance,Primary,Co-op,ServicerB,2022
LN0000948,2021-02,226000,5.5,360,780+,71-80,29-36,ID,Refinance,Primary,Single Family,ServicerB,2021
LN0000949,2020-04,353000,3.75,360,780+,<=60,<=28,MT,Purchase,Primary,PUD,ServicerC,2020
LN0000950,2020-02,68000,3.95,360,700-739,61-70,<=28,NV,Other,Primary,Condo,ServicerA,2020
LN0000951,2018-04,176000,2.59,180,740-779,91-95,44-50,ID,Other,Primary,Condo,ServicerE,2018
LN0000952,2021-11,292000,7.25,180,740-779,71-80,29-36,NH,Refinance,Primary,Single Family,ServicerE,2021
LN0000953,2022-08,197000,6.125,360,620-659,71-80,37-43,WV,Cash-Out Refinance,Primary,Condo,ServicerB,2022
LN0000954,2018-02,241000,2.99,360,780+,81-90,37-43,KS,Purchase,Primary,Co-op,ServicerB,2018
LN0000955,2021-10,367000,6.875,360,700-739,71-80,<=28,WV,Refinance,Primary,Co-op,ServicerD,2021
LN0000956,2022-01,780000,4.0,360,700-739,<=60,37-43,SD,Refinance,Secondary,PUD,ServicerD,2022
LN0000957,2022-10,212000,2.5,360,700-739,<=60,<=28,WV,Refinance,Primary,PUD,ServicerB,2022
LN0000958,2019-12,196000,3.625,180,<620,61-70,>50,ID,Refinance,Primary,PUD,ServicerD,2019
LN0000959,2019-05,486000,3.125,360,620-659,<=60,37-43,AK,Refinance,Primary,Condo,ServicerC,2019
LN0000960,2021-01,161000,5.55,180,740-779,71-80,37-43,ID,Purchase,Primary,Condo,ServicerD,2021
LN0000961,2022-06,203000,7.375,360,620-659,91-95,29-36,HI,Other,Primary,Single Family,ServicerA,2022
LN0000962,2019-10,162000,5.0,360,740-779,96-100,37-43,NM,Purchase,Primary,Multi-Family,ServicerC,2019
LN0000963,2021-03,80000,3.75,180,660-699,61-70,>50,AK,Purchase,Primary,Condo,ServicerC,2021
LN0000964,2018-09,557000,3.0,360,700-739,71-80,44-50,ID,Purchase,Primary,Condo,ServicerE,2018
LN0000965,2020-02,160000,3.25,180,660-699,<=60,<=28,MT,Purchase,Primary,Condo,ServicerC,2020
LN0000966,2022-09,263000,7.99,360,660-699,<=60,44-50,NE,Refinance,Primary,Co-op,ServicerA,2022
LN0000967,2022-09,274000,3.5,360,740-779,71-80,37-43,NH,Refinance,Primary,Co-op,ServicerD,2022
LN0000968,2022-01,135000,2.25,360,660-699,81-90,<=28,MT,Cash-Out Refinance,Primary,PUD,ServicerA,2022
LN0000969,2021-08,317000,6.375,360,700-739,61-70,44-50,DE,Purchase,Primary,Single Family,ServicerE,2021
LN0000970,2018-11,172000,3.875,240,700-739,71-80,37-43,MT,Purchase,Secondary,PUD,ServicerA,2018
LN0000971,2021-06,181000,3.99,240,740-779,96-100,29-36,NE,Refinance,Primary,PUD,ServicerE,2021
LN0000972,2020-12,378000,3.0,120,780+,91-95,44-50,MS,Refinance,Primary,Multi-Family,ServicerC,2020
LN0000973,2018-06,55000,6.74,360,740-779,61-70,44-50,ID,Purchase,Primary,PUD,ServicerB,2018
LN0000974,2018-06,182000,3.0,360,660-699,96-100,44-50,NH,Cash-Out Refinance,Primary,Multi-Family,ServicerD,2018
LN0000975,2019-12,351000,4.75,360,<620,71-80,<=28,VT,Purchase,Primary,PUD,ServicerA,2019
LN0000976,2018-10,183000,3.375,360,660-699,<=60,>50,VT,Cash-Out Refinance,Primary,Condo,ServicerA,2018
LN0000977,2020-03,110000,4.25,360,700-739,71-80,>50,WV,Purchase,Primary,PUD,ServicerA,2020
LN0000978,2018-06,225000,6.5,360,<620,71-80,44-50,NE,Purchase,Investment,Multi-Family,ServicerC,2018
LN0000979,2022-06,56000,3.5,360,700-739,<=60,<=28,,Cash-Out Refinance,Primary,Multi-Family,ServicerE,2022
LN0000980,2019-11,115000,2.875,180,700-739,91-95,29-36,DE,Refinance,Primary,Multi-Family,ServicerB,2019
LN0000981,2021-12,196000,2.5,360,660-699,71-80,37-43,AK,Purchase,Primary,Co-op,ServicerA,2021
LN0000982,2021-11,159000,2.625,360,740-779,<=60,>50,,Refinance,Primary,Co-op,ServicerB,2021
LN0000983,2019-03,49000,3.0,360,620-659,61-70,37-43,ID,Cash-Out Refinance,Primary,PUD,ServicerB,2019
LN0000984,2018-12,99000,8.415,360,<620,91-95,37-43,KS,Purchase,Investment,Multi-Family,ServicerA,2018
LN0000985,2021-01,71000,3.5,360,740-779,<=60,>50,ND,Refinance,Primary,Single Family,ServicerC,2021
LN0000986,2020-04,96000,6.25,360,700-739,61-70,37-43,NM,Purchase,Primary,Single Family,ServicerA,2020
LN0000987,2018-04,189000,2.99,360,740-779,81-90,37-43,NH,Cash-Out Refinance,Primary,Condo,ServicerB,2018
LN0000988,2018-06,102000,3.0,240,700-739,71-80,37-43,NH,Refinance,Primary,Multi-Family,ServicerA,2018
LN0000989,2020-09,474000,9.5,180,660-699,61-70,29-36,ID,Cash-Out Refinance,Primary,Multi-Family,ServicerA,2020
LN0000990,2021-09,74000,5.0,360,740-779,71-80,44-50,MS,Refinance,Investment,Condo,ServicerE,2021
LN0000991,2021-05,159000,4.5,360,740-779,71-80,44-50,NH,Other,Primary,Condo,ServicerB,2021
LN0000992,2018-11,83000,3.5,360,740-779,91-95,44-50,RI,Purchase,Primary,Condo,ServicerA,2018
LN0000993,2019-05,93000,4.25,360,660-699,81-90,37-43,WV,Purchase,Primary,Condo,ServicerC,2019
LN0000994,2020-01,158000,6.5,120,700-739,61-70,37-43,MT,Purchase,Primary,Condo,ServicerD,2020
LN0000995,2020-05,166000,5.625,180,660-699,61-70,44-50,RI,Purchase,Primary,Condo,ServicerA,2020
LN0000996,2018-06,143000,2.75,360,620-659,71-80,37-43,ID,Refinance,Primary,Single Family,ServicerB,2018
LN0000997,2021-07,56000,3.375,360,780+,61-70,37-43,,Purchase,Investment,Co-op,ServicerE,2021
LN0000998,2021-07,199000,4.0,180,620-659,71-80,37-43,NM,Purchase,Primary,Condo,ServicerA,2021
LN0000999,2020-03,110000,3.25,360,780+,61-70,44-50,SD,Refinance,Primary,Condo,ServicerB,2020
LN0001000,2021-12,260000,5.375,120,700-739,81-90,37-43,NV,Refinance,Primary,Multi-Family,ServicerE,2021
LN0001001,2021-06,67000,2.625,360,620-659,<=60,37-43,ID,Cash-Out Refinance,Primary,Single Family,ServicerA,2021
LN0001002,2022-05,209000,4.625,360,700-739,>100,37-43,SD,Purchase,Primary,Multi-Family,ServicerC,2022
LN0001003,2018-12,119000,3.25,360,780+,<=60,>50,ID,Cash-Out Refinance,Primary,PUD,ServicerC,2018
LN0001004,2021-02,122000,5.99,360,740-779,61-70,37-43,ID,Purchase,Primary,Single Family,ServicerA,2021
LN0001005,2021-10,188000,3.875,360,740-779,81-90,<=28,HI,Purchase,Primary,PUD,ServicerE,2021
LN0001006,2019-09,138000,4.5,360,740-779,71-80,29-36,ID,Cash-Out Refinance,Primary,Single Family,ServicerD,2019
LN0001007,2020-06,183000,6.125,360,740-779,71-80,44-50,DE,Refinance,Primary,Condo,ServicerD,2020
LN0001008,2018-02,85000,2.75,360,780+,<=60,29-36,WY,Purchase,Primary,Multi-Family,ServicerA,2018
LN0001009,2020-11,152000,2.75,180,660-699,71-80,37-43,ID,Purchase,Primary,Multi-Family,ServicerA,2020
LN0001010,2020-05,95000,5.125,360,700-739,71-80,44-50,NE,Purchase,Primary,Co-op,ServicerC,2020
LN0001011,2021-10,80000,5.0,180,660-699,>100,29-36,NE,Purchase,Investment,Multi-Family,ServicerB,2021
LN0001012,2021-03,259000,12.75,180,780+,71-80,44-50,ID,Purchase,Primary,Multi-Family,ServicerA,2021
LN0001013,2021-06,135000,2.875,360,780+,61-70,,ID,Purchase,Primary,Condo,ServicerB,2021
LN0001014,2021-01,127000,3.375,360,<620,71-80,37-43,ND,Refinance,Primary,PUD,ServicerC,2021
LN0001015,2020-10,151000,6.3,360,740-779,81-90,44-50,WY,Refinance,Primary,PUD,ServicerB,2020
LN0001016,2021-05,158000,3.0,360,780+,71-80,44-50,WY,Purchase,Primary,Single Family,ServicerE,2021
LN0001017,2018-02,215000,3.625,360,620-659,81-90,44-50,WV,Purchase,Primary,Multi-Family,ServicerE,2018
LN0001018,2021-06,109000,2.25,360,700-739,<=60,44-50,NM,Purchase,Primary,Condo,ServicerB,2021
LN0001019,2022-12,161000,3.25,360,780+,81-90,>50,NE,Purchase,Primary,Co-op,ServicerA,2022
LN0001020,2019-01,130000,3.5,360,<620,61-70,37-43,NE,Refinance,Primary,Multi-Family,ServicerD,2019
LN0001021,2019-10,222000,3.25,360,740-779,71-80,37-43,ID,Refinance,Primary,Single Family,ServicerE,2019
LN0001022,2021-01,126000,4.25,360,660-699,71-80,44-50,SD,Purchase,Primary,Condo,ServicerE,2021
LN0001023,2019-02,206000,3.125,360,780+,71-80,37-43,WV,Purchase,Primary,Co-op,ServicerD,2019
LN0001024,2019-11,132000,3.25,360,780+,96-100,>50,NM,Purchase,Primary,Condo,ServicerB,2019
LN0001025,2020-06,325000,4.59,360,780+,71-80,37-43,SD,Refinance,Primary,Condo,ServicerD,2020
LN0001026,2021-10,157000,6.125,360,700-739,96-100,29-36,AK,Refinance,Primary,Co-op,ServicerC,2021
LN0001027,2018-10,189000,2.625,360,780+,91-95,44-50,HI,Purchase,Primary,Condo,ServicerA,2018
LN0001028,2019-11,179000,3.125,360,780+,91-95,<=28,ID,Refinance,Primary,Co-op,ServicerB,2019
LN0001029,2021-06,46000,2.625,360,660-699,71-80,37-43,ID,Purchase,Primary,Condo,ServicerB,2021
LN0001030,2020-08,385000,3.25,240,,91-95,37-43,MT,Other,Primary,Co-op,ServicerE,2020
LN0001031,2018-10,70000,3.25,360,<620,71-80,44-50,WY,Purchase,Primary,Single Family,ServicerC,2018
LN0001032,2019-09,462000,3.25,360,,61-70,29-36,ID,Cash-Out Refinance,Primary,Multi-Family,ServicerC,2019
LN0001033,2020-07,134000,7.96,360,660-699,<=60,>50,NH,Purchase,Primary,Co-op,ServicerB,2020
LN0001034,2020-11,137000,6.75,180,620-659,,37-43,MS,Other,Primary,Multi-Family,ServicerD,2020
LN0001035,2020-04,156000,2.25,120,<620,<=60,<=28,NH,Purchase,Primary,Co-op,ServicerA,2020
LN0001036,2018-01,334000,2.125,360,740-779,<=60,37-43,MT,Refinance,Primary,Multi-Family,ServicerA,2018
LN0001037,2019-08,106000,3.25,180,660-699,<=60,44-50,HI,Refinance,Primary,Single Family,ServicerC,2019
LN0001038,2022-07,185000,3.625,180,740-779,81-90,>50,HI,Refinance,Primary,PUD,ServicerA,2022
LN0001039,2022-02,149000,3.625,360,<620,<=60,<=28,NM,Cash-Out Refinance,Primary,PUD,ServicerA,2022
LN0001040,2020-05,573000,8.999,360,660-699,81-90,44-50,NE,Refinance,Primary,Condo,ServicerD,2020
LN0001041,2021-04,155000,4.75,360,700-739,71-80,>50,HI,Refinance,Primary,Condo,ServicerA,2021
LN0001042,2022-05,250000,2.799,360,740-779,<=60,44-50,ID,Purchase,Secondary,Co-op,ServicerC,2022
LN0001043,2021-04,301000,4.5,360,660-699,71-80,37-43,WY,Purchase,Primary,Multi-Family,ServicerA,2021
LN0001044,2018-03,112000,3.625,360,740-779,81-90,37-43,MT,Purchase,Primary,Co-op,ServicerB,2018
LN0001045,2018-08,185000,5.0,360,780+,96-100,>50,WY,Purchase,Investment,Single Family,ServicerC,2018
LN0001046,2019-12,223000,5.75,360,740-779,71-80,44-50,NH,Purchase,Primary,Co-op,ServicerC,2019
LN0001047,2021-02,82000,5.625,360,660-699,<=60,29-36,,Purchase,Primary,Multi-Family,ServicerD,2021
LN0001048,2020-11,131000,3.125,120,<620,91-95,29-36,MT,Refinance,Primary,Single Family,ServicerB,2020
LN0001049,2020-12,560000,2.99,360,780+,61-70,>50,KS,Purchase,Primary,Single Family,ServicerC,2020
LN0001050,2018-09,209000,3.125,360,<620,,37-43,HI,Other,Primary,PUD,ServicerA,2018
LN0001051,2022-05,222000,4.25,360,,81-90,29-36,HI,Purchase,Investment,Co-op,ServicerE,2022
LN0001052,2020-03,214000,3.875,240,700-739,71-80,37-43,ND,Purchase,Primary,Condo,ServicerC,2020
LN0001053,2019-06,136000,3.7,360,780+,71-80,37-43,NE,Purchase,Primary,Co-op,ServicerE,2019
LN0001054,2022-04,214000,3.75,360,740-779,96-100,29-36,ID,Cash-Out Refinance,Primary,Co-op,ServicerE,2022
LN0001055,2018-04,189000,2.875,360,780+,81-90,44-50,ND,Cash-Out Refinance,Primary,Multi-Family,ServicerE,2018
LN0001056,2019-04,267000,3.875,360,660-699,96-100,37-43,VT,Purchase,Secondary,Multi-Family,ServicerE,2019
LN0001057,2021-01,337000,3.25,360,740-779,71-80,37-43,NH,Refinance,Primary,Multi-Family,ServicerE,2021
LN0001058,2020-09,62000,3.69,360,700-739,<=60,37-43,NH,Cash-Out Refinance,Primary,Co-op,ServicerB,2020
LN0001059,2022-06,299000,15.4,360,700-739,61-70,37-43,NE,Purchase,Primary,Single Family,ServicerA,2022
LN0001060,2021-09,301000,6.99,240,740-779,<=60,44-50,RI,Purchase,Primary,Condo,ServicerA,2021
LN0001061,2019-10,93000,6.125,360,780+,61-70,44-50,,Purchase,Primary,Multi-Family,ServicerE,2019
LN0001062,2018-02,144000,2.5,180,780+,81-90,37-43,NM,Refinance,Primary,Co-op,ServicerD,2018
LN0001063,2020-07,83000,4.0,180,740-779,<=60,37-43,NE,Purchase,Primary,Single Family,ServicerB,2020
LN0001064,2021-09,108000,4.375,360,700-739,71-80,<=28,NE,Cash-Out Refinance,Primary,Multi-Family,ServicerE,2021
LN0001065,2021-07,146000,2.25,360,700-739,71-80,44-50,DE,Purchase,Primary,Single Family,ServicerC,2021
LN0001066,2022-02,85000,7.125,240,740-779,96-100,37-43,NM,Purchase,Secondary,Condo,ServicerC,2022
LN0001067,2019-06,258000,4.0,360,660-699,81-90,37-43,NH,Cash-Out Refinance,Primary,Single Family,ServicerB,2019
LN0001068,2018-08,101000,7.125,360,620-659,71-80,>50,NM,Purchase,Investment,Co-op,ServicerB,2018
LN0001069,2021-11,56000,3.75,360,660-699,71-80,37-43,MT,Cash-Out Refinance,Primary,Single Family,ServicerE,2021
LN0001070,2022-06,108000,3.99,360,660-699,91-95,44-50,ID,Cash-Out Refinance,Primary,Single Family,ServicerC,2022
LN0001071,2019-09,262000,4.5,360,660-699,<=60,37-43,NH,Purchase,Primary,Co-op,ServicerC,2019
LN0001072,2022-03,219000,3.375,360,660-699,71-80,37-43,DE,Refinance,Secondary,Multi-Family,ServicerA,2022
LN0001073,2019-07,291000,7.85,360,<620,96-100,44-50,MS,Cash-Out Refinance,Primary,PUD,ServicerC,2019
LN0001074,2022-01,91000,2.75,360,<620,61-70,>50,KS,Cash-Out Refinance,Primary,Single Family,ServicerC,2022
LN0001075,2018-09,136000,3.25,360,780+,71-80,29-36,NE,Purchase,Primary,Multi-Family,ServicerD,2018
LN0001076,2019-05,111000,2.5,360,700-739,,<=28,NE,Refinance,Primary,Condo,ServicerE,2019
LN0001077,2019-03,66000,5.0,360,700-739,61-70,>50,ID,Purchase,Investment,Multi-Family,ServicerA,2019
LN0001078,2020-12,72000,3.0,180,740-779,<=60,37-43,SD,Refinance,Primary,Single Family,ServicerB,2020
LN0001079,2019-06,323000,1.99,360,660-699,91-95,37-43,NM,Refinance,Primary,Co-op,ServicerC,2019
LN0001080,2022-05,365000,7.99,360,780+,71-80,44-50,WV,Purchase,Primary,Condo,ServicerA,2022
LN0001081,2018-05,90000,3.25,360,740-779,91-95,44-50,ID,Purchase,Primary,PUD,ServicerE,2018
LN0001082,2019-11,148000,1.99,360,620-659,71-80,37-43,ID,Purchase,Primary,PUD,ServicerA,2019
LN0001083,2022-05,166000,4.75,360,700-739,81-90,37-43,ID,Cash-Out Refinance,Primary,Co-op,ServicerB,2022
LN0001084,2019-11,93000,2.99,360,780+,<=60,29-36,ID,Cash-Out Refinance,Investment,Co-op,ServicerD,2019
LN0001085,2020-10,423000,2.5,360,780+,71-80,37-43,VT,Refinance,Primary,Multi-Family,ServicerB,2020
LN0001086,2022-02,58000,2.875,360,700-739,81-90,29-36,ID,Cash-Out Refinance,Primary,PUD,ServicerE,2022
LN0001087,2022-11,120000,4.125,360,740-779,61-70,37-43,HI,Cash-Out Refinance,Investment,Multi-Family,ServicerD,2022
LN0001088,2019-10,109000,5.0,360,620-659,71-80,29-36,NH,Purchase,Primary,Condo,ServicerA,2019
LN0001089,2022-03,142000,5.625,240,780+,<=60,37-43,WV,Purchase,Primary,Single Family,ServicerC,2022
LN0001090,2019-11,70000,3.75,360,660-699,<=60,37-43,ID,Refinance,Primary,Condo,ServicerD,2019
LN0001091,2022-12,180000,4.125,360,780+,<=60,>50,DE,Refinance,Secondary,Condo,ServicerB,2022
LN0001092,2022-06,99000,5.625,120,740-779,<=60,44-50,NE,Cash-Out Refinance,Primary,Co-op,ServicerE,2022
LN0001093,2022-01,90000,6.25,360,740-779,61-70,>50,SD,Purchase,Primary,Multi-Family,ServicerC,2022
LN0001094,2018-02,280000,3.75,360,700-739,71-80,37-43,ID,Cash-Out Refinance,Primary,Co-op,ServicerC,2018
LN0001095,2018-11,211000,3.125,360,660-699,71-80,<=28,NM,Cash-Out Refinance,Primary,Multi-Family,ServicerC,2018
LN0001096,2022-05,106000,6.0,120,620-659,,<=28,NE,Refinance,Primary,Condo,ServicerD,2022
LN0001097,2019-10,166000,4.49,360,660-699,71-80,<=28,SD,Cash-Out Refinance,Primary,Co-op,ServicerA,2019
LN0001098,2021-10,176000,4.25,360,620-659,71-80,>50,ID,Refinance,Primary,Multi-Family,ServicerE,2021
LN0001099,2018-08,112000,2.25,360,740-779,<=60,44-50,NH,Cash-Out Refinance,Primary,Condo,ServicerE,2018
LN0001100,2022-05,68000,8.5,360,660-699,81-90,37-43,MT,Purchase,Primary,Condo,ServicerE,2022
LN0001101,2020-08,146000,4.5,180,<620,71-80,<=28,NE,Purchase,Primary,PUD,ServicerA,2020
LN0001102,2019-11,205000,7.0,180,780+,91-95,37-43,NH,Purchase,Primary,Co-op,ServicerE,2019
LN0001103,2021-05,169000,3.75,360,780+,61-70,37-43,SD,Purchase,Primary,Condo,ServicerA,2021
LN0001104,2021-02,214000,3.25,360,780+,<=60,37-43,NH,Purchase,Primary,Co-op,ServicerA,2021
LN0001105,2018-03,181000,5.99,360,780+,71-80,37-43,RI,Refinance,Primary,Co-op,ServicerB,2018
LN0001106,2021-07,124000,2.5,360,620-659,<=60,37-43,MT,Refinance,Primary,PUD,ServicerE,2021
LN0001107,2021-08,452000,6.75,360,700-739,81-90,37-43,SD,Purchase,Primary,Multi-Family,ServicerA,2021
LN0001108,2019-06,114000,5.99,360,740-779,71-80,37-43,MS,Purchase,Primary,PUD,ServicerD,2019
LN0001109,2022-03,166000,5.49,120,740-779,91-95,37-43,ID,Cash-Out Refinance,Primary,PUD,ServicerC,2022
LN0001110,2020-12,160000,1.99,360,620-659,61-70,<=28,RI,Other,Primary,Condo,ServicerA,2020
LN0001111,2020-12,126000,3.99,360,740-779,71-80,44-50,NH,Purchase,Primary,PUD,ServicerD,2020
LN0001112,2020-07,193000,5.75,360,660-699,,29-36,ID,Purchase,Secondary,Single Family,ServicerE,2020
LN0001113,2019-06,155000,3.625,360,660-699,91-95,29-36,NH,Cash-Out Refinance,Primary,PUD,ServicerC,2019
LN0001114,2022-09,83000,2.875,180,700-739,96-100,>50,NE,Refinance,Primary,Single Family,ServicerC,2022
LN0001115,2018-06,351000,6.625,120,700-739,,37-43,WV,Purchase,Primary,PUD,ServicerA,2018
LN0001116,2019-08,88000,5.99,360,700-739,<=60,29-36,RI,Cash-Out Refinance,Primary,PUD,ServicerD,2019
LN0001117,2018-05,237000,3.24,360,620-659,<=60,>50,MT,Refinance,Primary,Co-op,ServicerD,2018
LN0001118,2021-04,216000,2.375,360,780+,>100,29-36,RI,Refinance,Primary,PUD,ServicerC,2021
LN0001119,2019-02,123000,2.99,360,660-699,81-90,37-43,ID,Refinance,Primary,Multi-Family,ServicerE,2019
LN0001120,2018-05,224000,3.125,180,620-659,<=60,37-43,ID,Purchase,Primary,Multi-Family,ServicerC,2018
LN0001121,2021-10,120000,4.0,360,780+,<=60,37-43,NE,Purchase,Primary,Condo,ServicerD,2021
LN0001122,2021-04,164000,2.75,360,780+,71-80,44-50,NM,Purchase,Primary,Co-op,ServicerD,2021
LN0001123,2019-06,106000,2.25,360,780+,81-90,44-50,RI,Refinance,Primary,Condo,ServicerD,2019
LN0001124,2022-12,98000,7.344,360,740-779,91-95,>50,KS,Purchase,Primary,Single Family,ServicerB,2022
LN0001125,2020-04,174000,6.74,360,,61-70,>50,DE,Refinance,Primary,PUD,ServicerB,2020
LN0001126,2019-08,116000,7.786,360,700-739,<=60,44-50,NM,Cash-Out Refinance,Primary,Co-op,ServicerC,2019
LN0001127,2022-08,191000,3.19,360,620-659,71-80,29-36,RI,Cash-Out Refinance,Primary,Single Family,ServicerD,2022
LN0001128,2021-05,283000,2.75,240,700-739,91-95,44-50,NH,Refinance,Primary,Condo,ServicerA,2021
LN0001129,2021-01,109000,2.875,360,660-699,<=60,37-43,SD,Cash-Out Refinance,Primary,Single Family,ServicerD,2021
LN0001130,2018-07,85000,4.0,360,660-699,96-100,<=28,MT,Purchase,Primary,Co-op,ServicerA,2018
LN0001131,2022-08,240000,3.25,360,740-779,<=60,37-43,ID,Cash-Out Refinance,Primary,Single Family,ServicerE,2022
LN0001132,2019-04,96000,2.75,360,700-739,,44-50,ID,Refinance,Primary,Single Family,ServicerB,2019
LN0001133,2022-06,221000,3.375,360,620-659,91-95,29-36,WV,Cash-Out Refinance,Primary,Condo,ServicerB,2022
LN0001134,2018-01,283000,4.3,360,660-699,96-100,44-50,NE,Purchase,Primary,Condo,ServicerA,2018
LN0001135,2020-08,174000,2.95,360,740-779,<=60,37-43,RI,Purchase,Investment,Multi-Family,ServicerA,2020
LN0001136,2022-11,189000,6.75,360,<620,61-70,44-50,,Refinance,Primary,Single Family,ServicerA,2022
LN0001137,2021-05,99000,5.625,360,780+,61-70,44-50,ID,Refinance,Primary,Condo,ServicerA,2021
LN0001138,2022-01,54000,3.375,360,700-739,<=60,29-36,HI,Purchase,Secondary,Co-op,ServicerE,2022
LN0001139,2018-07,100000,2.75,360,700-739,<=60,44-50,MT,Purchase,Primary,Condo,ServicerD,2018
LN0001140,2019-05,158000,3.25,360,700-739,,44-50,SD,Purchase,Primary,Multi-Family,ServicerD,2019
LN0001141,2020-07,191000,6.375,360,780+,<=60,37-43,DE,Refinance,Primary,Single Family,ServicerC,2020
LN0001142,2020-01,98000,6.1,360,660-699,71-80,44-50,SD,Cash-Out Refinance,Primary,PUD,ServicerA,2020
LN0001143,2021-01,125000,3.25,120,740-779,<=60,37-43,ID,Cash-Out Refinance,Primary,PUD,ServicerB,2021
LN0001144,2022-09,284000,4.375,360,700-739,71-80,29-36,KS,Purchase,Primary,Co-op,ServicerD,2022
LN0001145,2019-06,62000,3.0,240,,<=60,29-36,ID,Purchase,Primary,Co-op,ServicerC,2019
LN0001146,2022-05,303000,5.75,360,780+,<=60,,NE,Purchase,Primary,Co-op,ServicerB,2022
LN0001147,2018-07,210000,3.375,120,740-779,<=60,44-50,NH,Cash-Out Refinance,Primary,PUD,ServicerA,2018
LN0001148,2022-08,133000,1.99,180,740-779,96-100,37-43,SD,Purchase,Primary,Condo,ServicerC,2022
LN0001149,2022-05,94000,3.74,360,780+,71-80,29-36,NV,Purchase,Primary,PUD,ServicerC,2022
LN0001150,2022-11,293000,3.125,120,780+,96-100,29-36,NM,Refinance,Primary,Co-op,ServicerE,2022
LN0001151,2022-02,157000,3.25,240,,<=60,44-50,ID,Refinance,Primary,PUD,ServicerC,2022
LN0001152,2019-02,74000,3.875,360,780+,<=60,,WV,Refinance,Primary,Multi-Family,ServicerC,2019
LN0001153,2021-06,179000,3.375,360,740-779,71-80,44-50,NV,Other,Primary,Single Family,ServicerC,2021
LN0001154,2020-09,255000,8.5,360,740-779,91-95,>50,SD,Refinance,Primary,PUD,ServicerB,2020
LN0001155,2020-03,130000,3.625,360,740-779,96-100,44-50,NE,Refinance,Primary,Multi-Family,ServicerD,2020
LN0001156,2019-10,101000,2.5,360,740-779,61-70,,RI,Refinance,Primary,Single Family,ServicerA,2019
LN0001157,2022-07,159000,3.69,360,620-659,>100,37-43,NH,Purchase,Primary,Single Family,ServicerC,2022
LN0001158,2022-01,99000,3.25,360,780+,81-90,,ID,Cash-Out Refinance,Primary,Single Family,ServicerA,2022
LN0001159,2018-01,158000,3.25,360,780+,71-80,>50,SD,Purchase,Primary,Single Family,ServicerE,2018
LN0001160,2019-12,252000,2.75,360,<620,71-80,37-43,WY,Refinance,Primary,PUD,ServicerB,2019
LN0001161,2020-08,121000,2.25,360,780+,<=60,37-43,MT,Refinance,Primary,Co-op,ServicerA,2020
LN0001162,2022-08,90000,5.5,360,620-659,<=60,44-50,ID,Refinance,Secondary,Single Family,ServicerC,2022
LN0001163,2019-10,148000,3.25,360,660-699,91-95,37-43,WY,Purchase,Primary,Single Family,ServicerC,2019
LN0001164,2022-03,131000,4.5,120,740-779,61-70,37-43,NH,Refinance,Primary,Single Family,ServicerD,2022
LN0001165,2020-10,149000,2.25,360,620-659,<=60,37-43,ID,Purchase,Investment,PUD,ServicerC,2020
LN0001166,2020-03,273000,2.25,360,740-779,71-80,<=28,NE,Purchase,Primary,Multi-Family,ServicerB,2020
LN0001167,2021-10,56000,4.875,360,780+,81-90,29-36,MT,Purchase,Primary,Condo,ServicerC,2021
LN0001168,2020-10,58000,6.25,180,700-739,<=60,44-50,NV,Purchase,Primary,Condo,ServicerA,2020
LN0001169,2020-09,52000,5.125,360,<620,91-95,>50,NE,Purchase,Primary,Single Family,ServicerB,2020
LN0001170,2022-09,117000,4.375,360,660-699,61-70,29-36,VT,Refinance,Primary,Condo,ServicerB,2022
LN0001171,2021-12,125000,8.24,360,740-779,91-95,37-43,DE,Refinance,Primary,Condo,ServicerB,2021
LN0001172,2022-05,219000,2.875,360,780+,71-80,44-50,WY,Cash-Out Refinance,Primary,PUD,ServicerC,2022
LN0001173,2021-01,98000,2.875,360,740-779,61-70,44-50,NM,Purchase,Primary,PUD,ServicerE,2021
LN0001174,2020-06,125000,3.125,240,660-699,<=60,29-36,ID,Purchase,Primary,Co-op,ServicerE,2020
LN0001175,2018-07,150000,2.875,360,740-779,71-80,37-43,WV,Cash-Out Refinance,Primary,Single Family,ServicerE,2018
LN0001176,2022-05,286000,6.0,240,700-739,61-70,37-43,NH,Purchase,Primary,Condo,ServicerC,2022
LN0001177,2018-10,229000,4.0,360,740-779,71-80,37-43,AK,Purchase,Primary,Multi-Family,ServicerB,2018
LN0001178,2021-05,72000,6.25,120,620-659,96-100,<=28,WV,Refinance,Primary,Condo,ServicerD,2021
LN0001179,2022-10,349000,3.99,360,740-779,71-80,37-43,MT,Refinance,Primary,Multi-Family,ServicerD,2022
LN0001180,2019-12,324000,3.375,120,700-739,96-100,29-36,AK,Cash-Out Refinance,Primary,Multi-Family,ServicerD,2019
LN0001181,2018-10,126000,3.25,240,780+,96-100,44-50,VT,Refinance,Primary,Condo,ServicerD,2018
LN0001182,2021-03,484000,5.625,360,660-699,71-80,37-43,ID,Refinance,Primary,Multi-Family,ServicerC,2021
LN0001183,2022-11,315000,8.25,120,740-779,96-100,,NH,Cash-Out Refinance,Primary,Condo,ServicerE,2022
LN0001184,2022-07,208000,5.25,240,780+,61-70,44-50,AK,Refinance,Primary,Co-op,ServicerE,2022
LN0001185,2019-11,108000,2.25,180,620-659,96-100,44-50,SD,Purchase,Primary,Condo,ServicerC,2019
LN0001186,2019-01,80000,4.379,360,780+,<=60,37-43,NH,Refinance,Primary,Multi-Family,ServicerD,2019
LN0001187,2022-12,172000,3.25,360,740-779,91-95,44-50,ID,Cash-Out Refinance,Primary,PUD,ServicerD,2022
LN0001188,2018-04,178000,4.25,360,<620,,44-50,NH,Purchase,Primary,Co-op,ServicerA,2018
LN0001189,2018-08,149000,6.75,180,660-699,71-80,>50,AK,Purchase,Primary,Co-op,ServicerD,2018
LN0001190,2020-07,182000,2.99,360,740-779,<=60,37-43,RI,Refinance,Primary,Single Family,ServicerC,2020
LN0001191,2019-07,462000,2.125,180,<620,71-80,37-43,NH,Refinance,Secondary,Multi-Family,ServicerE,2019
LN0001192,2019-07,263000,3.0,360,700-739,61-70,,VT,Purchase,Primary,Condo,ServicerA,2019
LN0001193,2022-10,162000,6.75,240,660-699,>100,44-50,NH,Cash-Out Refinance,Primary,Single Family,ServicerD,2022
LN0001194,2021-12,363000,2.712,180,740-779,61-70,37-43,ID,Refinance,Secondary,Co-op,ServicerE,2021
LN0001195,2018-12,142000,8.74,360,<620,71-80,<=28,NE,Refinance,Primary,PUD,ServicerE,2018
LN0001196,2019-09,118000,4.19,360,780+,81-90,<=28,WV,Purchase,Primary,Condo,ServicerE,2019
LN0001197,2019-09,522000,4.125,360,780+,<=60,44-50,ID,Refinance,Primary,PUD,ServicerC,2019
LN0001198,2020-11,580000,6.875,360,780+,71-80,29-36,DE,Purchase,Primary,PUD,ServicerC,2020
LN0001199,2021-09,219000,7.437,360,740-779,71-80,29-36,NE,Purchase,Primary,Condo,ServicerE,2021
LN0001200,2021-06,372000,5.0,360,620-659,96-100,37-43,VT,Refinance,Primary,Multi-Family,ServicerE,2021
LN0001201,2019-08,38000,3.125,360,740-779,,<=28,ND,Refinance,Primary,Multi-Family,ServicerD,2019
LN0001202,2022-06,262000,3.875,360,<620,96-100,<=28,NE,Cash-Out Refinance,Primary,Single Family,ServicerD,2022
LN0001203,2022-06,238000,3.125,360,<620,<=60,29-36,NH,Purchase,Primary,Co-op,ServicerA,2022
LN0001204,2020-10,92000,9.5,360,660-699,<=60,>50,AK,Purchase,Investment,Multi-Family,ServicerB,2020
LN0001205,2021-04,178000,4.75,180,700-739,71-80,37-43,MT,Refinance,Primary,Condo,ServicerB,2021
LN0001206,2019-05,140000,2.25,360,740-779,96-100,29-36,NE,Purchase,Primary,Single Family,ServicerC,2019
LN0001207,2022-05,61000,2.99,360,740-779,96-100,37-43,ID,Cash-Out Refinance,Investment,Single Family,ServicerA,2022
LN0001208,2019-05,321000,4.0,360,700-739,96-100,29-36,NE,Purchase,Primary,PUD,ServicerE,2019
LN0001209,2020-12,86000,3.99,360,,81-90,37-43,AK,Purchase,Primary,Single Family,ServicerC,2020
LN0001210,2019-12,192000,4.03,240,780+,,37-43,MT,Cash-Out Refinance,Primary,Multi-Family,ServicerE,2019
LN0001211,2021-06,56000,2.75,360,700-739,<=60,<=28,NH,Purchase,Primary,Condo,ServicerA,2021
LN0001212,2021-06,293000,4.75,360,700-739,<=60,37-43,WV,Purchase,Primary,Single Family,ServicerB,2021
LN0001213,2022-12,135000,3.875,180,620-659,<=60,<=28,HI,Purchase,Primary,Single Family,ServicerD,2022
LN0001214,2020-05,144000,8.3,360,740-779,61-70,37-43,WV,Refinance,Primary,Single Family,ServicerD,2020
LN0001215,2018-10,219000,2.75,180,740-779,81-90,37-43,WY,Cash-Out Refinance,Primary,Condo,ServicerC,2018
LN0001216,2022-07,180000,7.75,360,660-699,71-80,44-50,HI,Purchase,Secondary,Single Family,ServicerA,2022
LN0001217,2021-06,77000,2.875,360,620-659,91-95,37-43,,Other,Primary,Multi-Family,ServicerA,2021
LN0001218,2019-05,313000,7.125,360,740-779,<=60,37-43,NE,Refinance,Primary,Co-op,ServicerC,2019
LN0001219,2018-05,161000,2.875,360,740-779,81-90,44-50,NM,Refinance,Primary,Co-op,ServicerA,2018
LN0001220,2018-06,51000,3.875,360,660-699,61-70,<=28,SD,Refinance,Primary,Multi-Family,ServicerC,2018
LN0001221,2021-11,184000,3.125,180,780+,91-95,44-50,ID,Purchase,Primary,PUD,ServicerB,2021
LN0001222,2020-12,123000,3.25,360,620-659,71-80,37-43,,Refinance,Primary,Single Family,ServicerA,2020
LN0001223,2021-04,202000,2.875,360,700-739,71-80,37-43,MT,Purchase,Primary,Single Family,ServicerD,2021
LN0001224,2019-09,191000,3.375,120,780+,96-100,29-36,NM,Purchase,Primary,Multi-Family,ServicerE,2019
LN0001225,2020-09,114000,4.0,180,700-739,91-95,37-43,NH,Purchase,Primary,Multi-Family,ServicerC,2020
LN0001226,2020-03,194000,3.5,360,740-779,<=60,44-50,RI,Purchase,Primary,Multi-Family,ServicerE,2020
LN0001227,2018-10,187000,1.0,120,700-739,81-90,44-50,NE,Refinance,Primary,Co-op,ServicerC,2018
LN0001228,2022-04,136000,5.5,360,660-699,91-95,>50,ID,Cash-Out Refinance,Primary,Single Family,ServicerC,2022
LN0001229,2019-01,217000,7.74,360,780+,<=60,44-50,RI,Refinance,Primary,Multi-Family,ServicerB,2019
LN0001230,2022-04,92000,3.125,360,700-739,61-70,44-50,RI,Cash-Out Refinance,Primary,Condo,ServicerD,2022
LN0001231,2019-01,188000,5.5,180,780+,61-70,29-36,ID,Purchase,Investment,Condo,ServicerC,2019
LN0001232,2018-07,148000,6.0,360,660-699,<=60,44-50,NM,Purchase,Primary,Single Family,ServicerA,2018
LN0001233,2020-12,199000,8.125,360,660-699,91-95,44-50,ID,Cash-Out Refinance,Primary,Multi-Family,ServicerE,2020
LN0001234,2021-02,258000,3.75,360,<620,81-90,37-43,NE,Purchase,Primary,Single Family,ServicerA,2021
LN0001235,2019-01,136000,2.5,360,740-779,96-100,<=28,NH,Refinance,Primary,Multi-Family,ServicerB,2019
LN0001236,2022-03,168000,2.625,240,660-699,71-80,44-50,SD,Purchase,Primary,Co-op,ServicerA,2022
LN0001237,2021-11,194000,2.875,180,780+,71-80,37-43,ID,Purchase,Primary,Condo,ServicerB,2021
LN0001238,2021-08,113000,2.875,360,700-739,,37-43,WV,Refinance,Primary,PUD,ServicerD,2021
LN0001239,2019-05,134000,5.125,360,780+,81-90,37-43,WV,Refinance,Primary,Co-op,ServicerE,2019
LN0001240,2020-05,179000,5.875,360,620-659,96-100,37-43,HI,Purchase,Primary,Single Family,ServicerE,2020
LN0001241,2018-02,93000,6.375,360,780+,71-80,<=28,DE,Purchase,Primary,Single Family,ServicerA,2018
LN0001242,2022-04,306000,3.375,360,740-779,71-80,<=28,AK,Purchase,Primary,PUD,ServicerD,2022
LN0001243,2022-12,227000,7.75,240,740-779,,,NH,Refinance,Primary,PUD,ServicerA,2022
LN0001244,2018-03,126000,3.375,360,780+,96-100,<=28,RI,Purchase,Primary,Condo,ServicerA,2018
LN0001245,2021-03,76000,3.5,360,740-779,61-70,37-43,NE,Purchase,Primary,PUD,ServicerA,2021
LN0001246,2018-07,585000,3.875,360,740-779,61-70,37-43,NM,Purchase,Primary,Single Family,ServicerE,2018
LN0001247,2021-03,85000,3.75,360,620-659,<=60,44-50,NH,Refinance,Primary,PUD,ServicerC,2021
LN0001248,2020-01,155000,5.0,240,<620,<=60,37-43,NH,Refinance,Primary,Condo,ServicerE,2020
LN0001249,2018-05,166000,6.625,360,780+,71-80,>50,WV,Other,Primary,Multi-Family,ServicerB,2018
LN0001250,2022-10,263000,4.05,360,740-779,96-100,>50,ID,Refinance,Secondary,Condo,ServicerD,2022
LN0001251,2018-06,207000,4.15,360,740-779,<=60,29-36,NE,Refinance,Primary,Co-op,ServicerD,2018
LN0001252,2020-08,68000,6.625,360,700-739,,>50,NH,Refinance,Primary,PUD,ServicerE,2020
LN0001253,2022-09,126000,2.95,360,620-659,96-100,44-50,SD,Cash-Out Refinance,Primary,Co-op,ServicerC,2022
LN0001254,2021-03,220000,4.25,360,620-659,71-80,37-43,DE,Refinance,Primary,Co-op,ServicerD,2021
LN0001255,2022-08,174000,2.25,120,740-779,81-90,37-43,NV,Purchase,Primary,Condo,ServicerE,2022
LN0001256,2020-04,203000,3.625,360,700-739,71-80,<=28,NE,Purchase,Primary,Single Family,ServicerD,2020
LN0001257,2018-06,121000,5.0,180,,71-80,37-43,WV,Refinance,Secondary,PUD,ServicerD,2018
LN0001258,2019-12,120000,3.375,360,700-739,71-80,<=28,KS,Purchase,Primary,Co-op,ServicerA,2019
LN0001259,2021-11,85000,2.375,360,<620,71-80,<=28,SD,Purchase,Primary,Multi-Family,ServicerD,2021
LN0001260,2020-12,185000,3.99,360,700-739,<=60,44-50,WY,Purchase,Primary,PUD,ServicerD,2020
LN0001261,2019-01,273000,3.25,360,660-699,<=60,37-43,NM,Purchase,Primary,Single Family,ServicerE,2019
LN0001262,2020-05,126000,3.125,240,740-779,81-90,29-36,ID,Cash-Out Refinance,Primary,Condo,ServicerC,2020
LN0001263,2022-11,171000,5.25,360,660-699,91-95,37-43,NV,Purchase,Primary,Multi-Family,ServicerB,2022
LN0001264,2019-03,85000,3.125,360,700-739,71-80,37-43,NE,Purchase,Primary,Co-op,ServicerA,2019
LN0001265,2022-11,127000,4.0,240,<620,96-100,37-43,KS,Purchase,Primary,Condo,ServicerD,2022
LN0001266,2021-07,179000,2.99,360,<620,96-100,44-50,MT,Purchase,Primary,Condo,ServicerC,2021
LN0001267,2022-06,153000,7.375,360,700-739,61-70,44-50,NH,Purchase,Primary,Condo,ServicerE,2022
LN0001268,2018-07,384000,3.625,360,700-739,71-80,37-43,WV,Purchase,Primary,Condo,ServicerA,2018
LN0001269,2018-03,113000,3.9,360,740-779,<=60,44-50,ID,Purchase,Primary,Multi-Family,ServicerB,2018
LN0001270,2019-08,356000,9.0,360,660-699,71-80,44-50,MT,Purchase,Investment,Co-op,ServicerE,2019
LN0001271,2020-04,123000,4.125,360,740-779,71-80,37-43,NE,Cash-Out Refinance,Primary,Single Family,ServicerC,2020
LN0001272,2018-05,79000,3.375,360,780+,91-95,44-50,VT,Cash-Out Refinance,Primary,PUD,ServicerB,2018
LN0001273,2021-04,381000,3.375,360,740-779,71-80,37-43,NH,Refinance,Primary,Condo,ServicerD,2021
LN0001274,2021-05,547000,2.5,360,<620,<=60,29-36,MT,Cash-Out Refinance,Primary,Co-op,ServicerB,2021
LN0001275,2020-05,163000,8.75,120,700-739,71-80,37-43,MT,Purchase,Primary,Condo,ServicerA,2020
LN0001276,2022-12,129000,2.75,360,620-659,,44-50,NM,Cash-Out Refinance,Primary,Co-op,ServicerB,2022
LN0001277,2022-01,193000,7.25,360,660-699,<=60,>50,KS,Purchase,Primary,Co-op,ServicerD,2022
LN0001278,2020-11,285000,7.29,360,780+,<=60,37-43,ID,Purchase,Primary,Multi-Family,ServicerB,2020
LN0001279,2020-12,104000,2.25,360,620-659,71-80,37-43,NH,Purchase,Primary,Co-op,ServicerC,2020
LN0001280,2019-01,115000,6.931,360,700-739,71-80,37-43,ID,Cash-Out Refinance,Primary,Multi-Family,ServicerE,2019
LN0001281,2018-08,248000,3.025,360,740-779,<=60,29-36,NH,Purchase,Primary,Condo,ServicerA,2018
LN0001282,2020-03,115000,3.75,360,740-779,71-80,>50,MT,Cash-Out Refinance,Primary,PUD,ServicerD,2020
LN0001283,2021-11,77000,2.625,360,700-739,71-80,29-36,,Refinance,Investment,Single Family,ServicerE,2021
LN0001284,2022-12,74000,8.25,180,,91-95,37-43,MT,Refinance,Primary,Co-op,ServicerA,2022
LN0001285,2020-12,356000,2.375,240,660-699,71-80,44-50,ID,Purchase,Primary,Single Family,ServicerC,2020
LN0001286,2018-11,91000,3.25,360,700-739,61-70,37-43,ID,Purchase,Primary,Condo,ServicerA,2018
LN0001287,2020-06,224000,3.5,360,620-659,<=60,37-43,NH,Refinance,Primary,PUD,ServicerD,2020
LN0001288,2022-04,176000,2.875,360,660-699,96-100,<=28,WV,Other,Primary,Condo,ServicerB,2022
LN0001289,2019-03,156000,3.375,180,<620,61-70,37-43,MT,Purchase,Primary,Multi-Family,ServicerD,2019
LN0001290,2021-03,190000,3.125,360,<620,71-80,29-36,VT,Purchase,Secondary,Condo,ServicerD,2021
LN0001291,2021-12,94000,7.39,360,700-739,<=60,37-43,NV,Other,Primary,Condo,ServicerD,2021
LN0001292,2022-06,303000,1.99,240,620-659,>100,37-43,WV,Cash-Out Refinance,Primary,Condo,ServicerD,2022
LN0001293,2021-12,94000,3.5,360,700-739,91-95,44-50,DE,Other,Primary,PUD,ServicerB,2021
LN0001294,2022-08,249000,4.875,360,740-779,96-100,37-43,NE,Purchase,Primary,Co-op,ServicerE,2022
LN0001295,2022-11,73000,3.625,360,740-779,71-80,,NH,Refinance,Primary,PUD,ServicerD,2022
LN0001296,2019-04,106000,2.875,360,,61-70,37-43,AK,Refinance,Primary,Co-op,ServicerB,2019
LN0001297,2022-02,83000,3.125,360,620-659,71-80,44-50,NE,Cash-Out Refinance,Primary,Multi-Family,ServicerE,2022
LN0001298,2022-08,67000,4.125,240,620-659,71-80,44-50,NM,Cash-Out Refinance,Primary,Single Family,ServicerC,2022
LN0001299,2022-12,359000,11.625,180,740-779,<=60,44-50,NH,Other,Primary,Multi-Family,ServicerD,2022
LN0001300,2020-02,115000,2.625,180,740-779,96-100,37-43,NE,Purchase,Primary,Multi-Family,ServicerB,2020
LN0001301,2022-02,347000,3.0,180,<620,<=60,37-43,DE,Cash-Out Refinance,Primary,Multi-Family,ServicerE,2022
LN0001302,2018-09,155000,6.0,360,780+,<=60,37-43,KS,Purchase,Primary,PUD,ServicerE,2018
LN0001303,2022-04,150000,6.95,360,<620,61-70,44-50,MT,Refinance,Primary,PUD,ServicerA,2022
LN0001304,2022-09,76000,3.375,180,700-739,81-90,37-43,KS,Cash-Out Refinance,Primary,Co-op,ServicerB,2022
LN0001305,2019-03,349000,5.375,240,,96-100,>50,MT,Cash-Out Refinance,Primary,Condo,ServicerA,2019
LN0001306,2020-09,207000,4.125,180,780+,61-70,37-43,MT,Purchase,Primary,PUD,ServicerA,2020
LN0001307,2021-02,211000,3.125,360,740-779,61-70,37-43,MT,Purchase,Investment,PUD,ServicerB,2021
LN0001308,2019-12,63000,4.74,240,740-779,96-100,37-43,NE,Refinance,Primary,PUD,ServicerA,2019
LN0001309,2022-08,111000,7.446,360,660-699,81-90,<=28,KS,Purchase,Primary,Multi-Family,ServicerE,2022
LN0001310,2018-09,123000,3.0,360,740-779,71-80,37-43,DE,Refinance,Investment,PUD,ServicerA,2018
LN0001311,2021-01,155000,2.75,360,620-659,<=60,37-43,ID,Cash-Out Refinance,Primary,PUD,ServicerD,2021
LN0001312,2021-03,226000,4.25,180,780+,96-100,29-36,ID,Purchase,Primary,Multi-Family,ServicerB,2021
LN0001313,2022-07,210000,8.5,360,700-739,91-95,<=28,NH,Cash-Out Refinance,Primary,Multi-Family,ServicerD,2022
LN0001314,2021-10,236000,6.5,180,740-779,71-80,37-43,SD,Cash-Out Refinance,Primary,Single Family,ServicerA,2021
LN0001315,2018-09,226000,9.6,360,700-739,71-80,<=28,KS,Purchase,Primary,PUD,ServicerB,2018
LN0001316,2021-11,141000,5.25,360,740-779,71-80,>50,SD,Refinance,Primary,Condo,ServicerD,2021
LN0001317,2020-12,449000,9.0,360,700-739,96-100,37-43,ND,Purchase,Primary,Co-op,ServicerB,2020
LN0001318,2018-07,198000,4.0,180,740-779,91-95,<=28,ID,Purchase,Primary,Single Family,ServicerC,2018
LN0001319,2020-01,194000,4.875,180,620-659,<=60,37-43,MT,Cash-Out Refinance,Primary,Condo,ServicerA,2020
LN0001320,2019-10,179000,6.29,360,<620,81-90,44-50,ID,Purchase,Primary,Co-op,ServicerA,2019
LN0001321,2018-01,104000,2.625,360,660-699,71-80,37-43,KS,Refinance,Primary,Co-op,ServicerB,2018
LN0001322,2021-06,83000,3.75,180,620-659,<=60,44-50,VT,Refinance,Investment,Single Family,ServicerC,2021
LN0001323,2018-09,131000,3.125,360,780+,91-95,37-43,WV,Refinance,Primary,Single Family,ServicerB,2018
LN0001324,2018-02,220000,4.45,360,660-699,71-80,37-43,ND,Purchase,Primary,PUD,ServicerA,2018
LN0001325,2021-01,112000,3.0,360,780+,<=60,44-50,DE,Purchase,Primary,PUD,ServicerA,2021
LN0001326,2020-07,470000,2.25,180,660-699,81-90,44-50,WY,Refinance,Primary,Co-op,ServicerB,2020
LN0001327,2019-03,156000,4.25,240,620-659,<=60,>50,NE,Refinance,Primary,Single Family,ServicerE,2019
LN0001328,2021-06,188000,5.625,180,740-779,<=60,44-50,WV,Refinance,Primary,PUD,ServicerD,2021
LN0001329,2021-08,153000,2.25,360,740-779,71-80,<=28,DE,Refinance,Primary,Multi-Family,ServicerA,2021
LN0001330,2021-07,130000,3.125,360,,61-70,>50,KS,Purchase,Primary,Single Family,ServicerD,2021
LN0001331,2018-11,89000,4.5,180,700-739,91-95,44-50,ID,Cash-Out Refinance,Primary,Multi-Family,ServicerA,2018
LN0001332,2022-03,65000,3.0,360,740-779,91-95,44-50,DE,Purchase,Primary,PUD,ServicerE,2022
LN0001333,2020-02,259000,3.65,360,660-699,<=60,44-50,ID,Purchase,Primary,Multi-Family,ServicerA,2020
LN0001334,2019-09,159000,3.625,360,780+,96-100,37-43,MT,Purchase,Primary,Co-op,ServicerB,2019
LN0001335,2021-09,139000,3.625,360,780+,<=60,44-50,NE,Purchase,Primary,PUD,ServicerD,2021
LN0001336,2019-12,94000,3.25,180,740-779,96-100,44-50,VT,Cash-Out Refinance,Primary,PUD,ServicerB,2019
LN0001337,2019-01,235000,3.95,360,620-659,61-70,44-50,MS,Purchase,Primary,Condo,ServicerD,2019
LN0001338,2018-05,146000,6.0,120,740-779,,44-50,ID,Other,Primary,Multi-Family,ServicerC,2018
LN0001339,2021-11,173000,4.0,360,<620,61-70,37-43,DE,Refinance,Primary,Multi-Family,ServicerE,2021
LN0001340,2022-07,146000,3.5,360,<620,71-80,<=28,VT,Refinance,Primary,Condo,ServicerE,2022
LN0001341,2022-07,136000,4.25,360,660-699,61-70,44-50,ID,Cash-Out Refinance,Primary,Multi-Family,ServicerD,2022
LN0001342,2019-04,258000,2.75,360,700-739,81-90,44-50,ID,Cash-Out Refinance,Primary,PUD,ServicerA,2019
LN0001343,2021-06,324000,3.5,360,780+,71-80,<=28,NM,Cash-Out Refinance,Primary,Condo,ServicerE,2021
LN0001344,2019-05,137000,2.875,180,740-779,<=60,29-36,NV,Purchase,Primary,Multi-Family,ServicerB,2019
LN0001345,2019-12,69000,3.75,360,740-779,<=60,29-36,HI,Cash-Out Refinance,Primary,Multi-Family,ServicerD,2019
LN0001346,2018-01,138000,7.375,180,700-739,81-90,<=28,AK,Purchase,Primary,PUD,ServicerB,2018
LN0001347,2021-10,93000,6.24,240,660-699,71-80,>50,NM,Refinance,Primary,Single Family,ServicerE,2021
LN0001348,2018-04,77000,3.625,360,660-699,<=60,44-50,NH,Refinance,Primary,Single Family,ServicerA,2018
LN0001349,2019-02,483000,3.375,360,780+,71-80,44-50,ID,Refinance,Primary,Condo,ServicerC,2019
LN0001350,2018-10,225000,2.375,240,<620,<=60,37-43,NE,Refinance,Primary,Multi-Family,ServicerD,2018
LN0001351,2018-08,773000,2.75,360,780+,81-90,37-43,MT,Cash-Out Refinance,Primary,Co-op,ServicerE,2018
LN0001352,2022-11,187000,2.875,360,,71-80,44-50,KS,Refinance,Primary,Co-op,ServicerD,2022
LN0001353,2018-04,129000,2.0,120,700-739,71-80,44-50,HI,Refinance,Primary,Single Family,ServicerE,2018
LN0001354,2018-07,225000,3.69,360,740-779,61-70,>50,VT,Other,Primary,PUD,ServicerC,2018
LN0001355,2021-04,140000,3.75,240,700-739,61-70,44-50,ID,Purchase,Primary,Multi-Family,ServicerC,2021
LN0001356,2022-04,96000,4.75,360,780+,71-80,44-50,ID,Refinance,Primary,Condo,ServicerB,2022
LN0001357,2018-03,347000,3.54,360,780+,>100,37-43,WY,Cash-Out Refinance,Primary,Co-op,ServicerA,2018
LN0001358,2022-05,153000,6.0,360,700-739,96-100,37-43,NM,Purchase,Primary,Condo,ServicerD,2022
LN0001359,2019-12,160000,6.35,360,660-699,<=60,44-50,RI,Refinance,Primary,PUD,ServicerA,2019
LN0001360,2022-06,210000,3.75,180,700-739,61-70,29-36,MT,Purchase,Primary,Condo,ServicerD,2022
LN0001361,2022-10,96000,5.025,360,780+,81-90,44-50,ID,Cash-Out Refinance,Primary,PUD,ServicerD,2022
LN0001362,2020-04,426000,3.375,120,660-699,<=60,44-50,NV,Purchase,Investment,PUD,ServicerC,2020
LN0001363,2020-03,167000,3.5,360,740-779,81-90,37-43,ID,Other,Primary,Co-op,ServicerB,2020
LN0001364,2022-04,69000,5.83,360,740-779,91-95,44-50,WY,Purchase,Primary,Multi-Family,ServicerB,2022
LN0001365,2021-05,140000,2.75,360,740-779,61-70,29-36,SD,Purchase,Primary,Condo,ServicerA,2021
LN0001366,2020-01,440000,2.875,240,620-659,<=60,44-50,NH,Purchase,Primary,Co-op,ServicerB,2020
LN0001367,2022-10,110000,3.5,360,740-779,71-80,37-43,HI,Refinance,Primary,Condo,ServicerD,2022
LN0001368,2019-11,204000,1.875,360,780+,<=60,37-43,HI,Purchase,Primary,Condo,ServicerA,2019
LN0001369,2021-09,185000,3.0,180,620-659,<=60,37-43,ID,Cash-Out Refinance,Primary,PUD,ServicerA,2021
LN0001370,2021-01,197000,6.125,120,660-699,61-70,44-50,ID,Purchase,Primary,Condo,ServicerB,2021
LN0001371,2020-11,162000,2.5,180,780+,71-80,44-50,NE,Purchase,Primary,Single Family,ServicerB,2020
LN0001372,2021-09,321000,8.8,360,620-659,81-90,44-50,DE,Purchase,Primary,Co-op,ServicerB,2021
LN0001373,2020-12,225000,3.49,360,780+,71-80,<=28,ID,Refinance,Primary,Single Family,ServicerE,2020
LN0001374,2021-07,178000,7.85,360,700-739,71-80,37-43,SD,Purchase,Primary,Single Family,ServicerA,2021
LN0001375,2019-05,248000,3.375,360,660-699,61-70,>50,ND,Other,Primary,Co-op,ServicerB,2019
LN0001376,2021-03,66000,3.25,360,780+,81-90,>50,NV,Cash-Out Refinance,Primary,Single Family,ServicerE,2021
LN0001377,2022-08,206000,3.999,360,700-739,<=60,37-43,MT,Refinance,Investment,Multi-Family,ServicerD,2022
LN0001378,2019-04,148000,3.625,360,700-739,81-90,44-50,SD,Refinance,Primary,Co-op,ServicerA,2019
LN0001379,2020-12,173000,4.125,240,660-699,<=60,37-43,NM,Cash-Out Refinance,Primary,Multi-Family,ServicerE,2020
LN0001380,2019-08,364000,3.25,360,700-739,96-100,44-50,NE,Refinance,Primary,Single Family,ServicerC,2019
LN0001381,2018-09,268000,3.0,360,620-659,91-95,<=28,ID,Cash-Out Refinance,Primary,Co-op,ServicerB,2018
LN0001382,2021-07,308000,5.375,360,700-739,71-80,29-36,AK,Purchase,Primary,Multi-Family,ServicerD,2021
LN0001383,2022-09,454000,6.625,360,780+,71-80,>50,ID,Purchase,Primary,Single Family,ServicerE,2022
LN0001384,2019-07,178000,6.375,360,660-699,<=60,37-43,AK,Other,Primary,Multi-Family,ServicerE,2019
LN0001385,2019-05,229000,4.0,240,740-779,71-80,<=28,DE,Purchase,Primary,Multi-Family,ServicerD,2019
LN0001386,2019-06,140000,2.625,360,660-699,96-100,>50,NM,Purchase,Primary,Multi-Family,ServicerB,2019
LN0001387,2018-08,226000,2.875,360,740-779,71-80,37-43,,Refinance,Primary,Condo,ServicerD,2018
LN0001388,2020-02,255000,5.0,360,620-659,,37-43,MT,Purchase,Primary,Single Family,ServicerD,2020
LN0001389,2022-12,113000,2.75,360,780+,61-70,44-50,MT,Purchase,Primary,Multi-Family,ServicerE,2022
LN0001390,2019-01,310000,3.625,360,700-739,71-80,29-36,ID,Refinance,Primary,Multi-Family,ServicerA,2019
LN0001391,2020-07,133000,5.625,360,,<=60,37-43,ID,Cash-Out Refinance,Primary,PUD,ServicerE,2020
LN0001392,2022-10,246000,5.25,360,<620,96-100,>50,NM,Cash-Out Refinance,Primary,PUD,ServicerC,2022
LN0001393,2018-02,203000,5.25,360,620-659,61-70,29-36,,Cash-Out Refinance,Investment,Co-op,ServicerD,2018
LN0001394,2019-10,145000,3.0,360,700-739,81-90,44-50,NM,Purchase,Primary,PUD,ServicerE,2019
LN0001395,2022-04,97000,4.875,360,660-699,71-80,37-43,MT,Other,Primary,Multi-Family,ServicerE,2022
LN0001396,2021-04,195000,3.625,360,780+,71-80,37-43,NE,Refinance,Primary,PUD,ServicerD,2021
LN0001397,2020-05,139000,3.375,360,700-739,61-70,44-50,AK,Purchase,Primary,Single Family,ServicerC,2020
LN0001398,2018-04,167000,3.25,360,660-699,,44-50,NE,Cash-Out Refinance,Primary,Single Family,ServicerE,2018
LN0001399,2019-12,108000,2.5,360,740-779,91-95,29-36,NH,Refinance,Primary,Multi-Family,ServicerC,2019
LN0001400,2018-12,227000,6.875,360,740-779,71-80,37-43,ID,Refinance,Primary,Condo,ServicerA,2018
LN0001401,2021-04,66000,7.75,360,620-659,91-95,<=28,MT,Purchase,Investment,Single Family,ServicerD,2021
LN0001402,2022-12,99000,4.99,180,620-659,<=60,,ID,Purchase,Primary,Co-op,ServicerC,2022
LN0001403,2019-07,109000,2.75,360,<620,<=60,37-43,NH,Purchase,Primary,Multi-Family,ServicerE,2019
LN0001404,2019-09,119000,3.169,360,740-779,96-100,>50,ID,Purchase,Primary,Condo,ServicerA,2019
LN0001405,2020-05,186000,6.625,360,740-779,81-90,37-43,NH,Refinance,Primary,Condo,ServicerD,2020
LN0001406,2021-08,208000,2.5,360,700-739,71-80,37-43,ID,Other,Primary,Condo,ServicerD,2021
LN0001407,2022-11,290000,2.625,360,780+,71-80,44-50,ID,Purchase,Primary,PUD,ServicerC,2022
LN0001408,2020-05,120000,2.875,360,740-779,71-80,>50,ID,Purchase,Primary,Multi-Family,ServicerC,2020
LN0001409,2020-06,82000,2.99,360,700-739,81-90,44-50,WV,Purchase,Primary,PUD,ServicerC,2020
LN0001410,2022-08,277000,2.99,240,780+,91-95,29-36,ID,Refinance,Primary,Multi-Family,ServicerD,2022
LN0001411,2021-02,212000,6.25,360,660-699,71-80,>50,ID,Purchase,Primary,PUD,ServicerE,2021
LN0001412,2021-06,109000,2.75,360,620-659,71-80,37-43,KS,Refinance,Primary,PUD,ServicerE,2021
LN0001413,2019-06,310000,2.75,360,660-699,81-90,29-36,DE,Purchase,Primary,Multi-Family,ServicerD,2019
LN0001414,2020-07,128000,2.75,360,<620,71-80,37-43,ID,Purchase,Primary,Condo,ServicerD,2020
LN0001415,2018-10,314000,4.5,180,700-739,,29-36,NM,Refinance,Primary,Condo,ServicerD,2018
LN0001416,2019-12,65000,3.375,360,780+,91-95,37-43,WV,Refinance,Primary,Single Family,ServicerE,2019
LN0001417,2019-01,107000,5.125,360,<620,,37-43,NH,Purchase,Primary,Single Family,ServicerA,2019
LN0001418,2020-09,154000,7.75,360,620-659,71-80,>50,,Cash-Out Refinance,Primary,Single Family,ServicerD,2020
LN0001419,2022-10,90000,3.5,360,700-739,61-70,37-43,,Refinance,Primary,Co-op,ServicerC,2022
LN0001420,2021-05,58000,3.125,240,780+,81-90,44-50,DE,Purchase,Primary,Co-op,ServicerA,2021
LN0001421,2019-04,177000,3.875,240,660-699,71-80,,NH,Refinance,Primary,Condo,ServicerA,2019
LN0001422,2020-04,122000,3.375,240,700-739,96-100,44-50,MT,Purchase,Secondary,Single Family,ServicerC,2020
LN0001423,2021-10,114000,3.125,360,<620,61-70,44-50,NE,Refinance,Primary,Multi-Family,ServicerE,2021
LN0001424,2019-08,81000,6.25,360,620-659,71-80,29-36,ID,Refinance,Primary,Co-op,ServicerC,2019
LN0001425,2022-11,206000,3.125,180,780+,61-70,37-43,SD,Refinance,Primary,PUD,ServicerE,2022
LN0001426,2020-05,100000,7.95,360,780+,61-70,44-50,DE,Purchase,Primary,Co-op,ServicerD,2020
LN0001427,2021-12,273000,4.5,360,<620,<=60,29-36,NE,Purchase,Investment,Single Family,ServicerE,2021
LN0001428,2021-08,138000,3.0,360,780+,61-70,37-43,SD,Purchase,Primary,PUD,ServicerC,2021
LN0001429,2019-12,64000,2.875,360,,61-70,44-50,KS,Purchase,Investment,Single Family,ServicerE,2019
LN0001430,2020-03,123000,3.25,360,780+,71-80,44-50,ID,Refinance,Primary,PUD,ServicerC,2020
LN0001431,2019-12,222000,6.0,360,700-739,91-95,44-50,MS,Refinance,Primary,Condo,ServicerD,2019
LN0001432,2022-08,147000,3.25,180,700-739,61-70,44-50,ID,Purchase,Primary,Single Family,ServicerB,2022
LN0001433,2019-09,435000,6.625,240,700-739,<=60,37-43,MT,Purchase,Primary,Condo,ServicerD,2019
LN0001434,2018-09,126000,4.375,360,740-779,96-100,29-36,ND,Refinance,Primary,Co-op,ServicerC,2018
LN0001435,2018-02,171000,3.25,360,620-659,71-80,44-50,ND,Purchase,Primary,Single Family,ServicerE,2018
LN0001436,2018-01,184000,3.75,360,<620,<=60,44-50,DE,Refinance,Primary,Co-op,ServicerD,2018
LN0001437,2021-03,51000,3.75,360,660-699,81-90,,NE,Purchase,Primary,Multi-Family,ServicerD,2021
LN0001438,2019-02,298000,2.75,360,740-779,91-95,<=28,NM,Refinance,Primary,Co-op,ServicerE,2019
LN0001439,2019-01,257000,3.125,180,660-699,71-80,44-50,NE,Purchase,Investment,Multi-Family,ServicerD,2019
LN0001440,2019-09,44000,3.625,360,740-779,<=60,29-36,KS,Purchase,Primary,Condo,ServicerE,2019
LN0001441,2021-06,378000,3.375,360,780+,71-80,<=28,MT,Purchase,Primary,PUD,ServicerA,2021
LN0001442,2018-10,249000,3.375,180,620-659,61-70,<=28,ND,Cash-Out Refinance,Primary,Co-op,ServicerB,2018
LN0001443,2022-08,140000,5.875,360,740-779,81-90,29-36,NE,Refinance,Primary,Condo,ServicerA,2022
LN0001444,2021-01,124000,5.625,360,700-739,81-90,37-43,ID,Refinance,Primary,Multi-Family,ServicerD,2021
LN0001445,2018-09,76000,3.25,360,780+,96-100,44-50,ID,Refinance,Primary,PUD,ServicerC,2018
LN0001446,2022-07,229000,7.15,240,620-659,81-90,37-43,NE,Refinance,Primary,Co-op,ServicerB,2022
LN0001447,2018-01,196000,3.75,240,740-779,81-90,37-43,SD,Purchase,Primary,Single Family,ServicerA,2018
LN0001448,2022-12,548000,5.17,360,780+,61-70,>50,NH,Purchase,Primary,Single Family,ServicerA,2022
LN0001449,2020-09,122000,4.75,360,,<=60,>50,HI,Purchase,Primary,Multi-Family,ServicerE,2020
LN0001450,2020-01,266000,4.39,360,740-779,61-70,29-36,HI,Refinance,Primary,Condo,ServicerE,2020
LN0001451,2022-12,163000,5.75,180,700-739,>100,>50,SD,Refinance,Investment,Single Family,ServicerE,2022
LN0001452,2021-03,176000,6.5,180,740-779,71-80,37-43,NM,Purchase,Secondary,Condo,ServicerD,2021
LN0001453,2018-02,145000,2.25,180,,96-100,37-43,MT,Purchase,Primary,Condo,ServicerE,2018
LN0001454,2022-03,167000,5.75,360,700-739,71-80,37-43,SD,Purchase,Primary,PUD,ServicerC,2022
LN0001455,2019-04,582000,4.75,360,<620,71-80,<=28,WV,Cash-Out Refinance,Primary,Single Family,ServicerC,2019
LN0001456,2022-09,130000,3.375,360,780+,71-80,29-36,NH,Other,Primary,Multi-Family,ServicerE,2022
LN0001457,2020-06,101000,2.75,360,740-779,71-80,44-50,SD,Cash-Out Refinance,Investment,PUD,ServicerC,2020
LN0001458,2020-07,251000,5.24,360,740-779,<=60,37-43,NV,Purchase,Primary,Multi-Family,ServicerA,2020
LN0001459,2018-06,53000,2.375,240,660-699,71-80,44-50,ND,Purchase,Primary,Condo,ServicerC,2018
LN0001460,2021-08,123000,6.125,360,740-779,71-80,37-43,SD,Cash-Out Refinance,Primary,Single Family,ServicerE,2021
LN0001461,2022-04,205000,7.5,360,700-739,61-70,44-50,NH,Refinance,Primary,Single Family,ServicerB,2022
LN0001462,2019-05,412000,4.5,360,740-779,96-100,37-43,SD,Refinance,Primary,Single Family,ServicerA,2019
LN0001463,2018-11,271000,3.625,360,620-659,71-80,37-43,NE,Purchase,Investment,PUD,ServicerD,2018
LN0001464,2018-02,65000,2.75,360,740-779,61-70,44-50,ND,Purchase,Primary,Single Family,ServicerA,2018
LN0001465,2021-07,78000,1.75,240,780+,<=60,44-50,MT,Purchase,Primary,Condo,ServicerB,2021
LN0001466,2021-09,61000,2.5,240,<620,71-80,37-43,ID,Refinance,Primary,Single Family,ServicerD,2021
LN0001467,2021-01,176000,4.875,360,780+,,37-43,AK,Refinance,Primary,Multi-Family,ServicerA,2021
LN0001468,2018-12,92000,3.0,360,700-739,91-95,<=28,NH,Other,Primary,Multi-Family,ServicerE,2018
LN0001469,2019-02,185000,3.75,360,780+,<=60,37-43,NH,Refinance,Primary,Multi-Family,ServicerB,2019
LN0001470,2021-07,102000,4.99,360,740-779,71-80,<=28,WY,Refinance,Investment,Single Family,ServicerD,2021
LN0001471,2020-10,101000,3.5,360,700-739,,>50,HI,Purchase,Primary,Co-op,ServicerE,2020
LN0001472,2018-09,132000,3.25,360,740-779,<=60,44-50,WY,Purchase,Primary,PUD,ServicerA,2018
LN0001473,2018-04,177000,2.875,240,780+,<=60,37-43,WV,Purchase,Primary,PUD,ServicerC,2018
LN0001474,2019-12,141000,3.0,360,700-739,<=60,>50,MT,Purchase,Primary,PUD,ServicerD,2019
LN0001475,2022-08,348000,3.625,240,660-699,61-70,44-50,NH,Purchase,Primary,Condo,ServicerD,2022
LN0001476,2020-01,139000,3.5,180,740-779,71-80,>50,NH,Purchase,Primary,Multi-Family,ServicerB,2020
LN0001477,2018-11,186000,5.99,180,740-779,>100,29-36,WV,Purchase,Primary,Multi-Family,ServicerD,2018
LN0001478,2020-09,333000,2.75,360,740-779,<=60,29-36,VT,Cash-Out Refinance,Primary,PUD,ServicerD,2020
LN0001479,2022-11,120000,7.5,240,740-779,,>50,NH,Purchase,Primary,PUD,ServicerA,2022
LN0001480,2018-03,113000,3.14,120,700-739,<=60,37-43,ID,Purchase,Primary,Multi-Family,ServicerA,2018
LN0001481,2020-01,68000,5.875,360,740-779,71-80,44-50,DE,Cash-Out Refinance,Primary,Multi-Family,ServicerB,2020
LN0001482,2019-10,267000,1.0,360,620-659,96-100,<=28,MT,Cash-Out Refinance,Investment,Single Family,ServicerC,2019
LN0001483,2019-12,89000,4.5,360,700-739,<=60,<=28,,Purchase,Primary,Multi-Family,ServicerB,2019
LN0001484,2021-02,304000,3.125,360,<620,<=60,44-50,KS,Cash-Out Refinance,Primary,Multi-Family,ServicerC,2021
LN0001485,2020-03,131000,3.625,360,660-699,96-100,37-43,NM,Purchase,Primary,Condo,ServicerD,2020
LN0001486,2022-04,203000,3.35,360,660-699,81-90,37-43,ID,Cash-Out Refinance,Primary,Single Family,ServicerC,2022
LN0001487,2022-07,176000,4.99,360,700-739,61-70,>50,VT,Cash-Out Refinance,Primary,Condo,ServicerA,2022
LN0001488,2022-06,294000,3.5,360,740-779,81-90,29-36,WV,Refinance,Primary,Co-op,ServicerA,2022
LN0001489,2021-12,195000,4.875,360,700-739,71-80,37-43,NM,Purchase,Primary,PUD,ServicerE,2021
LN0001490,2019-12,123000,2.25,180,700-739,71-80,37-43,DE,Cash-Out Refinance,Secondary,Condo,ServicerE,2019
LN0001491,2018-09,70000,3.125,120,660-699,61-70,29-36,SD,Purchase,Primary,Co-op,ServicerB,2018
LN0001492,2020-01,129000,5.375,360,660-699,96-100,44-50,SD,Purchase,Primary,Single Family,ServicerE,2020
LN0001493,2018-07,49000,7.375,180,660-699,71-80,44-50,NE,Purchase,Primary,Single Family,ServicerD,2018
LN0001494,2019-02,123000,5.625,360,<620,<=60,,MT,Purchase,Primary,Multi-Family,ServicerC,2019
LN0001495,2020-10,187000,4.375,360,740-779,81-90,>50,SD,Cash-Out Refinance,Primary,Condo,ServicerB,2020
LN0001496,2022-10,39000,3.25,360,740-779,96-100,44-50,MT,Purchase,Investment,PUD,ServicerE,2022
LN0001497,2021-06,269000,5.25,180,740-779,<=60,37-43,RI,Other,Primary,Multi-Family,ServicerA,2021
LN0001498,2018-11,160000,2.875,360,700-739,71-80,37-43,RI,Other,Primary,Condo,ServicerA,2018
LN0001499,2020-08,63000,3.5,240,660-699,81-90,37-43,MT,Refinance,Investment,Multi-Family,ServicerA,2020
LN0001500,2021-04,146000,2.99,360,780+,81-90,44-50,NE,Purchase,Primary,Co-op,ServicerE,2021
LN0001501,2020-09,63000,5.25,360,700-739,91-95,29-36,ND,Purchase,Primary,Co-op,ServicerE,2020
LN0001502,2021-07,282000,3.125,240,700-739,96-100,37-43,,Purchase,Primary,Condo,ServicerA,2021
LN0001503,2019-11,163000,2.75,360,<620,81-90,44-50,NM,Purchase,Primary,Condo,ServicerA,2019
LN0001504,2022-11,96000,4.25,360,660-699,,37-43,DE,Purchase,Primary,Single Family,ServicerB,2022
LN0001505,2021-02,58000,2.875,360,700-739,<=60,44-50,NH,Purchase,Primary,Co-op,ServicerA,2021
LN0001506,2022-05,480000,4.765,360,700-739,96-100,29-36,NH,Purchase,Primary,Condo,ServicerE,2022
LN0001507,2019-12,134000,1.875,360,700-739,96-100,>50,VT,Other,Primary,Condo,ServicerC,2019
LN0001508,2018-02,242000,2.75,360,700-739,>100,37-43,WV,Cash-Out Refinance,Primary,Multi-Family,ServicerC,2018
LN0001509,2020-03,188000,2.625,360,740-779,96-100,29-36,ID,Refinance,Primary,Single Family,ServicerD,2020
LN0001510,2021-12,234000,3.75,360,740-779,<=60,37-43,ID,Purchase,Primary,Single Family,ServicerC,2021
LN0001511,2019-12,113000,4.5,180,740-779,81-90,<=28,NH,Refinance,Secondary,Co-op,ServicerE,2019
LN0001512,2021-06,120000,7.99,360,740-779,96-100,29-36,,Refinance,Primary,Condo,ServicerA,2021
LN0001513,2020-02,130000,2.875,360,780+,71-80,<=28,KS,Purchase,Investment,Multi-Family,ServicerE,2020
LN0001514,2018-01,123000,1.25,360,<620,81-90,37-43,NM,Refinance,Primary,Single Family,ServicerE,2018
LN0001515,2020-08,133000,6.85,180,620-659,71-80,37-43,NV,Purchase,Investment,PUD,ServicerA,2020
LN0001516,2020-05,206000,3.875,180,<620,<=60,,NM,Cash-Out Refinance,Primary,Single Family,ServicerD,2020
LN0001517,2018-03,152000,3.5,180,740-779,71-80,44-50,SD,Cash-Out Refinance,Primary,Single Family,ServicerD,2018
LN0001518,2018-03,147000,4.375,360,780+,<=60,29-36,ID,Cash-Out Refinance,Primary,Multi-Family,ServicerB,2018
LN0001519,2021-08,344000,2.625,360,660-699,81-90,44-50,RI,Refinance,Primary,Multi-Family,ServicerB,2021
LN0001520,2022-09,206000,4.5,180,780+,71-80,29-36,KS,Purchase,Primary,Condo,ServicerC,2022
LN0001521,2022-07,60000,8.8,360,<620,81-90,29-36,NV,Purchase,Primary,Condo,ServicerB,2022
LN0001522,2018-01,240000,4.875,360,,71-80,37-43,NH,Purchase,Primary,Co-op,ServicerA,2018
LN0001523,2018-06,199000,4.875,360,660-699,<=60,37-43,VT,Refinance,Investment,Co-op,ServicerC,2018
LN0001524,2022-02,37000,3.14,360,620-659,71-80,44-50,NE,Refinance,Primary,Co-op,ServicerC,2022
LN0001525,2022-10,149000,3.25,360,700-739,81-90,37-43,NE,Purchase,Primary,Co-op,ServicerD,2022
LN0001526,2020-07,146000,6.25,360,660-699,71-80,37-43,ID,Cash-Out Refinance,Primary,PUD,ServicerD,2020
LN0001527,2018-05,112000,2.375,360,660-699,71-80,>50,HI,Refinance,Investment,Multi-Family,ServicerA,2018
LN0001528,2021-07,60000,5.0,180,660-699,<=60,29-36,HI,Cash-Out Refinance,Primary,Single Family,ServicerE,2021
LN0001529,2018-12,395000,4.875,360,740-779,81-90,<=28,NH,Purchase,Primary,Condo,ServicerC,2018
LN0001530,2022-04,122000,3.125,360,700-739,71-80,37-43,NE,Refinance,Primary,Co-op,ServicerE,2022
LN0001531,2022-09,287000,4.0,360,660-699,<=60,44-50,SD,Cash-Out Refinance,Primary,Multi-Family,ServicerD,2022
LN0001532,2019-11,560000,3.25,360,740-779,91-95,44-50,SD,Purchase,Primary,Co-op,ServicerC,2019
LN0001533,2021-03,95000,5.25,180,740-779,71-80,37-43,ID,Purchase,Primary,PUD,ServicerA,2021
LN0001534,2019-05,378000,3.375,120,660-699,71-80,44-50,ID,Purchase,Primary,Single Family,ServicerE,2019
LN0001535,2020-05,584000,2.625,360,700-739,81-90,37-43,SD,Refinance,Primary,PUD,ServicerB,2020
LN0001536,2021-03,119000,2.99,360,620-659,<=60,29-36,ID,Cash-Out Refinance,Primary,Multi-Family,ServicerB,2021
LN0001537,2018-03,109000,2.875,180,620-659,61-70,37-43,RI,Refinance,Primary,PUD,ServicerB,2018
LN0001538,2021-05,158000,2.75,180,740-779,71-80,>50,RI,Refinance,Primary,Co-op,ServicerC,2021
LN0001539,2021-05,254000,3.59,120,620-659,71-80,44-50,DE,Purchase,Primary,Condo,ServicerC,2021
LN0001540,2021-02,95000,3.25,240,700-739,96-100,37-43,NE,Purchase,Primary,Condo,ServicerE,2021
LN0001541,2020-05,117000,2.5,180,740-779,71-80,<=28,NE,Purchase,Investment,Co-op,ServicerE,2020
LN0001542,2019-12,380000,4.99,180,620-659,81-90,44-50,KS,Purchase,Primary,Co-op,ServicerD,2019
LN0001543,2021-10,339000,2.875,180,700-739,71-80,37-43,NE,Purchase,Investment,PUD,ServicerB,2021
LN0001544,2022-04,135000,3.375,360,660-699,71-80,37-43,NH,Refinance,Primary,PUD,ServicerA,2022
LN0001545,2021-02,125000,7.25,360,780+,81-90,>50,SD,Refinance,Primary,Single Family,ServicerE,2021
LN0001546,2019-05,249000,4.99,180,700-739,61-70,44-50,ND,Cash-Out Refinance,Primary,PUD,ServicerC,2019
LN0001547,2018-07,291000,3.25,120,740-779,<=60,44-50,NH,Cash-Out Refinance,Primary,Multi-Family,ServicerD,2018
LN0001548,2020-10,147000,3.125,360,700-739,96-100,>50,AK,Purchase,Secondary,Single Family,ServicerD,2020
LN0001549,2021-06,231000,3.75,360,<620,91-95,<=28,KS,Purchase,Primary,Single Family,ServicerA,2021
LN0001550,2021-06,386000,5.625,360,740-779,71-80,44-50,DE,Refinance,Secondary,Single Family,ServicerB,2021
LN0001551,2021-11,238000,4.375,180,780+,71-80,44-50,HI,Purchase,Secondary,Multi-Family,ServicerD,2021
LN0001552,2022-03,278000,6.5,360,740-779,<=60,37-43,HI,Purchase,Primary,PUD,ServicerA,2022
LN0001553,2020-06,177000,7.5,360,740-779,71-80,37-43,NH,Purchase,Primary,Single Family,ServicerD,2020
LN0001554,2022-12,161000,2.625,360,780+,<=60,29-36,WV,Refinance,Primary,Condo,ServicerC,2022
LN0001555,2019-08,217000,3.25,240,660-699,71-80,44-50,NM,Purchase,Primary,PUD,ServicerC,2019
LN0001556,2020-03,125000,3.875,360,660-699,96-100,44-50,ND,Refinance,Primary,PUD,ServicerC,2020
LN0001557,2021-06,224000,2.875,360,740-779,<=60,29-36,ND,Refinance,Primary,Multi-Family,ServicerE,2021
LN0001558,2020-12,371000,5.875,360,700-739,71-80,44-50,NE,Cash-Out Refinance,Primary,Single Family,ServicerB,2020
LN0001559,2021-10,204000,3.625,360,780+,96-100,37-43,KS,Purchase,Primary,Condo,ServicerD,2021
LN0001560,2019-06,270000,6.5,180,780+,81-90,44-50,ID,Refinance,Primary,PUD,ServicerE,2019
LN0001561,2021-05,62000,2.875,120,660-699,71-80,37-43,RI,Purchase,Primary,Multi-Family,ServicerB,2021
LN0001562,2021-06,126000,5.25,360,660-699,71-80,<=28,WV,Purchase,Investment,Single Family,ServicerB,2021
LN0001563,2018-10,142000,2.375,360,740-779,61-70,37-43,HI,Refinance,Investment,Condo,ServicerA,2018
LN0001564,2019-10,323000,3.75,360,660-699,81-90,44-50,NM,Refinance,Primary,Multi-Family,ServicerD,2019
LN0001565,2022-03,130000,2.875,240,780+,96-100,44-50,NM,Purchase,Primary,Multi-Family,ServicerC,2022
LN0001566,2022-01,150000,2.99,180,700-739,61-70,44-50,SD,Cash-Out Refinance,Primary,PUD,ServicerC,2022
LN0001567,2021-12,83000,7.045,360,,<=60,29-36,KS,Refinance,Primary,Co-op,ServicerD,2021
LN0001568,2019-08,373000,3.75,360,620-659,71-80,44-50,HI,Refinance,Investment,Co-op,ServicerA,2019
LN0001569,2020-12,198000,2.5,360,740-779,81-90,44-50,NE,Purchase,Primary,Multi-Family,ServicerD,2020
LN0001570,2018-07,207000,4.875,360,700-739,81-90,37-43,NE,Purchase,Primary,Multi-Family,ServicerC,2018
LN0001571,2021-03,118000,2.49,360,700-739,<=60,44-50,MT,Purchase,Primary,Condo,ServicerD,2021
LN0001572,2020-04,297000,7.5,120,620-659,,44-50,NH,Refinance,Primary,PUD,ServicerA,2020
LN0001573,2020-11,178000,5.875,360,740-779,<=60,44-50,NE,Purchase,Primary,PUD,ServicerD,2020
LN0001574,2019-12,228000,5.625,360,780+,<=60,29-36,VT,Purchase,Secondary,PUD,ServicerB,2019
LN0001575,2021-07,280000,8.25,360,660-699,<=60,37-43,NH,Purchase,Primary,Multi-Family,ServicerC,2021
LN0001576,2018-08,156000,4.375,360,620-659,96-100,44-50,NM,Purchase,Primary,Single Family,ServicerC,2018
LN0001577,2022-08,296000,2.75,240,<620,81-90,29-36,DE,Cash-Out Refinance,Primary,PUD,ServicerE,2022
LN0001578,2022-07,153000,7.04,360,740-779,71-80,<=28,NE,Other,Primary,Multi-Family,ServicerB,2022
LN0001579,2022-09,195000,5.625,360,740-779,<=60,>50,,Refinance,Primary,Single Family,ServicerE,2022
LN0001580,2021-09,578000,3.875,360,700-739,81-90,44-50,ID,Cash-Out Refinance,Primary,PUD,ServicerE,2021
LN0001581,2018-06,224000,2.25,360,660-699,61-70,37-43,NE,Purchase,Investment,Multi-Family,ServicerC,2018
LN0001582,2022-10,90000,3.25,360,700-739,81-90,<=28,NH,Purchase,Primary,PUD,ServicerD,2022
LN0001583,2018-02,207000,3.25,360,700-739,71-80,37-43,WY,Purchase,Primary,Co-op,ServicerC,2018
LN0001584,2019-11,243000,3.49,360,700-739,61-70,>50,NV,Refinance,Primary,Single Family,ServicerA,2019
LN0001585,2020-03,188000,8.99,240,780+,<=60,>50,SD,Cash-Out Refinance,Primary,Multi-Family,ServicerC,2020
LN0001586,2022-01,147000,6.25,360,620-659,,,DE,Purchase,Primary,Multi-Family,ServicerD,2022
LN0001587,2022-11,368000,2.49,360,740-779,61-70,37-43,WY,Refinance,Primary,Multi-Family,ServicerA,2022
LN0001588,2021-06,111000,2.75,180,700-739,<=60,44-50,KS,Refinance,Primary,Multi-Family,ServicerE,2021
LN0001589,2021-02,79000,2.5,360,700-739,71-80,29-36,RI,Cash-Out Refinance,Primary,PUD,ServicerE,2021
LN0001590,2018-02,177000,3.75,360,740-779,71-80,>50,NE,Refinance,Primary,Condo,ServicerB,2018
LN0001591,2020-04,59000,3.125,360,740-779,<=60,44-50,,Cash-Out Refinance,Primary,Single Family,ServicerC,2020
LN0001592,2022-12,109000,2.25,360,780+,81-90,29-36,DE,Purchase,Primary,Condo,ServicerA,2022
LN0001593,2022-09,113000,5.0,360,620-659,<=60,29-36,NE,Purchase,Primary,Multi-Family,ServicerD,2022
LN0001594,2022-12,69000,2.75,360,620-659,<=60,44-50,HI,Refinance,Primary,Co-op,ServicerE,2022
LN0001595,2022-04,249000,5.64,360,740-779,91-95,37-43,SD,Purchase,Primary,PUD,ServicerD,2022
LN0001596,2021-06,124000,6.625,180,700-739,81-90,<=28,WY,Purchase,Primary,Co-op,ServicerC,2021
LN0001597,2021-08,52000,2.75,360,660-699,71-80,37-43,HI,Purchase,Primary,Condo,ServicerC,2021
LN0001598,2022-12,354000,4.875,360,<620,71-80,44-50,NH,Purchase,Secondary,Multi-Family,ServicerD,2022
LN0001599,2022-03,129000,4.625,180,620-659,96-100,37-43,HI,Refinance,Primary,Condo,ServicerA,2022
LN0001600,2020-01,81000,4.875,360,780+,96-100,29-36,SD,Purchase,Investment,PUD,ServicerE,2020
LN0001601,2021-02,257000,4.5,360,620-659,61-70,44-50,WY,Purchase,Primary,Condo,ServicerA,2021
LN0001602,2020-07,159000,5.65,240,660-699,71-80,29-36,ID,Cash-Out Refinance,Primary,Co-op,ServicerC,2020
LN0001603,2018-02,297000,2.75,180,660-699,91-95,37-43,,Purchase,Primary,Co-op,ServicerD,2018
LN0001604,2019-06,71000,2.25,360,660-699,71-80,44-50,NE,Refinance,Primary,Multi-Family,ServicerC,2019
LN0001605,2020-06,219000,2.875,240,<620,91-95,>50,MT,Refinance,Primary,Co-op,ServicerB,2020
LN0001606,2021-04,77000,4.99,360,700-739,<=60,>50,NH,Refinance,Primary,Single Family,ServicerA,2021
LN0001607,2022-08,94000,2.625,240,<620,<=60,44-50,NE,Purchase,Primary,PUD,ServicerB,2022
LN0001608,2020-08,63000,2.75,180,740-779,71-80,37-43,ID,Cash-Out Refinance,Primary,Condo,ServicerA,2020
LN0001609,2018-08,548000,2.875,360,660-699,<=60,37-43,MT,Other,Primary,Single Family,ServicerE,2018
LN0001610,2021-06,117000,3.25,360,700-739,<=60,29-36,NE,Purchase,Primary,Single Family,ServicerC,2021
LN0001611,2018-05,205000,6.375,180,780+,91-95,37-43,MT,Refinance,Primary,PUD,ServicerC,2018
LN0001612,2018-12,96000,3.25,120,740-779,71-80,29-36,NV,Cash-Out Refinance,Primary,PUD,ServicerA,2018
LN0001613,2018-01,147000,6.875,360,700-739,61-70,,DE,Purchase,Secondary,Multi-Family,ServicerC,2018
LN0001614,2020-11,190000,2.625,240,660-699,<=60,37-43,ID,Purchase,Investment,Multi-Family,ServicerD,2020
LN0001615,2018-11,47000,5.45,360,,<=60,44-50,MT,Cash-Out Refinance,Primary,Single Family,ServicerE,2018
LN0001616,2019-12,215000,3.75,360,740-779,96-100,,WV,Purchase,Investment,Multi-Family,ServicerE,2019
LN0001617,2019-09,377000,6.99,240,780+,<=60,37-43,ID,Purchase,Primary,Multi-Family,ServicerC,2019
LN0001618,2019-09,339000,6.74,360,740-779,61-70,44-50,NV,Purchase,Primary,Single Family,ServicerE,2019
LN0001619,2019-06,190000,2.75,360,700-739,,37-43,NE,Purchase,Investment,Single Family,ServicerD,2019
LN0001620,2022-07,172000,6.125,360,740-779,<=60,37-43,NM,Refinance,Secondary,Single Family,ServicerD,2022
LN0001621,2021-04,112000,3.5,180,700-739,96-100,37-43,ND,Cash-Out Refinance,Primary,Co-op,ServicerD,2021
LN0001622,2021-11,109000,3.25,360,<620,96-100,29-36,,Purchase,Primary,Single Family,ServicerA,2021
LN0001623,2019-03,135000,3.375,120,700-739,61-70,44-50,NH,Purchase,Primary,Condo,ServicerB,2019
LN0001624,2021-07,178000,2.875,360,780+,81-90,29-36,ID,Purchase,Primary,Single Family,ServicerA,2021
LN0001625,2018-12,277000,3.125,360,620-659,<=60,44-50,NE,Refinance,Primary,Multi-Family,ServicerB,2018
LN0001626,2022-04,122000,3.125,180,740-779,71-80,44-50,ND,Purchase,Investment,Co-op,ServicerC,2022
LN0001627,2021-10,91000,3.315,240,660-699,71-80,<=28,VT,Cash-Out Refinance,Primary,Co-op,ServicerA,2021
LN0001628,2021-07,205000,2.5,360,700-739,91-95,44-50,NH,Refinance,Primary,Multi-Family,ServicerA,2021
LN0001629,2018-12,111000,7.625,240,620-659,61-70,37-43,NE,Refinance,Investment,PUD,ServicerD,2018
LN0001630,2019-04,332000,3.375,180,700-739,71-80,>50,ID,Purchase,Primary,Co-op,ServicerA,2019
LN0001631,2020-12,127000,4.75,360,740-779,81-90,,WV,Purchase,Primary,Multi-Family,ServicerC,2020
LN0001632,2018-10,120000,2.875,360,660-699,96-100,37-43,SD,Refinance,Investment,PUD,ServicerD,2018
LN0001633,2018-09,236000,3.8,360,740-779,<=60,>50,ID,Refinance,Primary,Co-op,ServicerE,2018
LN0001634,2019-06,104000,1.49,120,740-779,71-80,37-43,RI,Purchase,Primary,Co-op,ServicerE,2019
LN0001635,2020-04,149000,2.375,360,780+,96-100,37-43,NM,Refinance,Primary,Single Family,ServicerA,2020
LN0001636,2021-02,356000,4.25,360,660-699,96-100,44-50,ND,Refinance,Primary,Multi-Family,ServicerE,2021
LN0001637,2020-11,69000,2.75,360,700-739,,37-43,ND,Purchase,Investment,Co-op,ServicerA,2020
LN0001638,2021-09,83000,7.5,360,620-659,71-80,37-43,DE,Refinance,Primary,Co-op,ServicerC,2021
LN0001639,2020-10,266000,9.99,360,780+,71-80,>50,NM,Purchase,Primary,Single Family,ServicerE,2020
LN0001640,2021-10,204000,2.875,360,780+,81-90,44-50,WV,Purchase,Primary,Condo,ServicerC,2021
LN0001641,2021-10,143000,2.75,360,700-739,<=60,>50,ID,Purchase,Primary,Multi-Family,ServicerD,2021
LN0001642,2018-06,204000,2.75,360,780+,61-70,29-36,KS,Purchase,Primary,Single Family,ServicerE,2018
LN0001643,2020-08,102000,5.75,360,700-739,71-80,44-50,NE,Other,Primary,Co-op,ServicerD,2020
LN0001644,2022-03,261000,6.594,240,740-779,96-100,37-43,ID,Cash-Out Refinance,Primary,Condo,ServicerC,2022
LN0001645,2020-10,169000,7.375,360,620-659,96-100,,NE,Refinance,Primary,Condo,ServicerE,2020
LN0001646,2022-02,102000,4.02,360,740-779,<=60,37-43,SD,Cash-Out Refinance,Primary,Condo,ServicerA,2022
LN0001647,2019-06,144000,5.75,360,620-659,91-95,37-43,NM,Refinance,Primary,PUD,ServicerD,2019
LN0001648,2018-04,159000,3.375,360,780+,,37-43,RI,Refinance,Primary,Single Family,ServicerE,2018
LN0001649,2020-02,293000,4.5,360,,71-80,37-43,NM,Cash-Out Refinance,Primary,PUD,ServicerC,2020
LN0001650,2019-06,247000,3.625,360,740-779,91-95,37-43,NH,Other,Primary,Condo,ServicerA,2019
LN0001651,2019-09,81000,9.15,360,<620,61-70,<=28,NH,Refinance,Primary,PUD,ServicerC,2019
LN0001652,2021-07,182000,8.75,360,660-699,<=60,37-43,ND,Cash-Out Refinance,Primary,Co-op,ServicerD,2021
LN0001653,2022-03,295000,3.75,360,660-699,96-100,37-43,ID,Refinance,Primary,Condo,ServicerD,2022
LN0001654,2022-07,130000,7.0,360,660-699,<=60,37-43,HI,Refinance,Primary,Co-op,ServicerD,2022
LN0001655,2021-03,146000,7.375,360,620-659,81-90,29-36,RI,Other,Primary,Multi-Family,ServicerC,2021
LN0001656,2021-11,218000,5.9,360,780+,61-70,37-43,AK,Purchase,Primary,Single Family,ServicerE,2021
LN0001657,2022-12,134000,3.0,360,700-739,96-100,,NM,Purchase,Primary,Single Family,ServicerA,2022
LN0001658,2019-09,176000,3.125,360,660-699,,44-50,NM,Purchase,Primary,Single Family,ServicerD,2019
LN0001659,2019-08,200000,3.5,360,700-739,96-100,37-43,NM,Purchase,Investment,PUD,ServicerB,2019
LN0001660,2020-03,100000,2.5,360,700-739,<=60,>50,NH,Refinance,Primary,Co-op,ServicerB,2020
LN0001661,2019-06,158000,3.375,360,740-779,71-80,<=28,ID,Cash-Out Refinance,Primary,Single Family,ServicerA,2019
LN0001662,2021-10,300000,2.875,180,700-739,81-90,37-43,NH,Cash-Out Refinance,Primary,PUD,ServicerE,2021
LN0001663,2018-06,133000,3.125,180,780+,96-100,44-50,NH,Purchase,Investment,Co-op,ServicerD,2018
LN0001664,2018-08,112000,6.125,180,700-739,71-80,44-50,NE,Purchase,Primary,PUD,ServicerC,2018
LN0001665,2019-04,114000,7.125,360,780+,61-70,44-50,HI,Refinance,Primary,Multi-Family,ServicerD,2019
LN0001666,2021-09,272000,3.625,360,780+,71-80,44-50,ND,Refinance,Secondary,Condo,ServicerA,2021
LN0001667,2022-11,265000,5.125,360,660-699,71-80,44-50,NH,Purchase,Primary,PUD,ServicerE,2022
LN0001668,2021-07,176000,2.75,180,780+,71-80,37-43,ID,Refinance,Primary,Co-op,ServicerC,2021
LN0001669,2021-07,117000,3.375,360,620-659,<=60,29-36,NM,Refinance,Primary,Single Family,ServicerB,2021
LN0001670,2021-08,659000,3.75,120,,71-80,44-50,AK,Refinance,Primary,Condo,ServicerA,2021
LN0001671,2019-02,220000,4.5,360,700-739,71-80,37-43,NH,Cash-Out Refinance,Primary,Condo,ServicerA,2019
LN0001672,2022-01,308000,5.715,240,780+,71-80,44-50,NE,Refinance,Primary,Co-op,ServicerC,2022
LN0001673,2019-05,124000,3.625,360,780+,61-70,37-43,NH,Purchase,Primary,Multi-Family,ServicerA,2019
LN0001674,2018-05,143000,3.25,360,740-779,96-100,,NM,Purchase,Primary,Single Family,ServicerE,2018
LN0001675,2019-09,181000,3.125,360,740-779,71-80,37-43,ID,Purchase,Primary,PUD,ServicerA,2019
LN0001676,2020-03,59000,5.625,360,660-699,96-100,37-43,NH,Refinance,Primary,PUD,ServicerE,2020
LN0001677,2021-10,243000,3.875,360,620-659,96-100,44-50,MT,Purchase,Primary,PUD,ServicerE,2021
LN0001678,2021-09,177000,5.875,360,700-739,71-80,37-43,NE,Refinance,Primary,PUD,ServicerE,2021
LN0001679,2022-02,156000,2.75,360,620-659,81-90,37-43,NM,Purchase,Primary,Multi-Family,ServicerC,2022
LN0001680,2022-02,176000,3.625,360,740-779,<=60,<=28,NM,Purchase,Primary,PUD,ServicerE,2022
LN0001681,2020-09,55000,6.625,360,660-699,<=60,29-36,NV,Purchase,Primary,Multi-Family,ServicerE,2020
LN0001682,2020-09,154000,2.625,360,780+,71-80,37-43,WV,Purchase,Primary,Condo,ServicerB,2020
LN0001683,2018-12,571000,3.0,360,740-779,96-100,44-50,ID,Purchase,Primary,Single Family,ServicerD,2018
LN0001684,2021-09,28000,2.875,180,780+,,37-43,KS,Refinance,Primary,PUD,ServicerB,2021
LN0001685,2019-07,127000,3.625,180,620-659,81-90,,MT,Refinance,Investment,Single Family,ServicerA,2019
LN0001686,2018-12,95000,4.75,240,780+,<=60,44-50,VT,Refinance,Primary,Condo,ServicerC,2018
LN0001687,2019-05,188000,2.75,240,780+,61-70,37-43,ID,Refinance,Primary,PUD,ServicerE,2019
LN0001688,2018-08,160000,5.125,240,700-739,81-90,44-50,NH,Cash-Out Refinance,Primary,PUD,ServicerA,2018
LN0001689,2020-06,114000,5.09,360,740-779,71-80,44-50,ID,Refinance,Primary,Multi-Family,ServicerE,2020
LN0001690,2018-08,103000,3.99,360,740-779,71-80,37-43,NH,Refinance,Primary,Co-op,ServicerC,2018
LN0001691,2018-04,457000,3.0,360,620-659,71-80,37-43,ID,Refinance,Primary,Co-op,ServicerC,2018
LN0001692,2019-12,157000,9.74,360,700-739,81-90,44-50,ID,Purchase,Primary,Single Family,ServicerD,2019
LN0001693,2022-12,146000,2.875,360,700-739,>100,29-36,MT,Purchase,Primary,Single Family,ServicerB,2022
LN0001694,2020-12,146000,3.125,240,620-659,>100,37-43,AK,Purchase,Primary,PUD,ServicerA,2020
LN0001695,2022-11,156000,3.375,360,660-699,61-70,44-50,NH,Cash-Out Refinance,Primary,Multi-Family,ServicerE,2022
LN0001696,2021-03,154000,4.0,360,<620,71-80,37-43,ID,Purchase,Primary,Single Family,ServicerE,2021
LN0001697,2022-03,132000,2.5,360,<620,71-80,44-50,HI,Purchase,Primary,Co-op,ServicerB,2022
LN0001698,2019-04,163000,3.625,240,620-659,<=60,44-50,DE,Purchase,Primary,Multi-Family,ServicerA,2019
LN0001699,2018-10,104000,2.5,360,780+,71-80,<=28,SD,Purchase,Primary,Single Family,ServicerD,2018
LN0001700,2020-09,136000,3.25,360,700-739,71-80,37-43,NV,Purchase,Primary,Co-op,ServicerD,2020
LN0001701,2020-10,205000,3.25,360,780+,81-90,37-43,NE,Purchase,Primary,Single Family,ServicerD,2020
LN0001702,2022-03,256000,3.375,360,700-739,>100,44-50,NH,Refinance,Primary,Condo,ServicerE,2022
LN0001703,2020-12,144000,4.125,360,660-699,<=60,37-43,ND,Cash-Out Refinance,Secondary,Condo,ServicerD,2020
LN0001704,2020-05,160000,3.875,360,700-739,71-80,37-43,NM,Purchase,Primary,Multi-Family,ServicerA,2020
LN0001705,2022-05,155000,5.375,360,700-739,81-90,>50,SD,Refinance,Primary,Single Family,ServicerB,2022
LN0001706,2022-11,110000,3.375,360,620-659,61-70,44-50,NE,Refinance,Primary,Co-op,ServicerA,2022
LN0001707,2018-03,99000,6.7,360,740-779,81-90,>50,NH,Cash-Out Refinance,Primary,Condo,ServicerD,2018
LN0001708,2021-01,106000,3.125,360,660-699,<=60,29-36,ID,Purchase,Secondary,Co-op,ServicerD,2021
LN0001709,2020-11,120000,3.625,360,740-779,>100,44-50,ND,Purchase,Primary,PUD,ServicerE,2020
LN0001710,2019-12,261000,5.625,360,740-779,<=60,44-50,KS,Purchase,Primary,Condo,ServicerC,2019
LN0001711,2019-04,258000,5.375,360,620-659,81-90,37-43,NH,Refinance,Primary,Single Family,ServicerE,2019
LN0001712,2019-12,75000,3.99,360,<620,71-80,44-50,HI,Refinance,Primary,PUD,ServicerA,2019
LN0001713,2020-04,82000,3.625,360,740-779,>100,,VT,Refinance,Primary,Co-op,ServicerA,2020
LN0001714,2021-08,105000,2.375,180,700-739,<=60,29-36,ID,Purchase,Primary,Condo,ServicerC,2021
LN0001715,2019-10,158000,6.375,360,<620,71-80,>50,ID,Cash-Out Refinance,Primary,Co-op,ServicerC,2019
LN0001716,2020-11,108000,2.25,360,780+,>100,37-43,KS,Purchase,Primary,PUD,ServicerD,2020
LN0001717,2021-07,62000,4.375,360,<620,71-80,44-50,WV,Purchase,Primary,PUD,ServicerA,2021
LN0001718,2021-02,282000,3.375,120,740-779,81-90,37-43,HI,Cash-Out Refinance,Primary,Multi-Family,ServicerD,2021
LN0001719,2018-07,200000,6.99,180,780+,91-95,29-36,DE,Refinance,Primary,Co-op,ServicerB,2018
LN0001720,2022-12,56000,3.25,360,660-699,61-70,44-50,WV,Purchase,Primary,Co-op,ServicerC,2022
LN0001721,2020-12,82000,3.5,360,620-659,61-70,37-43,NH,Purchase,Primary,Single Family,ServicerC,2020
LN0001722,2020-08,199000,7.25,360,620-659,71-80,29-36,VT,Purchase,Primary,Single Family,ServicerA,2020
LN0001723,2021-06,84000,3.375,360,660-699,<=60,>50,NE,Cash-Out Refinance,Primary,Single Family,ServicerB,2021
LN0001724,2022-01,154000,6.0,360,620-659,96-100,44-50,VT,Purchase,Primary,Multi-Family,ServicerD,2022
LN0001725,2018-12,72000,3.625,360,740-779,<=60,37-43,ND,Purchase,Primary,Condo,ServicerE,2018
LN0001726,2021-11,129000,8.0,360,<620,81-90,44-50,AK,Purchase,Primary,Multi-Family,ServicerB,2021
LN0001727,2020-02,386000,2.75,180,700-739,91-95,37-43,NE,Purchase,Investment,Co-op,ServicerE,2020
LN0001728,2022-07,147000,3.99,240,780+,<=60,<=28,NM,Purchase,Primary,Condo,ServicerA,2022
LN0001729,2019-07,332000,2.875,360,740-779,<=60,37-43,NE,Refinance,Primary,Multi-Family,ServicerD,2019
LN0001730,2019-08,103000,4.75,180,740-779,81-90,<=28,ID,Cash-Out Refinance,Primary,PUD,ServicerB,2019
LN0001731,2020-06,181000,5.0,360,660-699,71-80,37-43,NM,Purchase,Primary,Single Family,ServicerE,2020
LN0001732,2020-06,373000,3.125,360,740-779,71-80,<=28,,Refinance,Primary,Condo,ServicerC,2020
LN0001733,2022-10,263000,6.124,360,700-739,96-100,<=28,ID,Other,Primary,Single Family,ServicerC,2022
LN0001734,2019-10,173000,6.25,360,700-739,96-100,44-50,NE,Refinance,Primary,Condo,ServicerE,2019
LN0001735,2021-06,156000,3.0,360,620-659,71-80,37-43,KS,Refinance,Investment,Co-op,ServicerB,2021
LN0001736,2018-01,202000,2.25,360,780+,91-95,29-36,NH,Purchase,Primary,Multi-Family,ServicerA,2018
LN0001737,2018-11,422000,3.125,180,700-739,91-95,44-50,NH,Refinance,Primary,PUD,ServicerE,2018
LN0001738,2021-01,275000,3.5,360,620-659,71-80,37-43,NE,Purchase,Primary,PUD,ServicerB,2021
LN0001739,2018-03,256000,3.25,360,660-699,71-80,37-43,MT,Purchase,Primary,Multi-Family,ServicerC,2018
LN0001740,2021-08,107000,5.625,360,700-739,96-100,44-50,NM,Cash-Out Refinance,Primary,Multi-Family,ServicerC,2021
LN0001741,2018-07,133000,3.125,360,780+,,44-50,ID,Cash-Out Refinance,Primary,PUD,ServicerA,2018
LN0001742,2019-12,224000,3.375,360,740-779,81-90,44-50,NV,Purchase,Primary,Single Family,ServicerE,2019
LN0001743,2019-11,117000,8.06,180,740-779,71-80,>50,ID,Refinance,Primary,Co-op,ServicerA,2019
LN0001744,2020-03,301000,3.95,360,<620,71-80,37-43,AK,Purchase,Primary,Multi-Family,ServicerD,2020
LN0001745,2020-02,75000,4.5,360,700-739,71-80,<=28,NM,Cash-Out Refinance,Primary,PUD,ServicerD,2020
LN0001746,2020-05,163000,3.75,180,700-739,61-70,37-43,RI,Refinance,Primary,Condo,ServicerC,2020
LN0001747,2018-06,130000,5.125,360,,71-80,37-43,WY,Purchase,Primary,Co-op,ServicerE,2018
LN0001748,2019-01,130000,5.125,360,660-699,71-80,44-50,VT,Refinance,Primary,PUD,ServicerA,2019
LN0001749,2021-11,253000,5.125,360,740-779,81-90,44-50,,Purchase,Investment,Multi-Family,ServicerA,2021
LN0001750,2020-12,273000,2.875,240,620-659,71-80,>50,ND,Purchase,Primary,Condo,ServicerA,2020
LN0001751,2019-07,209000,2.875,360,700-739,71-80,29-36,,Cash-Out Refinance,Primary,Condo,ServicerB,2019
LN0001752,2018-12,56000,2.5,240,660-699,81-90,44-50,NE,Purchase,Primary,PUD,ServicerC,2018
LN0001753,2018-01,241000,6.625,360,<620,96-100,<=28,WV,Cash-Out Refinance,Primary,Multi-Family,ServicerB,2018
LN0001754,2019-08,330000,10.39,360,660-699,61-70,37-43,HI,Purchase,Primary,PUD,ServicerC,2019
LN0001755,2018-03,293000,3.25,240,780+,81-90,,SD,Purchase,Primary,Multi-Family,ServicerA,2018
LN0001756,2022-04,446000,7.875,360,740-779,,37-43,NM,Refinance,Primary,Multi-Family,ServicerC,2022
LN0001757,2022-11,75000,7.0,120,780+,96-100,37-43,ID,Refinance,Primary,Multi-Family,ServicerB,2022
LN0001758,2021-01,172000,1.965,120,700-739,71-80,29-36,MT,Purchase,Primary,Co-op,ServicerB,2021
LN0001759,2018-12,122000,3.5,360,620-659,96-100,37-43,ID,Refinance,Primary,Co-op,ServicerA,2018
LN0001760,2020-02,187000,4.625,360,700-739,96-100,44-50,HI,Purchase,Primary,Multi-Family,ServicerA,2020
LN0001761,2021-12,274000,3.5,180,700-739,71-80,44-50,HI,Cash-Out Refinance,Investment,Multi-Family,ServicerA,2021
LN0001762,2019-08,120000,7.75,360,780+,91-95,44-50,ID,Cash-Out Refinance,Primary,Co-op,ServicerD,2019
LN0001763,2018-04,148000,2.75,360,620-659,<=60,29-36,NE,Refinance,Primary,Condo,ServicerE,2018
LN0001764,2021-02,231000,5.49,360,700-739,91-95,29-36,ND,Purchase,Primary,Multi-Family,ServicerD,2021
LN0001765,2018-02,327000,3.375,360,620-659,61-70,44-50,ID,Purchase,Primary,Single Family,ServicerA,2018
LN0001766,2020-06,178000,4.125,360,660-699,96-100,29-36,HI,Purchase,Primary,Co-op,ServicerB,2020
LN0001767,2020-03,128000,2.375,180,740-779,96-100,29-36,VT,Cash-Out Refinance,Primary,Condo,ServicerE,2020
LN0001768,2021-03,182000,5.25,360,700-739,<=60,,,Refinance,Primary,Multi-Family,ServicerA,2021
LN0001769,2019-02,121000,2.875,360,,81-90,<=28,ID,Refinance,Primary,PUD,ServicerB,2019
LN0001770,2022-10,97000,3.49,360,,<=60,37-43,,Cash-Out Refinance,Primary,Condo,ServicerE,2022
LN0001771,2018-10,132000,4.5,360,,<=60,37-43,WV,Purchase,Primary,Single Family,ServicerA,2018
LN0001772,2019-08,101000,5.99,360,740-779,<=60,>50,NM,Refinance,Primary,Co-op,ServicerD,2019
LN0001773,2020-12,243000,9.5,180,780+,61-70,37-43,ID,Refinance,Primary,Co-op,ServicerE,2020
LN0001774,2019-11,233000,3.25,360,780+,81-90,37-43,NH,Cash-Out Refinance,Primary,Condo,ServicerE,2019
LN0001775,2019-07,248000,5.625,360,740-779,,44-50,NH,Refinance,Primary,Condo,ServicerC,2019
LN0001776,2022-11,138000,3.375,360,660-699,96-100,37-43,ND,Purchase,Primary,Co-op,ServicerD,2022
LN0001777,2021-04,170000,3.375,360,740-779,<=60,37-43,NE,Purchase,Primary,Condo,ServicerE,2021
LN0001778,2018-02,126000,5.875,360,700-739,81-90,44-50,ID,Refinance,Primary,Single Family,ServicerE,2018
LN0001779,2019-02,804000,2.99,180,660-699,71-80,29-36,HI,Refinance,Primary,Multi-Family,ServicerE,2019
LN0001780,2022-12,170000,2.5,360,780+,,>50,NM,Purchase,Primary,Single Family,ServicerC,2022
LN0001781,2021-06,223000,6.75,180,<620,96-100,29-36,WV,Refinance,Primary,Co-op,ServicerD,2021
LN0001782,2021-06,133000,2.375,180,780+,61-70,<=28,ID,Cash-Out Refinance,Primary,Condo,ServicerE,2021
LN0001783,2019-04,172000,2.75,180,700-739,71-80,<=28,NH,Refinance,Primary,Single Family,ServicerA,2019
LN0001784,2020-11,90000,3.375,360,740-779,81-90,37-43,SD,Purchase,Primary,Single Family,ServicerB,2020
LN0001785,2018-04,55000,5.75,360,740-779,<=60,44-50,NE,Purchase,Investment,Multi-Family,ServicerC,2018
LN0001786,2022-10,93000,2.875,120,780+,71-80,44-50,NH,Purchase,Primary,Single Family,ServicerA,2022
LN0001787,2022-12,262000,2.99,180,740-779,<=60,44-50,VT,Purchase,Primary,Multi-Family,ServicerC,2022
LN0001788,2022-05,188000,6.25,360,740-779,71-80,<=28,ID,Refinance,Primary,Multi-Family,ServicerE,2022
LN0001789,2018-11,152000,2.49,360,<620,<=60,44-50,NE,Cash-Out Refinance,Primary,Multi-Family,ServicerA,2018
LN0001790,2020-04,134000,3.375,360,700-739,<=60,44-50,,Refinance,Primary,Co-op,ServicerB,2020
LN0001791,2022-10,84000,5.75,360,620-659,71-80,37-43,HI,Cash-Out Refinance,Primary,Multi-Family,ServicerB,2022
LN0001792,2022-04,92000,4.125,360,,81-90,<=28,NV,Purchase,Primary,Single Family,ServicerC,2022
LN0001793,2021-05,112000,7.375,180,700-739,61-70,44-50,ND,Purchase,Primary,PUD,ServicerE,2021
LN0001794,2018-04,98000,2.75,360,740-779,<=60,>50,NH,Cash-Out Refinance,Primary,Single Family,ServicerC,2018
LN0001795,2021-07,138000,5.875,360,<620,96-100,44-50,AK,Refinance,Primary,Co-op,ServicerB,2021
LN0001796,2018-04,117000,4.0,360,620-659,81-90,44-50,NE,Purchase,Primary,Co-op,ServicerB,2018
LN0001797,2021-11,193000,5.44,360,740-779,96-100,29-36,MT,Refinance,Primary,Condo,ServicerE,2021
LN0001798,2022-02,155000,5.375,360,<620,96-100,37-43,WY,Refinance,Primary,Co-op,ServicerC,2022
LN0001799,2022-01,165000,3.98,180,<620,71-80,29-36,NM,Refinance,Investment,Co-op,ServicerC,2022
LN0001800,2020-06,364000,5.625,360,<620,<=60,<=28,ID,Refinance,Primary,Condo,ServicerA,2020
LN0001801,2019-07,333000,5.5,240,780+,71-80,44-50,NM,Other,Primary,Single Family,ServicerC,2019
LN0001802,2022-07,284000,4.75,360,740-779,81-90,44-50,NE,Refinance,Primary,Co-op,ServicerD,2022
LN0001803,2020-09,112000,2.5,180,660-699,81-90,44-50,MT,Purchase,Primary,Co-op,ServicerB,2020
LN0001804,2019-08,203000,2.875,360,660-699,61-70,44-50,NH,Purchase,Primary,Multi-Family,ServicerB,2019
LN0001805,2018-01,325000,2.99,360,660-699,<=60,44-50,ID,Purchase,Primary,PUD,ServicerC,2018
LN0001806,2022-02,107000,2.65,360,740-779,71-80,44-50,AK,Purchase,Primary,Co-op,ServicerD,2022
LN0001807,2018-05,166000,2.49,360,740-779,,44-50,WY,Refinance,Primary,Multi-Family,ServicerA,2018
LN0001808,2019-01,126000,2.5,360,620-659,<=60,37-43,ID,Purchase,Primary,Co-op,ServicerA,2019
LN0001809,2018-07,369000,3.625,360,620-659,71-80,37-43,NE,Purchase,Investment,PUD,ServicerE,2018
LN0001810,2022-05,240000,3.5,360,620-659,91-95,29-36,SD,Refinance,Primary,Co-op,ServicerD,2022
LN0001811,2022-07,264000,3.53,360,740-779,,44-50,ID,Purchase,Primary,Single Family,ServicerD,2022
LN0001812,2021-12,234000,2.75,180,740-779,71-80,44-50,VT,Refinance,Primary,PUD,ServicerB,2021
LN0001813,2021-02,122000,4.5,360,660-699,96-100,29-36,NH,Purchase,Primary,PUD,ServicerE,2021
LN0001814,2022-09,132000,3.125,360,<620,91-95,<=28,NH,Purchase,Primary,PUD,ServicerA,2022
LN0001815,2022-03,105000,1.0,180,620-659,71-80,37-43,WY,Refinance,Primary,Condo,ServicerB,2022
LN0001816,2020-02,54000,4.49,360,780+,96-100,37-43,NE,Purchase,Primary,Multi-Family,ServicerE,2020
LN0001817,2020-02,233000,6.125,360,660-699,71-80,37-43,NH,Purchase,Primary,PUD,ServicerB,2020
LN0001818,2022-04,81000,3.4,360,740-779,61-70,37-43,MS,Purchase,Primary,PUD,ServicerE,2022
LN0001819,2019-09,142000,3.375,360,740-779,96-100,44-50,WV,Refinance,Primary,PUD,ServicerB,2019
LN0001820,2020-07,94000,5.875,360,700-739,71-80,44-50,NH,Cash-Out Refinance,Primary,PUD,ServicerD,2020
LN0001821,2022-11,216000,5.0,360,660-699,,37-43,ID,Refinance,Secondary,Condo,ServicerB,2022
LN0001822,2018-05,180000,4.625,360,620-659,81-90,44-50,NE,Purchase,Investment,Single Family,ServicerD,2018
LN0001823,2021-12,115000,7.375,120,740-779,96-100,<=28,MT,Purchase,Investment,Condo,ServicerD,2021
LN0001824,2019-01,163000,3.99,360,740-779,71-80,37-43,KS,Purchase,Primary,Single Family,ServicerC,2019
LN0001825,2019-02,108000,2.99,360,740-779,96-100,37-43,NM,Refinance,Primary,Multi-Family,ServicerE,2019
LN0001826,2021-02,52000,3.0,360,700-739,61-70,<=28,NH,Purchase,Primary,PUD,ServicerC,2021
LN0001827,2021-10,280000,8.0,360,<620,71-80,37-43,HI,Refinance,Primary,Condo,ServicerE,2021
LN0001828,2022-01,148000,2.75,360,780+,71-80,37-43,MT,Cash-Out Refinance,Primary,Co-op,ServicerB,2022
LN0001829,2020-11,394000,11.74,360,740-779,96-100,37-43,ID,Refinance,Primary,Multi-Family,ServicerE,2020
LN0001830,2019-02,214000,6.375,360,660-699,81-90,37-43,ID,Purchase,Primary,Co-op,ServicerA,2019
LN0001831,2018-12,266000,6.599,120,780+,96-100,37-43,MT,Purchase,Primary,Condo,ServicerA,2018
LN0001832,2019-12,110000,3.5,120,740-779,61-70,37-43,WV,Purchase,Secondary,Condo,ServicerC,2019
LN0001833,2018-03,107000,2.75,360,700-739,91-95,37-43,ID,Purchase,Primary,Single Family,ServicerB,2018
LN0001834,2021-06,313000,3.875,360,740-779,96-100,29-36,VT,Refinance,Primary,PUD,ServicerA,2021
LN0001835,2022-09,293000,5.99,360,740-779,71-80,<=28,WV,Purchase,Primary,PUD,ServicerE,2022
LN0001836,2020-03,248000,7.0,360,740-779,<=60,37-43,VT,Refinance,Primary,PUD,ServicerC,2020
LN0001837,2020-03,146000,6.99,360,620-659,71-80,>50,NH,Purchase,Investment,PUD,ServicerA,2020
LN0001838,2020-12,103000,3.25,180,660-699,71-80,44-50,MT,Other,Primary,Co-op,ServicerA,2020
LN0001839,2018-01,275000,2.5,360,780+,81-90,37-43,RI,Cash-Out Refinance,Primary,PUD,ServicerB,2018
LN0001840,2020-07,223000,3.75,240,660-699,91-95,44-50,WY,Refinance,Primary,Co-op,ServicerD,2020
LN0001841,2020-09,266000,2.875,360,,71-80,44-50,ID,Refinance,Primary,Multi-Family,ServicerB,2020
LN0001842,2018-05,86000,6.25,180,700-739,96-100,29-36,ID,Purchase,Primary,Condo,ServicerA,2018
LN0001843,2022-11,286000,4.0,360,700-739,81-90,44-50,NV,Cash-Out Refinance,Primary,Single Family,ServicerE,2022
LN0001844,2018-08,640000,2.75,360,740-779,<=60,44-50,NM,Purchase,Primary,Condo,ServicerA,2018
LN0001845,2021-09,152000,8.39,360,780+,61-70,37-43,NM,Refinance,Primary,Condo,ServicerA,2021
LN0001846,2020-01,109000,5.074,180,660-699,61-70,44-50,ID,Refinance,Primary,Multi-Family,ServicerE,2020
LN0001847,2021-10,107000,3.75,360,620-659,71-80,37-43,NE,Cash-Out Refinance,Primary,Condo,ServicerD,2021
LN0001848,2019-06,149000,2.75,360,620-659,71-80,<=28,VT,Purchase,Primary,Condo,ServicerD,2019
LN0001849,2019-05,314000,2.875,360,780+,91-95,<=28,NH,Purchase,Primary,PUD,ServicerD,2019
LN0001850,2018-10,207000,7.75,240,740-779,71-80,29-36,HI,Purchase,Primary,Co-op,ServicerD,2018
LN0001851,2018-04,340000,3.0,360,660-699,81-90,<=28,NM,Cash-Out Refinance,Primary,Co-op,ServicerA,2018
LN0001852,2022-01,208000,4.75,360,740-779,,44-50,KS,Purchase,Primary,Co-op,ServicerB,2022
LN0001853,2018-01,142000,4.5,360,780+,71-80,37-43,NH,Other,Primary,Multi-Family,ServicerB,2018
LN0001854,2019-01,207000,4.375,360,780+,<=60,<=28,NH,Purchase,Secondary,PUD,ServicerD,2019
LN0001855,2021-06,109000,2.375,360,780+,71-80,37-43,NE,Purchase,Primary,Multi-Family,ServicerC,2021
LN0001856,2021-03,342000,3.125,240,660-699,71-80,44-50,MT,Purchase,Primary,Condo,ServicerA,2021
LN0001857,2019-01,309000,7.49,360,740-779,71-80,37-43,,Refinance,Secondary,PUD,ServicerC,2019
LN0001858,2022-12,97000,5.45,360,700-739,<=60,<=28,RI,Purchase,Primary,Multi-Family,ServicerC,2022
LN0001859,2021-04,479000,2.75,360,780+,<=60,44-50,WY,Purchase,Primary,PUD,ServicerA,2021
LN0001860,2020-04,275000,3.99,360,740-779,<=60,44-50,NH,Purchase,Primary,Multi-Family,ServicerC,2020
LN0001861,2021-12,141000,3.49,360,740-779,96-100,>50,NH,Refinance,Primary,Condo,ServicerC,2021
LN0001862,2020-05,63000,7.0,360,,71-80,29-36,NM,Purchase,Primary,Multi-Family,ServicerB,2020
LN0001863,2018-10,179000,3.125,360,620-659,91-95,<=28,ID,Purchase,Primary,Co-op,ServicerC,2018
LN0001864,2020-02,123000,3.375,360,700-739,81-90,29-36,WV,Purchase,Primary,Multi-Family,ServicerD,2020
LN0001865,2022-11,159000,2.875,360,780+,96-100,37-43,NH,Refinance,Primary,Multi-Family,ServicerD,2022
LN0001866,2018-03,229000,2.875,360,780+,<=60,>50,NM,Cash-Out Refinance,Primary,Single Family,ServicerC,2018
LN0001867,2019-09,110000,3.625,180,<620,<=60,44-50,NE,Refinance,Primary,Condo,ServicerC,2019
LN0001868,2018-07,195000,3.25,360,,61-70,29-36,ID,Refinance,Primary,PUD,ServicerC,2018
LN0001869,2018-08,113000,2.25,360,620-659,<=60,44-50,NH,Purchase,Primary,Single Family,ServicerE,2018
LN0001870,2020-05,195000,4.0,360,740-779,96-100,44-50,WV,Purchase,Primary,Multi-Family,ServicerD,2020
LN0001871,2020-02,191000,4.25,360,740-779,71-80,37-43,ND,Purchase,Secondary,PUD,ServicerD,2020
LN0001872,2022-08,100000,3.75,360,660-699,<=60,37-43,NE,Purchase,Primary,Condo,ServicerE,2022
LN0001873,2018-06,73000,3.5,360,700-739,81-90,37-43,ND,Purchase,Primary,Co-op,ServicerA,2018
LN0001874,2019-05,122000,9.5,360,780+,71-80,37-43,NE,Refinance,Primary,Condo,ServicerA,2019
LN0001875,2022-05,121000,3.25,360,740-779,91-95,,MT,Purchase,Primary,Multi-Family,ServicerE,2022
LN0001876,2022-04,194000,4.375,240,700-739,61-70,37-43,RI,Refinance,Primary,Multi-Family,ServicerB,2022
LN0001877,2021-06,166000,6.5,180,700-739,71-80,29-36,NM,Other,Primary,Co-op,ServicerE,2021
LN0001878,2022-08,227000,2.375,360,700-739,91-95,29-36,KS,Cash-Out Refinance,Investment,Multi-Family,ServicerC,2022
LN0001879,2019-12,186000,8.65,360,660-699,61-70,29-36,NM,Other,Primary,Single Family,ServicerB,2019
LN0001880,2022-04,80000,1.99,360,700-739,71-80,,NH,Refinance,Primary,Condo,ServicerC,2022
LN0001881,2019-01,87000,2.25,360,740-779,91-95,,MT,Purchase,Primary,Single Family,ServicerE,2019
LN0001882,2021-01,242000,3.043,360,780+,<=60,37-43,RI,Purchase,Primary,Single Family,ServicerD,2021
LN0001883,2019-09,148000,5.0,360,740-779,96-100,44-50,ID,Cash-Out Refinance,Primary,Condo,ServicerE,2019
LN0001884,2020-11,77000,5.75,360,,71-80,37-43,NE,Cash-Out Refinance,Primary,Multi-Family,ServicerE,2020
LN0001885,2018-06,264000,5.5,360,620-659,71-80,29-36,NE,Purchase,Investment,Multi-Family,ServicerD,2018
LN0001886,2018-11,301000,3.99,360,700-739,96-100,37-43,MS,Purchase,Investment,PUD,ServicerB,2018
LN0001887,2021-12,80000,4.125,180,<620,81-90,44-50,KS,Purchase,Primary,Single Family,ServicerB,2021
LN0001888,2020-02,256000,5.875,360,660-699,71-80,<=28,ND,Refinance,Primary,Single Family,ServicerB,2020
LN0001889,2019-09,257000,7.125,180,740-779,61-70,37-43,MT,Refinance,Primary,Condo,ServicerE,2019
LN0001890,2019-07,142000,3.75,360,780+,96-100,<=28,ID,Refinance,Primary,Single Family,ServicerE,2019
LN0001891,2021-01,209000,1.99,360,620-659,96-100,44-50,KS,Purchase,Primary,Co-op,ServicerB,2021
LN0001892,2019-12,687000,7.25,180,700-739,91-95,37-43,ID,Other,Primary,Co-op,ServicerB,2019
LN0001893,2020-02,134000,3.625,360,740-779,71-80,29-36,KS,Other,Primary,Single Family,ServicerB,2020
LN0001894,2018-04,119000,5.75,360,660-699,<=60,29-36,NE,Cash-Out Refinance,Primary,Single Family,ServicerA,2018
LN0001895,2022-07,174000,8.5,360,700-739,71-80,<=28,ID,Refinance,Primary,Condo,ServicerB,2022
LN0001896,2020-08,134000,5.75,360,740-779,<=60,44-50,NH,Purchase,Investment,PUD,ServicerD,2020
LN0001897,2018-10,82000,3.625,360,740-779,71-80,<=28,ID,Refinance,Primary,Multi-Family,ServicerD,2018
LN0001898,2018-09,54000,6.5,360,620-659,61-70,>50,ID,Cash-Out Refinance,Primary,Condo,ServicerA,2018
LN0001899,2019-11,256000,2.25,360,660-699,96-100,37-43,SD,Purchase,Primary,PUD,ServicerD,2019
LN0001900,2021-02,145000,6.99,360,740-779,71-80,44-50,WV,Cash-Out Refinance,Primary,Multi-Family,ServicerC,2021
LN0001901,2022-10,379000,7.0,360,700-739,<=60,37-43,MS,Purchase,Primary,Co-op,ServicerB,2022
LN0001902,2018-07,125000,4.25,240,<620,71-80,37-43,NM,Purchase,Primary,Co-op,ServicerC,2018
LN0001903,2019-04,143000,2.25,360,740-779,91-95,37-43,NH,Cash-Out Refinance,Primary,Single Family,ServicerB,2019
LN0001904,2020-05,44000,10.0,360,<620,<=60,44-50,NE,Refinance,Primary,Single Family,ServicerE,2020
LN0001905,2020-07,70000,2.785,360,740-779,<=60,44-50,ID,Cash-Out Refinance,Primary,Single Family,ServicerA,2020
LN0001906,2020-06,62000,2.375,120,660-699,96-100,44-50,NE,Refinance,Primary,Multi-Family,ServicerA,2020
LN0001907,2021-05,108000,3.75,360,780+,71-80,<=28,NE,Purchase,Primary,Single Family,ServicerA,2021
LN0001908,2019-02,122000,5.75,360,660-699,71-80,29-36,ID,Refinance,Primary,Co-op,ServicerC,2019
LN0001909,2019-03,288000,2.625,180,660-699,<=60,>50,AK,Refinance,Primary,PUD,ServicerE,2019
LN0001910,2022-02,206000,5.0,360,,71-80,<=28,ID,Cash-Out Refinance,Primary,Multi-Family,ServicerD,2022
LN0001911,2019-02,121000,5.0,360,660-699,91-95,44-50,AK,Refinance,Primary,Multi-Family,ServicerC,2019
LN0001912,2019-08,180000,6.875,360,780+,71-80,29-36,,Purchase,Investment,Multi-Family,ServicerE,2019
LN0001913,2021-06,227000,2.75,360,780+,<=60,<=28,AK,Refinance,Primary,Co-op,ServicerA,2021
LN0001914,2021-02,115000,6.625,360,660-699,<=60,37-43,WY,Cash-Out Refinance,Primary,PUD,ServicerC,2021
LN0001915,2022-06,288000,3.125,360,700-739,71-80,44-50,MT,Purchase,Primary,Condo,ServicerB,2022
LN0001916,2019-08,225000,3.0,360,740-779,71-80,37-43,MT,Refinance,Primary,PUD,ServicerC,2019
LN0001917,2020-08,279000,5.55,360,780+,<=60,<=28,HI,Purchase,Investment,Single Family,ServicerB,2020
LN0001918,2020-02,227000,8.5,180,700-739,61-70,37-43,NE,Refinance,Primary,Co-op,ServicerE,2020
LN0001919,2018-03,185000,3.25,360,700-739,<=60,44-50,NE,Refinance,Primary,Multi-Family,ServicerA,2018
LN0001920,2020-12,210000,5.49,180,700-739,91-95,<=28,SD,Cash-Out Refinance,Primary,Co-op,ServicerC,2020
LN0001921,2022-01,367000,4.75,360,740-779,96-100,44-50,NH,Refinance,Primary,Co-op,ServicerD,2022
LN0001922,2019-06,207000,7.0,360,<620,81-90,29-36,WV,Purchase,Primary,Multi-Family,ServicerC,2019
LN0001923,2019-02,383000,3.25,360,740-779,71-80,44-50,MT,Cash-Out Refinance,Primary,Multi-Family,ServicerA,2019
LN0001924,2019-06,127000,2.25,180,660-699,71-80,37-43,WY,Purchase,Primary,Multi-Family,ServicerE,2019
LN0001925,2021-09,31000,2.5,360,740-779,71-80,44-50,,Refinance,Primary,PUD,ServicerE,2021
LN0001926,2018-11,210000,5.25,360,620-659,71-80,29-36,ID,Purchase,Primary,Co-op,ServicerB,2018
LN0001927,2020-05,139000,3.0,360,,61-70,44-50,RI,Refinance,Primary,PUD,ServicerD,2020
LN0001928,2019-01,129000,3.25,360,,<=60,>50,RI,Purchase,Secondary,Single Family,ServicerC,2019
LN0001929,2021-08,246000,3.0,240,740-779,<=60,37-43,VT,Other,Primary,Condo,ServicerE,2021
LN0001930,2022-12,214000,4.5,360,<620,<=60,29-36,NH,Refinance,Primary,Single Family,ServicerE,2022
LN0001931,2022-04,348000,4.0,360,700-739,71-80,>50,WY,Purchase,Primary,PUD,ServicerB,2022
LN0001932,2018-08,317000,3.99,360,700-739,96-100,37-43,NE,Refinance,Primary,Single Family,ServicerE,2018
LN0001933,2018-03,313000,2.25,360,700-739,,37-43,ND,Refinance,Primary,Single Family,ServicerA,2018
LN0001934,2018-01,606000,3.99,360,740-779,>100,<=28,RI,Other,Primary,PUD,ServicerD,2018
LN0001935,2018-04,180000,4.24,180,740-779,81-90,37-43,SD,Purchase,Primary,Co-op,ServicerE,2018
LN0001936,2019-04,235000,2.5,360,740-779,96-100,37-43,WY,Purchase,Primary,Condo,ServicerE,2019
LN0001937,2021-06,442000,3.25,360,660-699,<=60,37-43,NM,Purchase,Primary,Co-op,ServicerA,2021
LN0001938,2018-10,361000,6.5,360,780+,96-100,37-43,MT,Cash-Out Refinance,Primary,Condo,ServicerB,2018
LN0001939,2022-05,201000,4.75,360,700-739,<=60,<=28,ID,Purchase,Primary,PUD,ServicerE,2022
LN0001940,2018-01,55000,3.25,240,<620,71-80,37-43,NH,Purchase,Primary,Multi-Family,ServicerC,2018
LN0001941,2018-04,168000,4.125,360,<620,96-100,29-36,NM,Purchase,Primary,Multi-Family,ServicerB,2018
LN0001942,2021-03,268000,2.25,360,660-699,61-70,44-50,ID,Cash-Out Refinance,Primary,Single Family,ServicerD,2021
LN0001943,2018-06,120000,4.25,360,740-779,>100,29-36,NE,Purchase,Primary,Condo,ServicerD,2018
LN0001944,2018-01,126000,6.875,360,740-779,<=60,44-50,NM,Cash-Out Refinance,Primary,Co-op,ServicerB,2018
LN0001945,2021-01,103000,2.99,360,740-779,71-80,37-43,MT,Cash-Out Refinance,Primary,Multi-Family,ServicerD,2021
LN0001946,2019-10,44000,4.75,360,700-739,,37-43,ID,Purchase,Primary,Co-op,ServicerA,2019
LN0001947,2021-12,347000,3.625,360,700-739,71-80,29-36,ID,Purchase,Primary,Co-op,ServicerB,2021
LN0001948,2021-08,441000,8.7,360,620-659,61-70,37-43,AK,Refinance,Investment,Single Family,ServicerB,2021
LN0001949,2018-07,123000,7.5,240,660-699,81-90,44-50,ID,Refinance,Primary,PUD,ServicerE,2018
LN0001950,2021-03,346000,3.375,360,700-739,<=60,29-36,ID,Refinance,Primary,Condo,ServicerE,2021
LN0001951,2020-04,146000,2.75,360,620-659,71-80,37-43,ID,Purchase,Investment,Co-op,ServicerC,2020
LN0001952,2019-05,226000,4.75,360,660-699,81-90,44-50,NH,Purchase,Primary,Single Family,ServicerA,2019
LN0001953,2020-08,91000,4.0,360,700-739,61-70,>50,NM,Purchase,Primary,Co-op,ServicerD,2020
LN0001954,2019-01,144000,6.75,360,740-779,<=60,37-43,KS,Cash-Out Refinance,Primary,PUD,ServicerE,2019
LN0001955,2022-10,347000,4.125,360,780+,<=60,<=28,WY,Purchase,Primary,Condo,ServicerD,2022
LN0001956,2022-04,245000,2.625,360,780+,81-90,<=28,ND,Refinance,Primary,Co-op,ServicerA,2022
LN0001957,2020-08,364000,3.875,360,740-779,71-80,<=28,WV,Cash-Out Refinance,Primary,Multi-Family,ServicerD,2020
LN0001958,2021-09,213000,3.875,360,700-739,<=60,29-36,NH,Purchase,Primary,PUD,ServicerA,2021
LN0001959,2021-01,168000,5.125,120,740-779,91-95,>50,WV,Refinance,Primary,Co-op,ServicerE,2021
LN0001960,2018-05,184000,2.125,360,740-779,81-90,29-36,ID,Purchase,Primary,Condo,ServicerE,2018
LN0001961,2021-03,265000,4.375,120,620-659,71-80,37-43,NE,Purchase,Primary,Co-op,ServicerB,2021
LN0001962,2021-04,107000,4.0,180,700-739,61-70,<=28,RI,Cash-Out Refinance,Primary,Multi-Family,ServicerB,2021
LN0001963,2022-04,154000,4.55,360,780+,96-100,>50,NE,Purchase,Primary,PUD,ServicerD,2022
LN0001964,2022-01,364000,2.25,360,700-739,71-80,44-50,NH,Cash-Out Refinance,Primary,Condo,ServicerC,2022
LN0001965,2021-12,296000,3.5,360,700-739,<=60,29-36,WV,Refinance,Primary,Condo,ServicerA,2021
LN0001966,2020-08,300000,2.75,180,700-739,61-70,37-43,SD,Cash-Out Refinance,Primary,Condo,ServicerA,2020
LN0001967,2022-08,259000,3.29,360,620-659,91-95,37-43,NM,Purchase,Secondary,Condo,ServicerC,2022
LN0001968,2020-10,165000,3.75,360,660-699,81-90,44-50,WV,Refinance,Primary,Single Family,ServicerD,2020
LN0001969,2022-06,233000,2.25,360,660-699,91-95,29-36,NM,Purchase,Investment,Multi-Family,ServicerB,2022
LN0001970,2021-05,231000,7.0,360,<620,61-70,37-43,NV,Purchase,Primary,Single Family,ServicerD,2021
LN0001971,2019-01,155000,3.75,360,<620,81-90,37-43,ID,Cash-Out Refinance,Investment,Co-op,ServicerD,2019
LN0001972,2020-10,80000,3.125,360,780+,71-80,44-50,WY,Purchase,Primary,Co-op,ServicerD,2020
LN0001973,2019-01,223000,3.75,240,660-699,71-80,37-43,DE,Purchase,Secondary,Condo,ServicerE,2019
LN0001974,2020-01,225000,3.0,180,700-739,96-100,37-43,WY,Refinance,Primary,Single Family,ServicerA,2020
LN0001975,2021-09,109000,2.99,360,660-699,96-100,37-43,NH,Purchase,Primary,Condo,ServicerB,2021
LN0001976,2020-10,150000,3.75,360,780+,<=60,<=28,NM,Refinance,Primary,Multi-Family,ServicerA,2020
LN0001977,2019-03,266000,3.0,360,660-699,71-80,37-43,NH,Refinance,Primary,Condo,ServicerC,2019
LN0001978,2018-04,663000,2.75,360,700-739,61-70,37-43,NH,Refinance,Primary,PUD,ServicerB,2018
LN0001979,2019-05,218000,6.74,360,780+,<=60,>50,KS,Purchase,Primary,Single Family,ServicerD,2019
LN0001980,2022-12,210000,2.5,240,780+,>100,37-43,NH,Cash-Out Refinance,Primary,Co-op,ServicerD,2022
LN0001981,2018-04,297000,3.125,360,620-659,<=60,37-43,MT,Purchase,Primary,Condo,ServicerA,2018
LN0001982,2022-07,118000,3.75,360,,<=60,37-43,NM,Cash-Out Refinance,Primary,Single Family,ServicerD,2022
LN0001983,2020-03,88000,3.375,120,700-739,61-70,37-43,MS,Purchase,Primary,Single Family,ServicerE,2020
LN0001984,2019-04,63000,3.875,240,700-739,<=60,37-43,NE,Purchase,Primary,PUD,ServicerA,2019
LN0001985,2022-06,161000,4.0,360,620-659,71-80,>50,KS,Purchase,Primary,Condo,ServicerE,2022
LN0001986,2020-10,90000,8.75,360,620-659,71-80,44-50,MT,Refinance,Primary,Co-op,ServicerD,2020
LN0001987,2018-12,121000,2.5,240,740-779,61-70,29-36,MS,Other,Primary,Condo,ServicerC,2018
LN0001988,2020-10,109000,2.5,180,700-739,<=60,29-36,NM,Refinance,Primary,Co-op,ServicerA,2020
LN0001989,2022-03,59000,3.75,360,700-739,<=60,29-36,DE,Purchase,Primary,Multi-Family,ServicerC,2022
LN0001990,2022-04,262000,4.125,360,740-779,96-100,44-50,NH,Purchase,Primary,Condo,ServicerE,2022
LN0001991,2021-09,93000,5.875,360,740-779,81-90,37-43,ID,Cash-Out Refinance,Primary,PUD,ServicerB,2021
LN0001992,2020-03,253000,2.625,360,620-659,71-80,44-50,NE,Purchase,Primary,Multi-Family,ServicerE,2020
LN0001993,2021-01,173000,3.375,120,740-779,81-90,37-43,AK,Purchase,Primary,Single Family,ServicerD,2021
LN0001994,2018-01,98000,2.625,240,620-659,71-80,37-43,ID,Cash-Out Refinance,Primary,PUD,ServicerC,2018
LN0001995,2019-10,300000,2.625,360,740-779,<=60,37-43,NH,Cash-Out Refinance,Primary,Co-op,ServicerD,2019
LN0001996,2019-01,74000,8.093,360,,61-70,37-43,NE,Other,Primary,Co-op,ServicerB,2019
LN0001997,2022-08,107000,4.875,360,780+,71-80,37-43,ND,Purchase,Secondary,Condo,ServicerA,2022
LN0001998,2018-06,74000,4.375,360,<620,71-80,>50,DE,Refinance,Secondary,PUD,ServicerD,2018
LN0001999,2022-04,161000,6.25,360,<620,71-80,37-43,MT,Purchase,Primary,Condo,ServicerD,2022
LN0002000,2019-06,66000,6.125,240,660-699,91-95,37-43,HI,Refinance,Investment,Multi-Family,ServicerB,2019
LN0002001,2019-06,151000,5.0,360,660-699,81-90,,MT,Refinance,Primary,Single Family,ServicerE,2019
LN0002002,2018-01,300000,5.999,360,660-699,,,AK,Cash-Out Refinance,Primary,Single Family,ServicerC,2018
LN0002003,2019-10,42000,3.625,360,780+,61-70,37-43,AK,Refinance,Primary,Co-op,ServicerE,2019
LN0002004,2019-02,265000,3.0,360,660-699,<=60,37-43,MT,Refinance,Primary,Single Family,ServicerB,2019
LN0002005,2022-06,254000,2.49,360,660-699,81-90,37-43,ID,Purchase,Primary,Multi-Family,ServicerC,2022
LN0002006,2018-06,145000,2.5,360,740-779,71-80,44-50,NM,Refinance,Primary,Condo,ServicerE,2018
LN0002007,2021-10,214000,6.49,360,700-739,71-80,44-50,ID,Purchase,Primary,Single Family,ServicerC,2021
LN0002008,2018-06,94000,2.5,360,740-779,61-70,44-50,KS,Purchase,Investment,Co-op,ServicerC,2018
LN0002009,2020-06,189000,5.5,360,<620,<=60,44-50,NE,Purchase,Secondary,PUD,ServicerB,2020
LN0002010,2019-03,374000,3.375,360,700-739,91-95,29-36,NE,Purchase,Primary,Co-op,ServicerA,2019
LN0002011,2021-11,211000,7.5,360,<620,<=60,44-50,AK,Purchase,Primary,PUD,ServicerE,2021
LN0002012,2021-11,199000,8.125,360,<620,71-80,44-50,AK,Refinance,Primary,PUD,ServicerD,2021
LN0002013,2020-03,265000,3.0,180,780+,71-80,44-50,DE,Purchase,Primary,PUD,ServicerA,2020
LN0002014,2022-12,62000,4.875,360,620-659,61-70,29-36,ID,Purchase,Primary,Multi-Family,ServicerC,2022
LN0002015,2022-06,125000,2.99,240,700-739,81-90,37-43,HI,Refinance,Primary,Co-op,ServicerA,2022
LN0002016,2019-11,196000,5.0,360,700-739,61-70,37-43,HI,Purchase,Primary,Co-op,ServicerE,2019
LN0002017,2022-03,80000,3.975,120,660-699,71-80,37-43,NE,Purchase,Primary,Co-op,ServicerA,2022
LN0002018,2021-05,149000,5.99,360,780+,<=60,>50,NH,Cash-Out Refinance,Primary,Co-op,ServicerC,2021
LN0002019,2020-03,134000,2.625,240,<620,71-80,44-50,NH,Purchase,Secondary,Co-op,ServicerA,2020
LN0002020,2019-12,128000,3.0,360,740-779,<=60,,NE,Purchase,Investment,Single Family,ServicerD,2019
LN0002021,2018-12,465000,1.99,180,780+,61-70,<=28,WY,Purchase,Primary,Single Family,ServicerD,2018
LN0002022,2022-07,154000,6.75,360,700-739,81-90,29-36,NH,Purchase,Primary,Single Family,ServicerA,2022
LN0002023,2022-01,160000,4.375,120,780+,61-70,,KS,Purchase,Primary,Condo,ServicerB,2022
LN0002024,2019-10,245000,3.125,180,<620,81-90,37-43,HI,Purchase,Primary,Condo,ServicerD,2019
LN0002025,2020-10,198000,6.5,180,700-739,61-70,29-36,NH,Refinance,Primary,Single Family,ServicerB,2020
LN0002026,2019-11,54000,6.625,360,660-699,71-80,29-36,NE,Refinance,Primary,Condo,ServicerB,2019
LN0002027,2022-02,154000,2.788,360,740-779,81-90,44-50,NM,Purchase,Primary,PUD,ServicerE,2022
LN0002028,2021-03,153000,6.99,360,780+,71-80,37-43,ID,Cash-Out Refinance,Primary,Condo,ServicerB,2021
LN0002029,2020-12,102000,3.5,180,660-699,<=60,<=28,SD,Refinance,Primary,Co-op,ServicerC,2020
LN0002030,2018-04,392000,4.625,360,740-779,71-80,37-43,NE,Refinance,Primary,PUD,ServicerC,2018
LN0002031,2020-06,77000,2.25,360,620-659,71-80,44-50,ID,Refinance,Primary,Condo,ServicerD,2020
LN0002032,2019-11,299000,4.888,240,700-739,91-95,>50,MT,Refinance,Primary,Multi-Family,ServicerA,2019
LN0002033,2018-12,216000,3.125,360,700-739,61-70,>50,NM,Purchase,Primary,Co-op,ServicerA,2018
LN0002034,2020-08,323000,2.49,360,780+,71-80,29-36,AK,Purchase,Primary,PUD,ServicerA,2020
LN0002035,2018-05,147000,5.375,360,740-779,<=60,29-36,MT,Purchase,Primary,Co-op,ServicerB,2018
LN0002036,2019-04,243000,2.75,360,660-699,71-80,37-43,NE,Purchase,Primary,PUD,ServicerD,2019
LN0002037,2018-06,177000,3.99,360,620-659,71-80,<=28,RI,Refinance,Primary,PUD,ServicerC,2018
LN0002038,2020-02,254000,2.875,360,620-659,61-70,37-43,,Cash-Out Refinance,Primary,Multi-Family,ServicerB,2020
LN0002039,2018-01,229000,4.34,360,660-699,<=60,44-50,NE,Purchase,Primary,Co-op,ServicerE,2018
LN0002040,2021-08,246000,4.375,180,660-699,<=60,29-36,ID,Purchase,Primary,Condo,ServicerD,2021
LN0002041,2021-03,195000,3.25,360,780+,81-90,37-43,SD,Purchase,Primary,Single Family,ServicerE,2021
LN0002042,2021-08,50000,3.0,360,700-739,96-100,44-50,ID,Refinance,Primary,Co-op,ServicerD,2021
LN0002043,2021-06,59000,5.875,360,700-739,71-80,<=28,DE,Purchase,Primary,Condo,ServicerB,2021
LN0002044,2022-07,77000,3.25,360,620-659,71-80,37-43,ID,Refinance,Primary,Single Family,ServicerD,2022
LN0002045,2018-08,814000,4.75,360,780+,91-95,<=28,MS,Purchase,Primary,Single Family,ServicerB,2018
LN0002046,2022-11,253000,2.875,360,740-779,81-90,37-43,NH,Refinance,Primary,Multi-Family,ServicerE,2022
LN0002047,2019-03,158000,2.75,180,<620,81-90,37-43,ID,Cash-Out Refinance,Investment,Condo,ServicerA,2019
LN0002048,2021-02,173000,2.875,360,740-779,>100,29-36,MT,Cash-Out Refinance,Primary,Single Family,ServicerE,2021
LN0002049,2018-05,323000,3.19,360,700-739,81-90,37-43,NE,Purchase,Primary,PUD,ServicerB,2018
LN0002050,2018-06,96000,5.625,180,620-659,91-95,44-50,HI,Purchase,Primary,Co-op,ServicerB,2018
LN0002051,2020-02,211000,2.625,360,700-739,<=60,37-43,HI,Refinance,Primary,Single Family,ServicerC,2020
LN0002052,2018-06,103000,5.875,360,700-739,81-90,29-36,NE,Refinance,Primary,Co-op,ServicerE,2018
LN0002053,2019-07,63000,2.99,360,620-659,61-70,37-43,SD,Refinance,Primary,Condo,ServicerD,2019
LN0002054,2019-12,271000,2.375,360,780+,61-70,44-50,KS,Purchase,Primary,Co-op,ServicerC,2019
LN0002055,2018-09,161000,5.0,360,780+,71-80,>50,ID,Refinance,Primary,Single Family,ServicerD,2018
LN0002056,2018-06,135000,3.25,360,740-779,<=60,37-43,ID,Purchase,Primary,PUD,ServicerD,2018
LN0002057,2022-10,90000,5.75,360,700-739,71-80,37-43,MT,Purchase,Primary,Co-op,ServicerE,2022
LN0002058,2021-12,109000,2.625,360,700-739,61-70,>50,HI,Purchase,Primary,PUD,ServicerD,2021
LN0002059,2018-07,142000,2.25,360,740-779,<=60,<=28,WV,Purchase,Primary,Condo,ServicerE,2018
LN0002060,2019-10,168000,3.0,360,700-739,61-70,,AK,Purchase,Primary,PUD,ServicerB,2019
LN0002061,2021-03,147000,2.625,360,<620,<=60,29-36,ND,Refinance,Primary,Condo,ServicerD,2021
LN0002062,2018-02,197000,2.75,360,700-739,61-70,37-43,NE,Cash-Out Refinance,Primary,Single Family,ServicerD,2018
LN0002063,2020-04,83000,3.625,240,740-779,61-70,29-36,NE,Refinance,Investment,Co-op,ServicerD,2020
LN0002064,2019-07,79000,3.125,360,700-739,61-70,44-50,MT,Refinance,Primary,Single Family,ServicerD,2019
LN0002065,2022-12,142000,5.25,360,<620,<=60,37-43,NH,Cash-Out Refinance,Primary,Co-op,ServicerB,2022
LN0002066,2022-05,54000,5.625,360,740-779,81-90,44-50,KS,Purchase,Primary,PUD,ServicerA,2022
LN0002067,2020-05,61000,2.625,180,660-699,91-95,>50,WY,Purchase,Primary,Single Family,ServicerE,2020
LN0002068,2019-02,72000,4.625,360,660-699,81-90,<=28,AK,Refinance,Primary,Co-op,ServicerD,2019
LN0002069,2018-07,143000,2.25,360,620-659,71-80,44-50,RI,Refinance,Primary,Single Family,ServicerD,2018
LN0002070,2022-09,157000,5.125,180,660-699,96-100,37-43,DE,Other,Primary,PUD,ServicerA,2022
LN0002071,2021-03,125000,4.0,360,740-779,81-90,>50,ID,Refinance,Primary,Multi-Family,ServicerE,2021
LN0002072,2018-06,111000,2.5,360,700-739,71-80,37-43,NH,Refinance,Primary,Single Family,ServicerC,2018
LN0002073,2018-07,415000,5.25,360,660-699,61-70,44-50,ID,Other,Primary,Multi-Family,ServicerA,2018
LN0002074,2018-05,294000,2.875,360,780+,,37-43,ND,Purchase,Primary,Condo,ServicerA,2018
LN0002075,2022-08,141000,4.0,360,780+,71-80,37-43,WV,Purchase,Primary,Condo,ServicerE,2022
LN0002076,2019-02,333000,2.875,360,780+,61-70,>50,AK,Purchase,Primary,Multi-Family,ServicerC,2019
LN0002077,2018-04,443000,3.375,240,660-699,61-70,44-50,NE,Purchase,Primary,Multi-Family,ServicerC,2018
LN0002078,2019-11,62000,13.0,360,700-739,<=60,29-36,ID,Refinance,Primary,Multi-Family,ServicerE,2019
LN0002079,2020-02,228000,4.125,360,,96-100,37-43,SD,Refinance,Primary,PUD,ServicerA,2020
LN0002080,2021-02,147000,2.625,360,740-779,96-100,29-36,,Cash-Out Refinance,Secondary,Single Family,ServicerC,2021
LN0002081,2020-07,94000,2.75,360,<620,61-70,37-43,WV,Purchase,Primary,Multi-Family,ServicerD,2020
LN0002082,2021-08,441000,3.125,360,<620,<=60,37-43,VT,Purchase,Primary,Co-op,ServicerA,2021
LN0002083,2020-02,170000,7.3,360,700-739,<=60,37-43,NE,Refinance,Primary,PUD,ServicerE,2020
LN0002084,2022-07,342000,4.6,360,780+,96-100,37-43,KS,Purchase,Primary,Multi-Family,ServicerE,2022
LN0002085,2019-06,165000,3.75,360,700-739,<=60,>50,NE,Purchase,Primary,Single Family,ServicerB,2019
LN0002086,2021-06,163000,2.75,360,700-739,71-80,<=28,RI,Other,Primary,PUD,ServicerC,2021
LN0002087,2019-08,113000,5.25,240,620-659,81-90,>50,ND,Refinance,Primary,Condo,ServicerC,2019
LN0002088,2018-05,139000,7.75,360,740-779,<=60,37-43,NM,Refinance,Primary,Co-op,ServicerA,2018
LN0002089,2021-08,197000,5.999,360,780+,61-70,>50,MT,Refinance,Primary,Single Family,ServicerE,2021
LN0002090,2020-04,78000,6.834,360,700-739,81-90,37-43,DE,Refinance,Secondary,Condo,ServicerB,2020
LN0002091,2020-10,87000,2.875,360,740-779,96-100,37-43,DE,Purchase,Investment,Co-op,ServicerB,2020
LN0002092,2018-03,212000,5.49,360,780+,71-80,37-43,DE,Purchase,Primary,Condo,ServicerB,2018
LN0002093,2018-02,210000,3.75,360,660-699,71-80,29-36,AK,Purchase,Primary,Multi-Family,ServicerB,2018
LN0002094,2020-09,54000,5.0,360,700-739,96-100,>50,HI,Purchase,Investment,Single Family,ServicerE,2020
LN0002095,2021-10,229000,3.375,360,660-699,91-95,37-43,ID,Other,Primary,Co-op,ServicerC,2021
LN0002096,2019-09,150000,2.75,360,740-779,81-90,44-50,WV,Refinance,Primary,Co-op,ServicerB,2019
LN0002097,2018-07,157000,7.49,360,700-739,<=60,37-43,NH,Purchase,Primary,Single Family,ServicerC,2018
LN0002098,2022-07,144000,9.91,360,740-779,96-100,29-36,WV,Refinance,Primary,Co-op,ServicerA,2022
LN0002099,2022-11,254000,2.75,360,740-779,61-70,37-43,NH,Cash-Out Refinance,Secondary,Condo,ServicerD,2022
LN0002100,2021-10,67000,7.125,360,700-739,<=60,37-43,ID,Refinance,Primary,Co-op,ServicerE,2021
LN0002101,2019-08,211000,6.375,180,780+,91-95,>50,HI,Purchase,Primary,PUD,ServicerC,2019
LN0002102,2020-02,106000,4.25,360,700-739,71-80,44-50,NV,Purchase,Investment,Condo,ServicerC,2020
LN0002103,2021-12,356000,3.375,360,620-659,71-80,44-50,NE,Purchase,Primary,PUD,ServicerE,2021
LN0002104,2018-09,133000,4.875,180,740-779,<=60,37-43,NV,Purchase,Primary,Co-op,ServicerB,2018
LN0002105,2022-09,165000,3.0,240,740-779,81-90,29-36,,Purchase,Primary,PUD,ServicerC,2022
LN0002106,2022-11,158000,4.75,360,660-699,61-70,37-43,NM,Refinance,Primary,Single Family,ServicerC,2022
LN0002107,2022-03,105000,2.75,360,780+,71-80,29-36,VT,Cash-Out Refinance,Primary,Condo,ServicerA,2022
LN0002108,2018-08,76000,4.125,360,780+,96-100,44-50,HI,Purchase,Primary,Single Family,ServicerC,2018
LN0002109,2019-03,87000,3.375,180,660-699,81-90,37-43,MT,Purchase,Primary,Condo,ServicerD,2019
LN0002110,2019-04,460000,2.99,360,780+,71-80,44-50,DE,Refinance,Primary,Co-op,ServicerD,2019
LN0002111,2019-01,190000,3.125,360,620-659,<=60,37-43,WV,Refinance,Primary,PUD,ServicerD,2019
LN0002112,2021-02,227000,3.5,360,660-699,96-100,44-50,NE,Purchase,Primary,Co-op,ServicerA,2021
LN0002113,2021-04,154000,2.5,360,620-659,91-95,37-43,MS,Cash-Out Refinance,Primary,Single Family,ServicerD,2021
LN0002114,2019-10,145000,6.0,360,780+,96-100,37-43,ND,Purchase,Primary,Co-op,ServicerE,2019
LN0002115,2020-06,125000,2.25,360,740-779,91-95,44-50,ID,Refinance,Primary,Multi-Family,ServicerC,2020
LN0002116,2018-02,215000,5.875,360,620-659,>100,44-50,NH,Refinance,Primary,Co-op,ServicerE,2018
LN0002117,2021-09,114000,3.25,240,700-739,81-90,29-36,NE,Purchase,Primary,Co-op,ServicerA,2021
LN0002118,2021-09,287000,4.125,360,740-779,71-80,37-43,ID,Cash-Out Refinance,Primary,Co-op,ServicerE,2021
LN0002119,2020-05,169000,5.15,360,620-659,96-100,37-43,KS,Purchase,Primary,Co-op,ServicerC,2020
LN0002120,2022-08,155000,2.875,360,780+,71-80,29-36,NM,Purchase,Investment,Single Family,ServicerB,2022
LN0002121,2018-12,239000,2.5,360,740-779,71-80,>50,HI,Purchase,Primary,Condo,ServicerB,2018
LN0002122,2022-10,100000,3.75,360,700-739,,44-50,ID,Cash-Out Refinance,Primary,Condo,ServicerD,2022
LN0002123,2022-07,171000,2.25,360,780+,71-80,37-43,NE,Refinance,Primary,Multi-Family,ServicerB,2022
LN0002124,2018-07,181000,3.49,360,700-739,71-80,37-43,,Purchase,Primary,Condo,ServicerB,2018
LN0002125,2019-03,157000,8.0,180,780+,61-70,37-43,MT,Purchase,Primary,Single Family,ServicerD,2019
LN0002126,2022-10,85000,2.375,360,740-779,91-95,29-36,ID,Refinance,Primary,PUD,ServicerC,2022
LN0002127,2022-02,158000,3.25,360,740-779,71-80,44-50,NM,Refinance,Primary,Condo,ServicerD,2022
LN0002128,2018-10,163000,4.75,360,620-659,<=60,37-43,ID,Purchase,Secondary,PUD,ServicerC,2018
LN0002129,2018-05,91000,4.875,360,780+,71-80,>50,NE,Purchase,Investment,Single Family,ServicerB,2018
LN0002130,2022-06,227000,2.99,240,700-739,71-80,37-43,NH,Purchase,Primary,Co-op,ServicerC,2022
LN0002131,2021-05,414000,6.0,360,620-659,81-90,<=28,WV,Purchase,Primary,PUD,ServicerC,2021
LN0002132,2021-11,116000,8.0,360,<620,91-95,>50,NH,Purchase,Primary,Multi-Family,ServicerD,2021
LN0002133,2021-10,199000,3.375,360,700-739,91-95,<=28,NM,Purchase,Investment,Co-op,ServicerE,2021
LN0002134,2022-08,261000,2.25,360,700-739,96-100,44-50,WV,Refinance,Primary,Multi-Family,ServicerB,2022
LN0002135,2018-03,192000,4.375,360,740-779,<=60,37-43,ID,Refinance,Primary,Single Family,ServicerC,2018
LN0002136,2020-07,299000,3.25,360,780+,71-80,37-43,ID,Purchase,Investment,Condo,ServicerB,2020
LN0002137,2019-10,114000,3.375,360,<620,71-80,44-50,SD,Cash-Out Refinance,Primary,Condo,ServicerC,2019
LN0002138,2022-11,173000,7.0,360,740-779,61-70,,NE,Purchase,Primary,Multi-Family,ServicerA,2022
LN0002139,2021-01,264000,3.375,360,620-659,71-80,>50,NM,Purchase,Primary,Co-op,ServicerE,2021
LN0002140,2021-06,205000,4.875,360,780+,71-80,29-36,ID,Cash-Out Refinance,Primary,Single Family,ServicerD,2021
LN0002141,2019-01,130000,3.45,360,740-779,91-95,>50,MT,Purchase,Investment,Single Family,ServicerA,2019
LN0002142,2021-05,175000,4.5,180,700-739,81-90,29-36,ID,Cash-Out Refinance,Primary,Multi-Family,ServicerB,2021
LN0002143,2020-01,172000,2.95,360,740-779,71-80,44-50,ID,Cash-Out Refinance,Investment,Co-op,ServicerA,2020
LN0002144,2020-05,316000,2.375,360,660-699,<=60,29-36,NM,Purchase,Primary,PUD,ServicerB,2020
LN0002145,2020-05,120000,2.99,360,700-739,91-95,37-43,NM,Purchase,Primary,Multi-Family,ServicerD,2020
LN0002146,2021-12,90000,3.0,360,780+,71-80,44-50,NE,Purchase,Primary,Co-op,ServicerD,2021
LN0002147,2018-04,207000,9.86,360,,71-80,37-43,SD,Purchase,Primary,Multi-Family,ServicerC,2018
LN0002148,2019-05,192000,3.0,360,,<=60,,ND,Cash-Out Refinance,Primary,PUD,ServicerC,2019
LN0002149,2021-06,266000,3.5,360,700-739,<=60,37-43,ND,Purchase,Primary,Co-op,ServicerA,2021
LN0002150,2020-12,151000,8.25,240,780+,96-100,37-43,VT,Refinance,Primary,Co-op,ServicerB,2020
LN0002151,2021-10,200000,2.75,360,660-699,71-80,37-43,NM,Purchase,Primary,Multi-Family,ServicerE,2021
LN0002152,2018-04,214000,3.5,360,620-659,71-80,37-43,NH,Purchase,Primary,PUD,ServicerA,2018
LN0002153,2021-04,402000,3.375,360,740-779,<=60,29-36,,Purchase,Primary,PUD,ServicerD,2021
LN0002154,2021-12,124000,3.5,360,780+,71-80,29-36,RI,Refinance,Primary,Single Family,ServicerB,2021
LN0002155,2021-09,156000,3.625,120,620-659,96-100,>50,MT,Purchase,Primary,Condo,ServicerA,2021
LN0002156,2020-01,172000,3.375,180,660-699,<=60,29-36,VT,Purchase,Primary,Condo,ServicerC,2020
LN0002157,2022-03,204000,6.19,360,,96-100,37-43,WY,Cash-Out Refinance,Primary,PUD,ServicerC,2022
LN0002158,2018-05,150000,3.625,360,660-699,71-80,<=28,NH,Purchase,Primary,Condo,ServicerA,2018
LN0002159,2022-07,75000,5.5,360,700-739,<=60,29-36,NE,Cash-Out Refinance,Primary,Co-op,ServicerC,2022
LN0002160,2019-09,177000,7.125,360,740-779,<=60,29-36,ID,Cash-Out Refinance,Primary,Multi-Family,ServicerE,2019
LN0002161,2022-01,371000,2.375,360,740-779,91-95,29-36,ID,Purchase,Secondary,PUD,ServicerD,2022
LN0002162,2019-04,227000,2.25,120,740-779,71-80,37-43,NM,Purchase,Primary,Condo,ServicerC,2019
LN0002163,2019-01,434000,2.25,360,660-699,96-100,44-50,NE,Refinance,Primary,Condo,ServicerE,2019
LN0002164,2019-01,318000,4.0,360,780+,61-70,37-43,RI,Refinance,Primary,Multi-Family,ServicerE,2019
LN0002165,2021-01,148000,2.5,360,700-739,81-90,29-36,MT,Refinance,Investment,Single Family,ServicerA,2021
LN0002166,2020-12,425000,3.74,360,780+,91-95,37-43,ID,Refinance,Primary,Single Family,ServicerB,2020
LN0002167,2019-05,88000,6.5,360,740-779,96-100,37-43,ND,Purchase,Primary,Single Family,ServicerB,2019
LN0002168,2020-08,64000,5.875,360,620-659,71-80,37-43,WV,Refinance,Primary,Multi-Family,ServicerD,2020
LN0002169,2022-07,122000,9.7,360,740-779,71-80,29-36,RI,Cash-Out Refinance,Primary,Single Family,ServicerE,2022
LN0002170,2018-11,60000,3.75,180,660-699,61-70,29-36,NH,Refinance,Primary,Co-op,ServicerB,2018
LN0002171,2018-04,105000,5.125,360,740-779,71-80,44-50,,Refinance,Secondary,PUD,ServicerA,2018
LN0002172,2020-08,251000,5.625,360,<620,96-100,>50,ID,Cash-Out Refinance,Primary,Single Family,ServicerE,2020
LN0002173,2022-08,277000,2.75,360,620-659,<=60,44-50,ID,Refinance,Primary,Single Family,ServicerA,2022
LN0002174,2019-08,119000,3.87,360,780+,71-80,29-36,MT,Purchase,Primary,PUD,ServicerC,2019
LN0002175,2022-09,190000,2.625,360,660-699,96-100,44-50,HI,Purchase,Primary,Co-op,ServicerD,2022
LN0002176,2020-06,240000,6.124,360,780+,91-95,37-43,MT,Refinance,Secondary,PUD,ServicerB,2020
LN0002177,2019-05,63000,2.85,180,660-699,<=60,44-50,ID,Other,Primary,Condo,ServicerA,2019
LN0002178,2018-05,573000,2.5,360,740-779,<=60,44-50,ND,Purchase,Primary,Multi-Family,ServicerA,2018
LN0002179,2018-07,415000,3.75,360,740-779,81-90,>50,ID,Refinance,Primary,Single Family,ServicerC,2018
LN0002180,2018-03,371000,4.99,240,700-739,61-70,<=28,HI,Other,Primary,Co-op,ServicerD,2018
LN0002181,2022-04,250000,3.0,360,660-699,<=60,37-43,AK,Purchase,Primary,Multi-Family,ServicerA,2022
LN0002182,2019-11,127000,3.625,240,660-699,<=60,29-36,HI,Refinance,Primary,Multi-Family,ServicerA,2019
LN0002183,2019-11,233000,2.5,360,<620,>100,37-43,KS,Refinance,Primary,Co-op,ServicerD,2019
LN0002184,2019-05,227000,2.75,360,660-699,71-80,37-43,NH,Cash-Out Refinance,Primary,Condo,ServicerB,2019
LN0002185,2021-09,48000,6.375,120,740-779,<=60,44-50,AK,Refinance,Primary,Multi-Family,ServicerC,2021
LN0002186,2018-11,84000,2.94,120,780+,<=60,44-50,MT,Purchase,Primary,Condo,ServicerB,2018
LN0002187,2018-08,151000,3.25,360,780+,<=60,<=28,DE,Refinance,Primary,Condo,ServicerE,2018
LN0002188,2019-11,266000,6.625,120,740-779,71-80,>50,,Refinance,Primary,PUD,ServicerE,2019
LN0002189,2019-10,62000,5.375,360,740-779,<=60,<=28,NE,Refinance,Investment,Condo,ServicerC,2019
LN0002190,2018-04,166000,4.0,240,740-779,<=60,29-36,ID,Purchase,Primary,Co-op,ServicerE,2018
LN0002191,2020-10,382000,5.875,180,660-699,<=60,44-50,ID,Other,Primary,Co-op,ServicerB,2020
LN0002192,2020-12,105000,2.776,120,780+,71-80,44-50,VT,Cash-Out Refinance,Investment,PUD,ServicerB,2020
LN0002193,2020-07,140000,3.25,360,740-779,71-80,>50,NE,Refinance,Primary,Multi-Family,ServicerC,2020
LN0002194,2021-06,173000,3.25,360,700-739,71-80,37-43,ID,Purchase,Primary,Condo,ServicerD,2021
LN0002195,2021-05,217000,6.99,360,620-659,71-80,44-50,NE,Purchase,Primary,Multi-Family,ServicerC,2021
LN0002196,2019-08,137000,2.5,360,700-739,71-80,44-50,NM,Other,Investment,Single Family,ServicerA,2019
LN0002197,2020-11,102000,2.25,360,700-739,91-95,<=28,VT,Purchase,Secondary,PUD,ServicerC,2020
LN0002198,2022-10,255000,1.75,180,780+,<=60,,,Cash-Out Refinance,Primary,Single Family,ServicerC,2022
LN0002199,2021-10,319000,8.0,360,700-739,61-70,37-43,RI,Refinance,Investment,Multi-Family,ServicerE,2021
LN0002200,2018-01,144000,3.35,360,700-739,71-80,44-50,NE,Cash-Out Refinance,Primary,Condo,ServicerD,2018
LN0002201,2022-11,71000,7.0,180,780+,61-70,44-50,VT,Refinance,Primary,PUD,ServicerC,2022
LN0002202,2020-09,213000,1.99,360,620-659,>100,37-43,ND,Purchase,Primary,Condo,ServicerD,2020
LN0002203,2022-10,163000,4.99,360,700-739,71-80,44-50,HI,Purchase,Investment,Multi-Family,ServicerD,2022
LN0002204,2020-05,96000,3.375,360,<620,71-80,<=28,AK,Purchase,Primary,PUD,ServicerC,2020
LN0002205,2018-08,119000,6.45,360,740-779,71-80,>50,NM,Purchase,Primary,Multi-Family,ServicerD,2018
LN0002206,2018-06,191000,4.625,360,,81-90,29-36,KS,Cash-Out Refinance,Primary,Condo,ServicerB,2018
LN0002207,2020-11,331000,3.125,180,660-699,96-100,>50,MT,Cash-Out Refinance,Primary,Condo,ServicerA,2020
LN0002208,2020-05,275000,3.49,360,780+,61-70,37-43,NH,Refinance,Secondary,Condo,ServicerD,2020
LN0002209,2020-11,235000,5.99,360,660-699,96-100,37-43,ID,Refinance,Primary,PUD,ServicerD,2020
LN0002210,2020-04,263000,2.86,360,780+,81-90,44-50,ID,Purchase,Primary,PUD,ServicerA,2020
LN0002211,2019-09,170000,5.09,180,740-779,<=60,44-50,WV,Cash-Out Refinance,Primary,PUD,ServicerA,2019
LN0002212,2019-01,43000,3.125,360,740-779,81-90,44-50,NE,Cash-Out Refinance,Primary,PUD,ServicerB,2019
LN0002213,2022-07,202000,5.5,360,<620,<=60,44-50,MS,Purchase,Primary,Co-op,ServicerC,2022
LN0002214,2020-11,335000,6.625,360,780+,96-100,44-50,HI,Refinance,Primary,PUD,ServicerE,2020
LN0002215,2019-12,245000,3.5,360,740-779,71-80,37-43,VT,Refinance,Primary,Single Family,ServicerD,2019
LN0002216,2018-11,475000,6.75,180,660-699,61-70,37-43,ID,Purchase,Primary,Condo,ServicerD,2018
LN0002217,2021-05,121000,6.5,360,780+,91-95,44-50,NH,Refinance,Primary,Multi-Family,ServicerA,2021
LN0002218,2020-07,210000,7.625,360,660-699,71-80,37-43,ID,Cash-Out Refinance,Primary,Multi-Family,ServicerE,2020
LN0002219,2021-07,202000,3.75,360,780+,91-95,37-43,VT,Refinance,Primary,Condo,ServicerB,2021
LN0002220,2018-10,133000,3.125,240,620-659,71-80,29-36,NM,Refinance,Primary,Multi-Family,ServicerC,2018
LN0002221,2022-04,361000,4.25,360,740-779,<=60,37-43,ID,Other,Primary,Single Family,ServicerA,2022
LN0002222,2020-12,76000,3.5,360,700-739,81-90,37-43,AK,Purchase,Primary,Single Family,ServicerB,2020
LN0002223,2019-11,257000,6.75,360,620-659,91-95,,ID,Refinance,Primary,Single Family,ServicerB,2019
LN0002224,2022-11,90000,2.75,180,660-699,71-80,>50,MT,Cash-Out Refinance,Primary,PUD,ServicerA,2022
LN0002225,2021-11,584000,7.25,180,<620,<=60,29-36,ID,Cash-Out Refinance,Primary,PUD,ServicerB,2021
LN0002226,2020-09,259000,7.625,180,700-739,61-70,37-43,NE,Purchase,Primary,Condo,ServicerE,2020
LN0002227,2020-03,450000,2.625,360,660-699,71-80,44-50,ID,Refinance,Primary,Co-op,ServicerA,2020
LN0002228,2022-03,191000,9.91,360,700-739,91-95,29-36,HI,Refinance,Primary,Multi-Family,ServicerC,2022
LN0002229,2020-02,140000,3.125,180,660-699,96-100,44-50,NH,Cash-Out Refinance,Primary,Co-op,ServicerB,2020
LN0002230,2021-03,69000,5.25,360,660-699,<=60,44-50,DE,Other,Investment,Co-op,ServicerE,2021
LN0002231,2020-12,363000,2.25,360,740-779,<=60,>50,NM,Cash-Out Refinance,Primary,Multi-Family,ServicerA,2020
LN0002232,2022-03,112000,2.75,360,<620,71-80,37-43,VT,Purchase,Primary,Co-op,ServicerE,2022
LN0002233,2020-11,59000,2.875,360,780+,71-80,44-50,HI,Purchase,Primary,Condo,ServicerC,2020
LN0002234,2018-04,324000,2.25,360,780+,61-70,>50,NE,Refinance,Primary,Condo,ServicerB,2018
LN0002235,2020-04,161000,2.99,360,740-779,96-100,44-50,ID,Cash-Out Refinance,Primary,Co-op,ServicerD,2020
LN0002236,2020-07,156000,7.0,180,700-739,96-100,44-50,ID,Refinance,Primary,Condo,ServicerC,2020
LN0002237,2020-06,113000,7.375,360,780+,71-80,37-43,NE,Purchase,Primary,Single Family,ServicerE,2020
LN0002238,2020-10,324000,6.49,360,620-659,81-90,37-43,NE,Purchase,Primary,Multi-Family,ServicerD,2020
LN0002239,2020-08,192000,3.375,360,<620,>100,29-36,VT,Refinance,Primary,Multi-Family,ServicerD,2020
LN0002240,2018-08,210000,2.875,240,660-699,61-70,37-43,NM,Purchase,Primary,Condo,ServicerE,2018
LN0002241,2018-11,202000,3.625,240,740-779,<=60,<=28,SD,Other,Primary,Multi-Family,ServicerE,2018
LN0002242,2022-10,540000,2.375,360,<620,71-80,29-36,KS,Purchase,Primary,Co-op,ServicerA,2022
LN0002243,2022-02,125000,2.625,360,700-739,96-100,44-50,AK,Refinance,Investment,Co-op,ServicerD,2022
LN0002244,2021-04,118000,5.375,360,780+,96-100,>50,AK,Refinance,Primary,Single Family,ServicerD,2021
LN0002245,2022-02,647000,6.125,360,780+,91-95,<=28,DE,Refinance,Primary,Co-op,ServicerC,2022
LN0002246,2021-09,213000,3.99,360,700-739,71-80,29-36,ID,Purchase,Primary,PUD,ServicerE,2021
LN0002247,2020-07,148000,3.0,180,<620,71-80,29-36,NH,Refinance,Primary,Single Family,ServicerD,2020
LN0002248,2018-03,385000,5.875,360,780+,91-95,37-43,ID,Other,Primary,PUD,ServicerD,2018
LN0002249,2019-04,85000,3.375,360,700-739,71-80,37-43,NM,Purchase,Investment,PUD,ServicerA,2019
LN0002250,2020-07,275000,3.5,360,620-659,,>50,KS,Purchase,Primary,Co-op,ServicerC,2020
LN0002251,2022-08,162000,7.375,180,620-659,71-80,<=28,KS,Purchase,Primary,PUD,ServicerB,2022
LN0002252,2019-06,210000,2.99,360,780+,71-80,44-50,NE,Refinance,Primary,Multi-Family,ServicerE,2019
LN0002253,2019-02,123000,3.125,360,740-779,<=60,37-43,WV,Purchase,Primary,Condo,ServicerA,2019
LN0002254,2021-06,236000,8.775,360,780+,81-90,37-43,NM,Refinance,Primary,PUD,ServicerA,2021
LN0002255,2019-06,216000,3.09,360,780+,81-90,,NE,Refinance,Primary,Co-op,ServicerC,2019
LN0002256,2018-01,110000,3.0,180,700-739,71-80,37-43,RI,Refinance,Primary,Multi-Family,ServicerC,2018
LN0002257,2021-05,95000,2.5,360,700-739,<=60,>50,NE,Refinance,Primary,Co-op,ServicerE,2021
LN0002258,2019-03,296000,2.875,360,700-739,61-70,37-43,WV,Purchase,Primary,Condo,ServicerB,2019
LN0002259,2022-03,89000,2.75,360,660-699,81-90,29-36,RI,Cash-Out Refinance,Primary,Condo,ServicerE,2022
LN0002260,2021-02,168000,8.5,360,700-739,61-70,44-50,AK,Purchase,Primary,Condo,ServicerB,2021
LN0002261,2019-10,113000,2.5,360,740-779,96-100,<=28,NE,Refinance,Primary,Condo,ServicerD,2019
LN0002262,2021-11,513000,5.75,360,740-779,>100,37-43,WY,Cash-Out Refinance,Primary,Co-op,ServicerE,2021
LN0002263,2021-07,97000,3.75,360,780+,81-90,44-50,VT,Refinance,Primary,Condo,ServicerD,2021
LN0002264,2021-08,57000,4.375,120,700-739,,<=28,NE,Refinance,Primary,PUD,ServicerC,2021
LN0002265,2021-01,108000,2.875,240,740-779,71-80,<=28,ID,Purchase,Secondary,Multi-Family,ServicerE,2021
LN0002266,2018-09,184000,3.2,360,740-779,81-90,44-50,MT,Purchase,Primary,Multi-Family,ServicerA,2018
LN0002267,2019-12,252000,2.875,360,700-739,71-80,37-43,NH,Purchase,Primary,Multi-Family,ServicerE,2019
LN0002268,2020-01,225000,7.625,360,740-779,<=60,37-43,AK,Cash-Out Refinance,Primary,PUD,ServicerC,2020
LN0002269,2020-09,83000,2.75,360,660-699,96-100,44-50,AK,Refinance,Primary,PUD,ServicerD,2020
LN0002270,2019-01,229000,5.875,360,700-739,81-90,29-36,KS,Purchase,Primary,Condo,ServicerD,2019
LN0002271,2018-11,121000,2.625,360,620-659,81-90,44-50,KS,Refinance,Primary,Multi-Family,ServicerB,2018
LN0002272,2019-04,199000,3.375,360,700-739,81-90,37-43,ID,Cash-Out Refinance,Primary,Condo,ServicerE,2019
LN0002273,2020-05,209000,8.99,360,700-739,71-80,>50,SD,Purchase,Primary,Co-op,ServicerB,2020
LN0002274,2019-02,195000,7.125,240,740-779,71-80,37-43,ID,Refinance,Primary,Condo,ServicerA,2019
LN0002275,2021-09,187000,4.5,360,780+,<=60,>50,NE,Refinance,Primary,PUD,ServicerA,2021
LN0002276,2022-05,305000,2.375,360,740-779,81-90,37-43,ID,Refinance,Primary,Single Family,ServicerD,2022
LN0002277,2019-02,100000,4.5,360,740-779,<=60,37-43,NE,Refinance,Primary,Single Family,ServicerD,2019
LN0002278,2018-05,194000,3.125,360,700-739,<=60,29-36,VT,Purchase,Primary,Multi-Family,ServicerD,2018
LN0002279,2020-08,94000,6.25,360,740-779,71-80,>50,DE,Purchase,Primary,Condo,ServicerE,2020
LN0002280,2022-10,217000,7.99,180,<620,<=60,37-43,RI,Refinance,Primary,Co-op,ServicerC,2022
LN0002281,2022-06,115000,2.5,360,660-699,71-80,37-43,ID,Refinance,Primary,Condo,ServicerB,2022
LN0002282,2021-11,91000,5.39,360,660-699,71-80,37-43,AK,Cash-Out Refinance,Primary,Multi-Family,ServicerC,2021
LN0002283,2019-06,69000,7.125,240,700-739,>100,44-50,ID,Purchase,Primary,Co-op,ServicerC,2019
LN0002284,2021-06,602000,3.0,240,<620,<=60,37-43,,Purchase,Primary,Condo,ServicerE,2021
LN0002285,2019-03,178000,3.0,360,620-659,71-80,,NE,Refinance,Primary,Multi-Family,ServicerC,2019
LN0002286,2021-01,95000,3.5,360,660-699,71-80,44-50,NM,Purchase,Primary,Single Family,ServicerA,2021
LN0002287,2019-04,280000,5.625,180,780+,61-70,,NV,Cash-Out Refinance,Primary,Multi-Family,ServicerB,2019
LN0002288,2019-04,129000,3.5,360,660-699,71-80,44-50,AK,Purchase,Primary,Condo,ServicerB,2019
LN0002289,2018-10,334000,4.875,360,700-739,61-70,>50,KS,Refinance,Primary,Single Family,ServicerD,2018
LN0002290,2022-03,187000,3.375,360,,71-80,>50,HI,Purchase,Primary,Single Family,ServicerD,2022
LN0002291,2018-06,101000,6.5,360,740-779,71-80,44-50,,Purchase,Primary,Multi-Family,ServicerE,2018
LN0002292,2018-07,132000,7.125,360,660-699,71-80,37-43,ID,Refinance,Primary,Multi-Family,ServicerA,2018
LN0002293,2020-09,330000,3.0,360,660-699,<=60,<=28,NE,Other,Primary,Single Family,ServicerD,2020
LN0002294,2022-01,290000,4.19,360,700-739,<=60,>50,SD,Cash-Out Refinance,Primary,PUD,ServicerC,2022
LN0002295,2022-01,585000,2.625,360,<620,<=60,44-50,DE,Purchase,Primary,Multi-Family,ServicerE,2022
LN0002296,2018-11,249000,4.125,360,<620,71-80,44-50,DE,Refinance,Primary,Condo,ServicerE,2018
LN0002297,2018-01,144000,3.0,360,660-699,71-80,<=28,MT,Cash-Out Refinance,Primary,Co-op,ServicerE,2018
LN0002298,2018-07,84000,5.0,360,<620,81-90,44-50,NE,Purchase,Primary,Co-op,ServicerB,2018
LN0002299,2021-07,124000,2.99,360,620-659,81-90,37-43,ID,Refinance,Primary,Single Family,ServicerE,2021
LN0002300,2018-09,182000,5.875,120,660-699,<=60,44-50,VT,Refinance,Primary,PUD,ServicerB,2018
LN0002301,2020-08,258000,2.75,360,740-779,71-80,>50,HI,Refinance,Primary,PUD,ServicerE,2020
LN0002302,2019-04,101000,3.625,360,700-739,<=60,,WV,Refinance,Primary,Single Family,ServicerE,2019
LN0002303,2018-05,424000,7.375,240,700-739,96-100,44-50,NM,Cash-Out Refinance,Primary,Co-op,ServicerB,2018
LN0002304,2021-11,122000,4.125,360,660-699,81-90,44-50,NE,Purchase,Primary,PUD,ServicerE,2021
LN0002305,2018-11,143000,7.49,360,780+,81-90,<=28,WY,Purchase,Primary,PUD,ServicerD,2018
LN0002306,2022-05,155000,2.49,360,700-739,71-80,37-43,MT,Refinance,Primary,PUD,ServicerC,2022
LN0002307,2022-10,146000,2.919,360,620-659,71-80,44-50,MT,Cash-Out Refinance,Primary,Co-op,ServicerA,2022
LN0002308,2019-07,103000,4.5,360,740-779,71-80,44-50,RI,Refinance,Primary,Multi-Family,ServicerE,2019
LN0002309,2018-09,522000,8.8,360,620-659,96-100,44-50,DE,Purchase,Primary,Co-op,ServicerD,2018
LN0002310,2022-02,323000,3.375,240,660-699,<=60,44-50,ID,Refinance,Investment,Co-op,ServicerA,2022
LN0002311,2020-02,77000,2.5,360,700-739,71-80,37-43,NH,Refinance,Primary,Condo,ServicerC,2020
LN0002312,2018-08,76000,7.0,360,780+,61-70,44-50,MS,Purchase,Primary,Condo,ServicerE,2018
LN0002313,2019-10,81000,3.125,180,700-739,61-70,29-36,HI,Refinance,Primary,PUD,ServicerD,2019
LN0002314,2019-05,89000,2.875,360,740-779,71-80,<=28,MT,Cash-Out Refinance,Primary,Condo,ServicerC,2019
LN0002315,2022-04,71000,6.375,360,780+,91-95,,WV,Refinance,Primary,Single Family,ServicerD,2022
LN0002316,2020-12,320000,4.0,360,620-659,61-70,44-50,KS,Refinance,Investment,PUD,ServicerE,2020
LN0002317,2021-05,190000,7.375,360,660-699,61-70,29-36,SD,Purchase,Primary,PUD,ServicerA,2021
LN0002318,2019-01,278000,4.75,360,700-739,61-70,>50,ID,Other,Primary,Co-op,ServicerB,2019
LN0002319,2022-08,342000,2.99,120,,96-100,44-50,ID,Purchase,Primary,Co-op,ServicerD,2022
LN0002320,2019-12,282000,6.125,360,700-739,<=60,37-43,ID,Refinance,Primary,Co-op,ServicerA,2019
LN0002321,2021-06,230000,2.999,360,780+,71-80,29-36,NE,Refinance,Primary,Condo,ServicerE,2021
LN0002322,2019-01,262000,2.75,360,740-779,<=60,<=28,NE,Purchase,Primary,Condo,ServicerB,2019
LN0002323,2018-11,82000,3.5,360,740-779,71-80,37-43,RI,Refinance,Primary,Single Family,ServicerE,2018
LN0002324,2018-02,161000,2.375,360,660-699,71-80,37-43,KS,Purchase,Primary,Multi-Family,ServicerC,2018
LN0002325,2022-11,173000,7.845,180,780+,81-90,<=28,NM,Cash-Out Refinance,Primary,Condo,ServicerD,2022
LN0002326,2021-03,466000,4.25,360,780+,71-80,<=28,ID,Purchase,Primary,Multi-Family,ServicerE,2021
LN0002327,2018-09,343000,4.5,240,780+,<=60,<=28,NH,Cash-Out Refinance,Primary,Multi-Family,ServicerA,2018
LN0002328,2018-12,114000,3.75,240,<620,61-70,37-43,NH,Refinance,Primary,Single Family,ServicerE,2018
LN0002329,2018-05,401000,6.625,360,740-779,,37-43,WV,Purchase,Primary,Single Family,ServicerB,2018
LN0002330,2019-08,109000,6.25,360,<620,61-70,>50,ID,Refinance,Primary,Condo,ServicerA,2019
LN0002331,2020-05,150000,5.0,240,660-699,81-90,<=28,ID,Purchase,Primary,PUD,ServicerE,2020
LN0002332,2021-01,134000,2.875,180,<620,81-90,>50,NE,Purchase,Primary,Co-op,ServicerD,2021
LN0002333,2018-03,218000,5.75,360,740-779,71-80,44-50,WY,Purchase,Primary,PUD,ServicerA,2018
LN0002334,2018-05,138000,4.375,360,740-779,<=60,37-43,HI,Cash-Out Refinance,Investment,Condo,ServicerD,2018
LN0002335,2020-11,543000,2.875,120,620-659,<=60,>50,MT,Refinance,Primary,PUD,ServicerD,2020
LN0002336,2020-07,302000,4.875,180,700-739,71-80,44-50,NM,Purchase,Primary,Single Family,ServicerE,2020
LN0002337,2018-02,253000,6.125,360,700-739,71-80,44-50,KS,Purchase,Primary,PUD,ServicerE,2018
LN0002338,2018-01,130000,2.875,360,660-699,71-80,37-43,ND,Refinance,Primary,Single Family,ServicerD,2018
LN0002339,2019-11,445000,3.99,360,620-659,71-80,44-50,MT,Purchase,Primary,Multi-Family,ServicerD,2019
LN0002340,2019-06,182000,3.25,360,700-739,91-95,37-43,ID,Purchase,Primary,Single Family,ServicerD,2019
LN0002341,2020-08,91000,3.0,360,740-779,91-95,37-43,NH,Purchase,Investment,Condo,ServicerE,2020
LN0002342,2022-05,201000,6.99,360,<620,96-100,37-43,NE,Purchase,Primary,Multi-Family,ServicerD,2022
LN0002343,2018-06,253000,3.75,360,620-659,61-70,37-43,NH,Purchase,Primary,Multi-Family,ServicerE,2018
LN0002344,2020-03,61000,2.625,360,660-699,<=60,44-50,ID,Cash-Out Refinance,Primary,Single Family,ServicerA,2020
LN0002345,2018-07,79000,6.125,360,780+,<=60,44-50,ID,Purchase,Primary,Condo,ServicerE,2018
LN0002346,2021-08,347000,3.375,360,740-779,,44-50,DE,Purchase,Primary,Multi-Family,ServicerE,2021
LN0002347,2020-07,199000,2.875,360,740-779,61-70,37-43,NM,Refinance,Primary,Single Family,ServicerA,2020
LN0002348,2021-07,242000,6.75,360,660-699,91-95,>50,ID,Refinance,Primary,Single Family,ServicerB,2021
LN0002349,2019-02,112000,2.99,360,700-739,61-70,37-43,ID,Purchase,Primary,Co-op,ServicerE,2019
LN0002350,2019-12,224000,3.0,240,<620,96-100,44-50,SD,Other,Primary,Multi-Family,ServicerC,2019
LN0002351,2018-03,80000,7.76,360,740-779,81-90,37-43,ID,Purchase,Primary,PUD,ServicerA,2018
LN0002352,2018-07,298000,5.0,360,780+,<=60,29-36,ID,Refinance,Primary,Condo,ServicerC,2018
LN0002353,2022-08,109000,11.75,360,740-779,71-80,29-36,NM,Purchase,Primary,PUD,ServicerD,2022
LN0002354,2022-11,58000,2.25,360,780+,71-80,37-43,ND,Refinance,Primary,Multi-Family,ServicerA,2022
LN0002355,2021-03,155000,2.75,360,740-779,81-90,<=28,NH,Purchase,Primary,Single Family,ServicerC,2021
LN0002356,2022-07,82000,2.219,360,620-659,91-95,37-43,SD,Purchase,Primary,Single Family,ServicerE,2022
LN0002357,2020-10,244000,7.99,360,780+,81-90,29-36,NE,Purchase,Primary,Condo,ServicerA,2020
LN0002358,2018-11,122000,3.99,180,<620,81-90,29-36,SD,Purchase,Primary,Single Family,ServicerC,2018
LN0002359,2019-08,193000,5.5,240,700-739,81-90,37-43,DE,Purchase,Primary,Condo,ServicerD,2019
LN0002360,2021-02,323000,3.75,360,620-659,71-80,29-36,NM,Purchase,Primary,Condo,ServicerA,2021
LN0002361,2021-08,329000,3.375,180,<620,81-90,44-50,ID,Refinance,Primary,Single Family,ServicerB,2021
LN0002362,2018-02,144000,5.375,360,700-739,71-80,>50,ID,Refinance,Secondary,Single Family,ServicerA,2018
LN0002363,2020-11,175000,6.99,360,660-699,61-70,44-50,KS,Purchase,Primary,Multi-Family,ServicerC,2020
LN0002364,2020-01,287000,3.25,180,700-739,71-80,37-43,MS,Purchase,Primary,Multi-Family,ServicerD,2020
LN0002365,2022-12,116000,2.5,120,700-739,81-90,37-43,,Purchase,Primary,Multi-Family,ServicerB,2022
LN0002366,2022-12,127000,2.875,360,<620,81-90,29-36,NH,Refinance,Primary,PUD,ServicerB,2022
LN0002367,2022-04,137000,8.44,360,620-659,96-100,44-50,NM,Purchase,Primary,Single Family,ServicerC,2022
LN0002368,2020-09,92000,4.0,180,700-739,<=60,44-50,NE,Refinance,Primary,Condo,ServicerE,2020
LN0002369,2022-12,214000,5.99,180,660-699,71-80,44-50,MT,Cash-Out Refinance,Primary,PUD,ServicerD,2022
LN0002370,2022-02,137000,3.25,180,740-779,71-80,44-50,ID,Refinance,Primary,Condo,ServicerE,2022
LN0002371,2021-11,177000,2.75,360,740-779,71-80,37-43,RI,Cash-Out Refinance,Primary,Condo,ServicerA,2021
LN0002372,2019-08,193000,5.25,180,780+,91-95,29-36,NE,Refinance,Primary,PUD,ServicerE,2019
LN0002373,2020-11,102000,3.375,360,740-779,71-80,44-50,NV,Purchase,Primary,Condo,ServicerA,2020
LN0002374,2021-03,190000,6.875,360,700-739,<=60,37-43,VT,Refinance,Primary,PUD,ServicerB,2021
LN0002375,2022-10,77000,2.75,360,740-779,81-90,37-43,NM,Refinance,Primary,PUD,ServicerB,2022
LN0002376,2018-01,311000,6.0,360,660-699,96-100,44-50,,Purchase,Primary,Multi-Family,ServicerC,2018
LN0002377,2019-09,124000,3.5,360,660-699,61-70,37-43,DE,Purchase,Primary,Co-op,ServicerD,2019
LN0002378,2021-08,250000,2.875,360,740-779,71-80,37-43,DE,Purchase,Primary,Co-op,ServicerD,2021
LN0002379,2019-02,93000,2.875,360,700-739,<=60,44-50,VT,Purchase,Primary,Single Family,ServicerA,2019
LN0002380,2021-06,412000,6.25,180,740-779,<=60,37-43,NE,Purchase,Primary,PUD,ServicerE,2021
LN0002381,2019-06,189000,5.25,240,780+,<=60,37-43,NM,Purchase,Primary,Multi-Family,ServicerA,2019
LN0002382,2020-01,259000,6.25,120,780+,96-100,,DE,Other,Primary,Multi-Family,ServicerA,2020
LN0002383,2022-04,228000,2.875,360,780+,<=60,37-43,KS,Refinance,Primary,Co-op,ServicerC,2022
LN0002384,2022-11,101000,4.5,360,700-739,71-80,44-50,NH,Refinance,Secondary,Condo,ServicerD,2022
LN0002385,2021-07,405000,4.125,180,660-699,71-80,<=28,WV,Refinance,Primary,Single Family,ServicerB,2021
LN0002386,2019-02,108000,3.5,360,700-739,81-90,>50,NE,Purchase,Primary,Co-op,ServicerA,2019
LN0002387,2021-08,335000,10.55,360,660-699,61-70,44-50,NE,Refinance,Primary,Condo,ServicerA,2021
LN0002388,2022-08,183000,3.75,360,740-779,81-90,44-50,SD,Refinance,Primary,Multi-Family,ServicerD,2022
LN0002389,2018-08,247000,6.99,360,740-779,91-95,<=28,ID,Cash-Out Refinance,Primary,Condo,ServicerD,2018
LN0002390,2021-06,75000,3.25,360,740-779,,37-43,ID,Refinance,Primary,Single Family,ServicerD,2021
LN0002391,2018-08,108000,8.25,360,660-699,,37-43,NE,Refinance,Primary,Condo,ServicerA,2018
LN0002392,2018-02,248000,2.679,360,620-659,61-70,37-43,MS,Purchase,Primary,Co-op,ServicerB,2018
LN0002393,2021-07,322000,3.625,360,700-739,<=60,37-43,ID,Purchase,Primary,Co-op,ServicerC,2021
LN0002394,2018-09,217000,5.875,360,620-659,71-80,37-43,NH,Purchase,Primary,Condo,ServicerE,2018
LN0002395,2022-01,118000,5.75,360,780+,71-80,44-50,NE,Purchase,Primary,Single Family,ServicerD,2022
LN0002396,2018-10,89000,3.125,360,660-699,71-80,44-50,ID,Purchase,Primary,Single Family,ServicerB,2018
LN0002397,2022-11,72000,2.625,360,620-659,71-80,29-36,HI,Purchase,Primary,PUD,ServicerE,2022
LN0002398,2020-09,244000,2.25,360,<620,,44-50,WV,Purchase,Primary,Co-op,ServicerC,2020
LN0002399,2022-04,138000,3.375,360,740-779,96-100,,ID,Cash-Out Refinance,Primary,Single Family,ServicerD,2022
LN0002400,2021-06,253000,8.5,360,740-779,81-90,<=28,SD,Cash-Out Refinance,Primary,Single Family,ServicerC,2021
LN0002401,2020-01,199000,5.599,360,660-699,96-100,44-50,ID,Purchase,Primary,PUD,ServicerE,2020
LN0002402,2019-08,271000,2.875,360,<620,61-70,37-43,VT,Cash-Out Refinance,Primary,PUD,ServicerB,2019
LN0002403,2020-09,95000,3.0,180,700-739,96-100,>50,ND,Refinance,Primary,Condo,ServicerD,2020
LN0002404,2022-10,64000,5.5,360,660-699,96-100,37-43,NH,Refinance,Primary,Multi-Family,ServicerB,2022
LN0002405,2021-12,160000,3.74,360,740-779,81-90,37-43,NE,Refinance,Primary,Multi-Family,ServicerC,2021
LN0002406,2020-12,180000,3.15,180,740-779,71-80,>50,SD,Refinance,Primary,Condo,ServicerC,2020
LN0002407,2021-02,97000,3.375,360,660-699,91-95,>50,NE,Purchase,Primary,PUD,ServicerB,2021
LN0002408,2018-11,173000,3.95,240,660-699,71-80,29-36,NM,Refinance,Primary,Condo,ServicerB,2018
LN0002409,2019-01,79000,7.25,360,780+,<=60,37-43,KS,Purchase,Primary,Single Family,ServicerC,2019
LN0002410,2020-06,97000,9.25,360,700-739,<=60,44-50,ND,Purchase,Primary,PUD,ServicerE,2020
LN0002411,2020-09,308000,2.625,360,740-779,71-80,37-43,ID,Purchase,Primary,Condo,ServicerD,2020
LN0002412,2022-06,396000,7.375,360,620-659,71-80,37-43,WV,Purchase,Primary,PUD,ServicerE,2022
LN0002413,2018-01,181000,2.625,360,700-739,81-90,>50,WY,Refinance,Primary,Multi-Family,ServicerC,2018
LN0002414,2019-08,459000,3.75,360,<620,71-80,<=28,DE,Refinance,Primary,Co-op,ServicerE,2019
LN0002415,2019-12,313000,3.25,360,700-739,<=60,37-43,NM,Refinance,Primary,Co-op,ServicerA,2019
LN0002416,2021-02,122000,3.0,360,780+,71-80,37-43,ID,Purchase,Primary,Condo,ServicerD,2021
LN0002417,2020-10,21000,2.75,360,700-739,71-80,44-50,WY,Purchase,Primary,Single Family,ServicerB,2020
LN0002418,2019-04,257000,4.5,360,<620,<=60,44-50,WY,Purchase,Primary,Condo,ServicerA,2019
LN0002419,2018-07,86000,3.125,360,<620,71-80,>50,WV,Purchase,Primary,PUD,ServicerC,2018
LN0002420,2019-08,202000,2.5,360,700-739,<=60,37-43,ID,Purchase,Primary,Multi-Family,ServicerE,2019
LN0002421,2019-12,47000,4.125,360,620-659,,44-50,ID,Other,Primary,Single Family,ServicerA,2019
LN0002422,2020-02,208000,2.75,360,<620,96-100,>50,DE,Purchase,Primary,Multi-Family,ServicerB,2020
LN0002423,2021-01,188000,4.875,360,740-779,91-95,37-43,NM,Cash-Out Refinance,Primary,Co-op,ServicerD,2021
LN0002424,2022-02,165000,7.0,360,700-739,<=60,>50,KS,Cash-Out Refinance,Primary,Single Family,ServicerE,2022
LN0002425,2021-08,112000,7.25,240,660-699,,29-36,KS,Refinance,Primary,Multi-Family,ServicerD,2021
LN0002426,2022-09,253000,6.75,360,780+,81-90,29-36,NE,Refinance,Primary,PUD,ServicerC,2022
LN0002427,2019-08,143000,4.0,360,620-659,96-100,44-50,RI,Refinance,Primary,Multi-Family,ServicerC,2019
LN0002428,2018-09,259000,5.75,240,780+,96-100,44-50,HI,Refinance,Primary,Multi-Family,ServicerD,2018
LN0002429,2018-09,141000,6.625,360,660-699,81-90,>50,HI,Refinance,Investment,Single Family,ServicerC,2018
LN0002430,2021-10,112000,2.875,360,780+,96-100,29-36,ID,Purchase,Primary,PUD,ServicerC,2021
LN0002431,2021-09,266000,3.875,360,740-779,<=60,44-50,KS,Purchase,Primary,Single Family,ServicerC,2021
LN0002432,2019-12,100000,3.25,360,780+,81-90,<=28,HI,Purchase,Primary,Co-op,ServicerE,2019
LN0002433,2022-03,74000,5.75,120,780+,,>50,RI,Refinance,Primary,Single Family,ServicerB,2022
LN0002434,2019-02,120000,2.375,360,660-699,61-70,37-43,ID,Refinance,Primary,Co-op,ServicerA,2019
LN0002435,2021-11,126000,3.125,360,780+,61-70,44-50,NH,Cash-Out Refinance,Primary,Co-op,ServicerC,2021
LN0002436,2022-10,423000,7.625,360,700-739,96-100,37-43,KS,Purchase,Primary,Co-op,ServicerA,2022
LN0002437,2020-09,90000,3.5,240,700-739,<=60,37-43,NH,Purchase,Primary,Co-op,ServicerA,2020
LN0002438,2021-07,210000,6.25,360,660-699,81-90,<=28,SD,Refinance,Primary,Multi-Family,ServicerB,2021
LN0002439,2022-12,117000,7.99,360,700-739,96-100,37-43,NM,Purchase,Primary,Condo,ServicerC,2022
LN0002440,2019-05,259000,6.75,180,620-659,<=60,37-43,MT,Refinance,Primary,Condo,ServicerD,2019
LN0002441,2021-06,137000,3.125,360,700-739,96-100,>50,MT,Purchase,Investment,Co-op,ServicerD,2021
LN0002442,2020-08,345000,2.875,360,700-739,<=60,44-50,NH,Refinance,Secondary,Multi-Family,ServicerD,2020
LN0002443,2019-03,221000,2.75,180,740-779,91-95,44-50,KS,Refinance,Primary,Condo,ServicerE,2019
LN0002444,2021-10,190000,2.722,360,780+,>100,37-43,NE,Purchase,Investment,Co-op,ServicerC,2021
LN0002445,2022-05,202000,4.25,120,700-739,96-100,44-50,NM,Purchase,Primary,Co-op,ServicerC,2022
LN0002446,2022-06,97000,2.75,360,,71-80,>50,VT,Refinance,Primary,Multi-Family,ServicerD,2022
LN0002447,2022-11,183000,2.75,360,660-699,81-90,37-43,RI,Purchase,Primary,Single Family,ServicerD,2022
LN0002448,2019-04,97000,3.25,360,620-659,96-100,44-50,NV,Purchase,Investment,PUD,ServicerC,2019
LN0002449,2019-10,235000,3.5,360,<620,91-95,>50,DE,Purchase,Secondary,Single Family,ServicerC,2019
LN0002450,2020-11,324000,3.875,360,660-699,<=60,44-50,WY,Cash-Out Refinance,Primary,Single Family,ServicerB,2020
LN0002451,2020-11,134000,4.12,360,660-699,96-100,37-43,AK,Purchase,Primary,Single Family,ServicerD,2020
LN0002452,2019-12,293000,6.625,180,780+,96-100,37-43,WV,Purchase,Primary,Co-op,ServicerB,2019
LN0002453,2019-09,68000,4.25,360,,61-70,<=28,KS,Refinance,Primary,Single Family,ServicerB,2019
LN0002454,2022-12,94000,3.75,360,660-699,96-100,37-43,NM,Other,Primary,Single Family,ServicerB,2022
LN0002455,2020-12,272000,2.875,360,700-739,81-90,44-50,RI,Cash-Out Refinance,Primary,PUD,ServicerE,2020
LN0002456,2018-06,221000,3.125,360,620-659,71-80,,ID,Cash-Out Refinance,Primary,Single Family,ServicerD,2018
LN0002457,2022-08,105000,3.25,360,700-739,91-95,44-50,RI,Purchase,Primary,Condo,ServicerE,2022
LN0002458,2022-10,208000,4.25,180,740-779,61-70,37-43,ID,Purchase,Primary,Condo,ServicerA,2022
LN0002459,2021-11,96000,2.625,360,700-739,71-80,37-43,NH,Refinance,Primary,Multi-Family,ServicerC,2021
LN0002460,2022-05,265000,2.25,360,700-739,61-70,<=28,NH,Refinance,Primary,Co-op,ServicerB,2022
LN0002461,2021-01,156000,7.125,120,780+,71-80,>50,NH,Cash-Out Refinance,Primary,Single Family,ServicerD,2021
LN0002462,2022-02,216000,3.875,180,780+,<=60,29-36,HI,Purchase,Primary,Condo,ServicerA,2022
LN0002463,2018-07,125000,3.125,360,740-779,81-90,37-43,ID,Purchase,Primary,PUD,ServicerA,2018
LN0002464,2019-01,187000,2.75,360,700-739,81-90,37-43,ID,Purchase,Primary,Condo,ServicerB,2019
LN0002465,2018-04,197000,6.75,360,740-779,<=60,44-50,VT,Other,Primary,PUD,ServicerB,2018
LN0002466,2020-03,134000,2.8,360,660-699,,37-43,RI,Other,Primary,PUD,ServicerB,2020
LN0002467,2020-11,145000,5.375,360,700-739,<=60,<=28,NH,Refinance,Primary,PUD,ServicerD,2020
LN0002468,2020-03,204000,4.5,360,<620,96-100,37-43,NE,Other,Primary,Condo,ServicerD,2020
LN0002469,2018-12,117000,2.875,360,700-739,96-100,<=28,NE,Other,Primary,Co-op,ServicerC,2018
LN0002470,2020-04,89000,4.0,360,700-739,81-90,37-43,WY,Purchase,Primary,PUD,ServicerB,2020
LN0002471,2022-01,70000,5.834,360,660-699,81-90,44-50,NM,Purchase,Primary,Single Family,ServicerD,2022
LN0002472,2020-08,283000,6.0,360,780+,<=60,37-43,,Refinance,Primary,Single Family,ServicerE,2020
LN0002473,2018-10,294000,2.99,360,780+,91-95,37-43,NM,Refinance,Primary,Multi-Family,ServicerB,2018
LN0002474,2022-04,300000,7.125,360,740-779,71-80,44-50,MT,Refinance,Investment,Multi-Family,ServicerB,2022
LN0002475,2022-07,193000,7.64,180,700-739,<=60,37-43,NM,Purchase,Investment,PUD,ServicerC,2022
LN0002476,2019-09,38000,3.0,360,780+,71-80,44-50,ID,Refinance,Primary,Co-op,ServicerB,2019
LN0002477,2020-12,148000,2.75,360,620-659,<=60,29-36,NH,Purchase,Primary,PUD,ServicerB,2020
LN0002478,2018-07,303000,2.875,360,740-779,71-80,<=28,NE,Cash-Out Refinance,Primary,PUD,ServicerC,2018
LN0002479,2021-07,253000,3.125,360,620-659,71-80,44-50,ID,Purchase,Primary,PUD,ServicerE,2021
LN0002480,2020-09,168000,1.75,240,740-779,<=60,>50,MT,Purchase,Primary,PUD,ServicerE,2020
LN0002481,2018-01,155000,5.65,240,660-699,71-80,,NH,Purchase,Primary,PUD,ServicerE,2018
LN0002482,2020-04,184000,4.375,360,780+,96-100,<=28,SD,Refinance,Primary,Single Family,ServicerE,2020
LN0002483,2022-08,198000,3.375,240,780+,61-70,44-50,NE,Purchase,Primary,Condo,ServicerC,2022
LN0002484,2019-11,50000,1.99,360,620-659,61-70,44-50,ID,Purchase,Primary,Co-op,ServicerB,2019
LN0002485,2020-10,135000,2.75,360,700-739,61-70,,NE,Cash-Out Refinance,Primary,Co-op,ServicerB,2020
LN0002486,2022-12,215000,2.625,360,780+,91-95,37-43,NH,Purchase,Primary,Multi-Family,ServicerD,2022
LN0002487,2022-04,285000,2.5,360,700-739,<=60,>50,NE,Purchase,Primary,PUD,ServicerA,2022
LN0002488,2019-05,79000,2.625,180,780+,71-80,37-43,ID,Purchase,Primary,Co-op,ServicerD,2019
LN0002489,2021-03,182000,5.5,360,700-739,71-80,<=28,NV,Purchase,Primary,PUD,ServicerE,2021
LN0002490,2018-03,92000,4.375,240,660-699,<=60,37-43,NM,Other,Primary,PUD,ServicerA,2018
LN0002491,2019-12,152000,2.5,360,660-699,71-80,44-50,NH,Refinance,Primary,Multi-Family,ServicerA,2019
LN0002492,2022-02,97000,4.0,360,660-699,71-80,29-36,ID,Other,Primary,Condo,ServicerD,2022
LN0002493,2021-01,149000,3.75,360,740-779,71-80,44-50,NM,Cash-Out Refinance,Primary,PUD,ServicerA,2021
LN0002494,2021-05,400000,3.125,360,700-739,81-90,37-43,RI,Refinance,Primary,PUD,ServicerB,2021
LN0002495,2022-05,205000,7.23,360,700-739,71-80,44-50,HI,Refinance,Investment,Single Family,ServicerA,2022
LN0002496,2019-03,133000,2.625,360,700-739,<=60,37-43,MT,Refinance,Primary,Co-op,ServicerC,2019
LN0002497,2022-05,289000,3.99,360,700-739,<=60,44-50,WV,Refinance,Primary,Multi-Family,ServicerE,2022
LN0002498,2018-06,42000,7.75,180,780+,96-100,44-50,,Purchase,Primary,Co-op,ServicerA,2018
LN0002499,2021-12,212000,2.625,240,780+,96-100,37-43,SD,Cash-Out Refinance,Primary,Co-op,ServicerA,2021
LN0002500,2019-01,76000,3.65,360,700-739,71-80,<=28,DE,Purchase,Primary,Single Family,ServicerD,2019
LN0002501,2019-06,239000,2.25,180,780+,91-95,,AK,Refinance,Primary,Co-op,ServicerD,2019
LN0002502,2022-01,180000,4.99,360,,61-70,37-43,SD,Purchase,Primary,Co-op,ServicerB,2022
LN0002503,2022-11,467000,4.375,360,700-739,71-80,44-50,MT,Cash-Out Refinance,Primary,Co-op,ServicerE,2022
LN0002504,2020-08,187000,3.625,360,780+,81-90,<=28,ID,Purchase,Primary,PUD,ServicerE,2020
LN0002505,2022-09,119000,4.125,180,660-699,91-95,37-43,NE,Refinance,Primary,Condo,ServicerB,2022
LN0002506,2020-02,79000,3.75,360,620-659,71-80,37-43,ID,Purchase,Primary,Co-op,ServicerB,2020
LN0002507,2020-09,314000,3.5,180,780+,71-80,29-36,ID,Purchase,Primary,Multi-Family,ServicerE,2020
LN0002508,2019-03,670000,3.0,360,700-739,96-100,44-50,KS,Purchase,Primary,Condo,ServicerA,2019
LN0002509,2022-02,188000,3.625,360,780+,<=60,37-43,AK,Cash-Out Refinance,Primary,Multi-Family,ServicerE,2022
LN0002510,2022-03,256000,4.125,360,780+,71-80,37-43,NE,Refinance,Investment,PUD,ServicerB,2022
LN0002511,2021-09,267000,2.25,360,<620,61-70,37-43,NE,Refinance,Primary,Single Family,ServicerB,2021
LN0002512,2022-07,76000,2.375,180,780+,91-95,,SD,Refinance,Primary,PUD,ServicerD,2022
LN0002513,2018-06,75000,1.99,360,700-739,96-100,44-50,VT,Other,Primary,PUD,ServicerA,2018
LN0002514,2019-04,85000,2.75,180,700-739,91-95,44-50,NM,Refinance,Primary,Co-op,ServicerD,2019
LN0002515,2020-06,139000,3.5,360,740-779,71-80,37-43,ND,Purchase,Primary,Single Family,ServicerE,2020
LN0002516,2020-05,142000,5.2,240,780+,<=60,37-43,AK,Cash-Out Refinance,Primary,Multi-Family,ServicerE,2020
LN0002517,2019-10,154000,3.25,180,<620,61-70,37-43,WY,Purchase,Primary,Co-op,ServicerB,2019
LN0002518,2022-08,210000,5.75,360,700-739,<=60,37-43,,Refinance,Primary,Multi-Family,ServicerC,2022
LN0002519,2022-11,195000,2.875,360,740-779,81-90,44-50,NH,Purchase,Primary,Condo,ServicerD,2022
LN0002520,2018-02,315000,7.625,360,740-779,96-100,37-43,WV,Other,Investment,Co-op,ServicerD,2018
LN0002521,2020-08,136000,3.75,360,740-779,71-80,<=28,NM,Purchase,Investment,Co-op,ServicerB,2020
LN0002522,2019-11,347000,2.875,360,620-659,71-80,37-43,KS,Cash-Out Refinance,Primary,Condo,ServicerC,2019
LN0002523,2022-10,131000,2.875,360,660-699,71-80,29-36,VT,Refinance,Primary,Multi-Family,ServicerB,2022
LN0002524,2019-01,68000,4.25,360,660-699,96-100,37-43,NM,Refinance,Primary,Single Family,ServicerB,2019
LN0002525,2020-07,167000,5.875,360,,96-100,37-43,MS,Purchase,Primary,Co-op,ServicerC,2020
LN0002526,2018-07,162000,3.375,180,660-699,91-95,37-43,WV,Refinance,Primary,PUD,ServicerE,2018
LN0002527,2020-09,95000,3.5,360,,71-80,37-43,ID,Refinance,Primary,Multi-Family,ServicerC,2020
LN0002528,2020-01,288000,4.0,360,,71-80,44-50,NM,Cash-Out Refinance,Primary,Single Family,ServicerA,2020
LN0002529,2022-06,282000,5.0,360,<620,61-70,,NE,Refinance,Investment,Multi-Family,ServicerD,2022
LN0002530,2022-09,120000,3.5,360,780+,96-100,>50,AK,Refinance,Primary,Multi-Family,ServicerB,2022
LN0002531,2021-08,145000,2.99,360,740-779,<=60,37-43,ID,Cash-Out Refinance,Primary,Condo,ServicerC,2021
LN0002532,2018-05,230000,3.25,120,780+,81-90,44-50,AK,Other,Primary,Condo,ServicerA,2018
LN0002533,2019-06,411000,6.875,240,660-699,71-80,37-43,HI,Refinance,Primary,Single Family,ServicerC,2019
LN0002534,2022-02,103000,3.75,360,<620,91-95,<=28,MS,Purchase,Primary,Co-op,ServicerC,2022
LN0002535,2018-03,260000,4.875,360,740-779,81-90,37-43,MS,Purchase,Primary,Single Family,ServicerB,2018
LN0002536,2022-09,171000,3.49,360,780+,71-80,37-43,MT,Purchase,Primary,PUD,ServicerB,2022
LN0002537,2018-11,242000,6.125,360,740-779,96-100,44-50,HI,Purchase,Primary,Condo,ServicerB,2018
LN0002538,2018-04,450000,2.375,360,620-659,61-70,44-50,NH,Purchase,Primary,Condo,ServicerB,2018
LN0002539,2019-11,120000,4.75,180,740-779,96-100,44-50,AK,Refinance,Primary,Co-op,ServicerE,2019
LN0002540,2021-02,161000,2.625,180,740-779,,29-36,NE,Refinance,Primary,PUD,ServicerC,2021
LN0002541,2019-09,128000,4.95,360,740-779,96-100,37-43,ID,Purchase,Primary,Multi-Family,ServicerC,2019
LN0002542,2021-11,182000,2.75,360,740-779,<=60,29-36,HI,Other,Primary,Condo,ServicerC,2021
LN0002543,2018-12,197000,3.75,360,780+,61-70,44-50,NH,Refinance,Primary,Condo,ServicerC,2018
LN0002544,2019-01,351000,5.99,360,740-779,<=60,29-36,SD,Refinance,Primary,Single Family,ServicerD,2019
LN0002545,2021-12,134000,3.125,360,620-659,96-100,37-43,NH,Refinance,Primary,Single Family,ServicerD,2021
LN0002546,2020-01,61000,4.0,360,700-739,<=60,29-36,ID,Cash-Out Refinance,Primary,Multi-Family,ServicerE,2020
LN0002547,2018-02,183000,3.125,120,<620,61-70,44-50,NM,Refinance,Primary,Single Family,ServicerC,2018
LN0002548,2018-03,88000,3.75,360,700-739,96-100,37-43,MS,Refinance,Primary,Condo,ServicerA,2018
LN0002549,2020-09,96000,4.5,360,700-739,71-80,,NE,Purchase,Primary,Single Family,ServicerB,2020
LN0002550,2018-10,105000,6.99,360,<620,71-80,44-50,SD,Purchase,Primary,Co-op,ServicerA,2018
LN0002551,2019-05,149000,6.5,360,660-699,71-80,44-50,RI,Refinance,Primary,PUD,ServicerB,2019
LN0002552,2021-07,47000,7.125,360,620-659,<=60,<=28,VT,Purchase,Primary,Multi-Family,ServicerA,2021
LN0002553,2021-11,48000,3.49,360,740-779,81-90,37-43,AK,Refinance,Primary,Single Family,ServicerC,2021
LN0002554,2021-07,171000,2.25,360,780+,<=60,37-43,NE,Refinance,Primary,Multi-Family,ServicerA,2021
LN0002555,2020-01,71000,2.75,360,<620,71-80,,ID,Cash-Out Refinance,Primary,Co-op,ServicerB,2020
LN0002556,2021-11,87000,2.75,360,780+,>100,>50,WV,Refinance,Primary,Condo,ServicerA,2021
LN0002557,2018-09,198000,5.0,360,700-739,,>50,VT,Refinance,Primary,Co-op,ServicerC,2018
LN0002558,2018-11,141000,4.5,180,660-699,91-95,29-36,MT,Refinance,Primary,PUD,ServicerB,2018
LN0002559,2022-02,167000,3.5,360,<620,81-90,37-43,MT,Purchase,Primary,Multi-Family,ServicerC,2022
LN0002560,2022-01,137000,2.75,360,700-739,<=60,37-43,DE,Cash-Out Refinance,Primary,Single Family,ServicerE,2022
LN0002561,2018-06,45000,10.75,360,740-779,<=60,<=28,AK,Refinance,Primary,PUD,ServicerE,2018
LN0002562,2022-02,166000,2.25,360,740-779,96-100,44-50,NM,Purchase,Primary,Co-op,ServicerB,2022
LN0002563,2020-11,101000,3.14,360,<620,96-100,37-43,SD,Refinance,Primary,Condo,ServicerB,2020
LN0002564,2020-10,113000,7.5,360,<620,71-80,37-43,KS,Purchase,Primary,PUD,ServicerB,2020
LN0002565,2018-05,127000,3.49,360,700-739,<=60,44-50,NE,Purchase,Primary,Co-op,ServicerC,2018
LN0002566,2021-07,108000,3.75,360,660-699,<=60,44-50,DE,Cash-Out Refinance,Primary,Condo,ServicerA,2021
LN0002567,2021-11,297000,6.5,180,660-699,71-80,<=28,NM,Purchase,Primary,PUD,ServicerE,2021
LN0002568,2018-08,244000,2.625,360,660-699,,29-36,NM,Refinance,Primary,Multi-Family,ServicerE,2018
LN0002569,2019-09,126000,3.839,360,740-779,71-80,37-43,NM,Purchase,Primary,Co-op,ServicerD,2019
LN0002570,2019-03,136000,6.625,360,780+,>100,<=28,MT,Refinance,Primary,Condo,ServicerE,2019
LN0002571,2021-09,57000,2.99,360,700-739,81-90,44-50,RI,Refinance,Primary,PUD,ServicerC,2021
LN0002572,2020-11,401000,3.5,360,780+,81-90,37-43,NM,Purchase,Primary,Co-op,ServicerB,2020
LN0002573,2019-05,82000,3.875,240,660-699,>100,>50,SD,Refinance,Primary,PUD,ServicerD,2019
LN0002574,2020-01,478000,5.0,360,700-739,81-90,37-43,NM,Refinance,Primary,PUD,ServicerC,2020
LN0002575,2022-09,134000,2.99,360,660-699,71-80,,RI,Purchase,Primary,Multi-Family,ServicerD,2022
LN0002576,2019-02,124000,3.25,360,740-779,61-70,,RI,Cash-Out Refinance,Primary,Co-op,ServicerC,2019
LN0002577,2018-01,133000,2.875,120,780+,91-95,37-43,ND,Purchase,Primary,Single Family,ServicerE,2018
LN0002578,2022-10,195000,3.8,360,740-779,61-70,<=28,HI,Other,Primary,Multi-Family,ServicerA,2022
LN0002579,2021-09,86000,2.75,360,660-699,96-100,<=28,WV,Refinance,Primary,Co-op,ServicerB,2021
LN0002580,2022-02,153000,5.75,240,740-779,91-95,37-43,NV,Purchase,Primary,PUD,ServicerE,2022
LN0002581,2020-04,190000,2.625,360,620-659,71-80,29-36,HI,Refinance,Primary,Multi-Family,ServicerB,2020
LN0002582,2020-04,169000,2.75,120,780+,>100,37-43,AK,Purchase,Primary,Multi-Family,ServicerD,2020
LN0002583,2021-11,218000,3.125,120,700-739,71-80,44-50,NE,Purchase,Investment,Multi-Family,ServicerE,2021
LN0002584,2022-03,93000,2.75,360,700-739,>100,>50,MT,Purchase,Primary,Multi-Family,ServicerA,2022
LN0002585,2019-03,361000,3.375,360,700-739,71-80,37-43,RI,Refinance,Primary,Co-op,ServicerA,2019
LN0002586,2019-10,98000,2.875,360,740-779,<=60,37-43,SD,Purchase,Primary,PUD,ServicerD,2019
LN0002587,2020-04,347000,8.25,360,<620,<=60,44-50,MT,Refinance,Secondary,Single Family,ServicerA,2020
LN0002588,2018-03,162000,4.25,120,740-779,81-90,37-43,NH,Purchase,Primary,PUD,ServicerE,2018
LN0002589,2022-01,140000,2.99,360,660-699,<=60,44-50,NM,Other,Primary,Single Family,ServicerE,2022
LN0002590,2022-08,218000,4.25,360,740-779,71-80,44-50,NH,Cash-Out Refinance,Primary,Multi-Family,ServicerD,2022
LN0002591,2022-02,191000,5.625,120,780+,61-70,>50,ID,Refinance,Primary,Co-op,ServicerC,2022
LN0002592,2020-11,115000,2.5,360,740-779,61-70,44-50,NE,Refinance,Investment,Condo,ServicerC,2020
LN0002593,2018-05,99000,4.5,120,700-739,61-70,37-43,WV,Purchase,Primary,Multi-Family,ServicerE,2018
LN0002594,2018-04,92000,2.75,240,700-739,71-80,37-43,ID,Purchase,Primary,Single Family,ServicerE,2018
LN0002595,2022-08,136000,3.5,360,620-659,96-100,29-36,ID,Refinance,Primary,Condo,ServicerA,2022
LN0002596,2020-06,121000,3.75,360,740-779,81-90,44-50,NE,Cash-Out Refinance,Primary,Condo,ServicerA,2020
LN0002597,2019-11,123000,3.124,360,660-699,71-80,44-50,RI,Refinance,Primary,Multi-Family,ServicerC,2019
LN0002598,2019-02,112000,2.75,360,700-739,<=60,37-43,SD,Cash-Out Refinance,Primary,Condo,ServicerA,2019
LN0002599,2020-10,56000,3.875,360,660-699,96-100,44-50,NH,Refinance,Primary,Multi-Family,ServicerE,2020
LN0002600,2018-04,105000,7.49,360,620-659,61-70,29-36,NE,Cash-Out Refinance,Primary,Co-op,ServicerB,2018
LN0002601,2020-08,119000,4.125,360,740-779,71-80,44-50,SD,Purchase,Primary,Condo,ServicerB,2020
LN0002602,2021-06,105000,3.0,120,<620,61-70,44-50,DE,Cash-Out Refinance,Primary,Multi-Family,ServicerE,2021
LN0002603,2022-11,82000,3.0,360,740-779,71-80,<=28,KS,Purchase,Primary,PUD,ServicerD,2022
LN0002604,2020-12,99000,2.75,180,660-699,96-100,<=28,NM,Cash-Out Refinance,Primary,Multi-Family,ServicerD,2020
LN0002605,2022-03,429000,7.05,360,<620,61-70,>50,MT,Refinance,Primary,PUD,ServicerB,2022
LN0002606,2022-10,124000,2.875,360,700-739,61-70,37-43,ID,Refinance,Primary,PUD,ServicerB,2022
LN0002607,2020-06,164000,3.25,360,<620,<=60,37-43,NE,Purchase,Primary,PUD,ServicerD,2020
LN0002608,2021-03,61000,2.875,360,660-699,81-90,44-50,AK,Cash-Out Refinance,Primary,Condo,ServicerA,2021
LN0002609,2018-06,205000,3.5,360,740-779,71-80,37-43,ID,Refinance,Primary,Co-op,ServicerC,2018
LN0002610,2019-04,151000,3.5,360,<620,81-90,44-50,MT,Purchase,Investment,Co-op,ServicerC,2019
LN0002611,2021-05,83000,6.6,360,780+,<=60,44-50,NE,Purchase,Primary,Multi-Family,ServicerD,2021
LN0002612,2020-03,171000,1.99,360,<620,81-90,44-50,NM,Purchase,Primary,PUD,ServicerB,2020
LN0002613,2020-08,301000,2.75,360,660-699,<=60,37-43,WY,Cash-Out Refinance,Primary,Single Family,ServicerA,2020
LN0002614,2021-08,155000,2.75,360,740-779,,44-50,WY,Refinance,Primary,Condo,ServicerC,2021
LN0002615,2020-05,98000,2.5,360,660-699,71-80,37-43,WY,Refinance,Primary,Single Family,ServicerE,2020
LN0002616,2021-09,288000,2.75,360,620-659,71-80,>50,NE,Purchase,Secondary,Co-op,ServicerA,2021
LN0002617,2018-03,118000,2.5,360,660-699,71-80,>50,,Purchase,Investment,Multi-Family,ServicerC,2018
LN0002618,2022-02,110000,2.625,360,660-699,71-80,>50,NE,Purchase,Primary,Single Family,ServicerC,2022
LN0002619,2020-03,201000,2.65,360,780+,<=60,29-36,DE,Purchase,Primary,PUD,ServicerD,2020
LN0002620,2022-04,350000,7.141,360,660-699,81-90,44-50,ID,Cash-Out Refinance,Investment,Condo,ServicerC,2022
LN0002621,2020-12,261000,6.875,360,740-779,81-90,37-43,MS,Other,Primary,Condo,ServicerA,2020
LN0002622,2018-12,261000,3.125,360,780+,<=60,37-43,SD,Refinance,Primary,Condo,ServicerB,2018
LN0002623,2018-01,233000,2.711,360,700-739,91-95,44-50,WV,Other,Primary,Single Family,ServicerD,2018
LN0002624,2022-11,116000,2.99,240,780+,<=60,44-50,NM,Cash-Out Refinance,Primary,Co-op,ServicerC,2022
LN0002625,2018-10,249000,3.499,360,660-699,96-100,37-43,VT,Purchase,Primary,Single Family,ServicerD,2018
LN0002626,2022-07,380000,3.25,360,780+,<=60,37-43,NE,Refinance,Primary,Multi-Family,ServicerE,2022
LN0002627,2022-04,337000,3.75,360,620-659,71-80,44-50,ND,Refinance,Primary,Condo,ServicerA,2022
LN0002628,2018-09,63000,2.875,360,740-779,91-95,37-43,ID,Refinance,Primary,Condo,ServicerA,2018
LN0002629,2020-09,260000,3.5,180,700-739,71-80,44-50,RI,Cash-Out Refinance,Primary,PUD,ServicerD,2020
LN0002630,2022-08,70000,4.85,360,700-739,<=60,>50,NH,Refinance,Primary,PUD,ServicerA,2022
LN0002631,2019-06,295000,4.375,180,740-779,96-100,37-43,MT,Cash-Out Refinance,Primary,Condo,ServicerB,2019
LN0002632,2021-04,218000,8.0,360,,96-100,44-50,,Purchase,Primary,Single Family,ServicerB,2021
LN0002633,2022-12,387000,4.65,360,<620,<=60,>50,ND,Refinance,Primary,Multi-Family,ServicerC,2022
LN0002634,2020-03,178000,2.99,120,620-659,61-70,>50,ND,Cash-Out Refinance,Primary,PUD,ServicerD,2020
LN0002635,2021-09,181000,4.5,360,740-779,71-80,,HI,Refinance,Primary,PUD,ServicerE,2021
LN0002636,2022-02,178000,6.75,360,740-779,81-90,44-50,MS,Cash-Out Refinance,Primary,PUD,ServicerB,2022
LN0002637,2021-06,342000,7.25,360,780+,71-80,37-43,MT,Cash-Out Refinance,Primary,Single Family,ServicerC,2021
LN0002638,2022-01,129000,4.125,240,740-779,81-90,29-36,ID,Refinance,Primary,Condo,ServicerD,2022
LN0002639,2019-10,106000,5.725,360,780+,96-100,<=28,NH,Refinance,Primary,PUD,ServicerA,2019
LN0002640,2019-09,69000,3.375,240,740-779,<=60,>50,MT,Purchase,Primary,PUD,ServicerD,2019
LN0002641,2019-08,204000,3.5,360,660-699,<=60,>50,NH,Other,Primary,PUD,ServicerE,2019
LN0002642,2019-03,132000,3.5,360,620-659,>100,,ID,Purchase,Primary,Condo,ServicerE,2019
LN0002643,2022-10,57000,3.625,360,740-779,61-70,44-50,NE,Refinance,Primary,PUD,ServicerE,2022
LN0002644,2019-12,128000,7.0,360,740-779,,37-43,NM,Purchase,Primary,Condo,ServicerB,2019
LN0002645,2021-06,260000,3.0,360,<620,61-70,<=28,ID,Purchase,Primary,Condo,ServicerA,2021
LN0002646,2018-04,187000,3.375,360,660-699,,29-36,ID,Refinance,Primary,Multi-Family,ServicerE,2018
LN0002647,2021-04,120000,4.625,120,780+,61-70,44-50,NM,Purchase,Primary,Single Family,ServicerB,2021
LN0002648,2018-05,48000,2.25,360,700-739,96-100,37-43,NE,Cash-Out Refinance,Primary,Multi-Family,ServicerD,2018
LN0002649,2020-04,381000,2.625,360,700-739,<=60,29-36,ID,Cash-Out Refinance,Primary,PUD,ServicerB,2020
LN0002650,2018-11,250000,4.375,360,700-739,<=60,44-50,SD,Purchase,Primary,Single Family,ServicerD,2018
LN0002651,2019-09,159000,2.875,240,660-699,81-90,29-36,NE,Purchase,Primary,Co-op,ServicerE,2019
LN0002652,2020-07,159000,3.25,240,660-699,<=60,44-50,WV,Purchase,Primary,Single Family,ServicerE,2020
LN0002653,2021-08,162000,3.875,180,660-699,81-90,<=28,HI,Purchase,Primary,PUD,ServicerB,2021
LN0002654,2018-01,93000,5.82,360,<620,71-80,29-36,KS,Purchase,Investment,Single Family,ServicerA,2018
LN0002655,2020-02,423000,3.375,360,740-779,61-70,,KS,Cash-Out Refinance,Primary,PUD,ServicerD,2020
LN0002656,2022-11,227000,3.625,360,700-739,71-80,37-43,DE,Purchase,Primary,PUD,ServicerC,2022
LN0002657,2020-12,310000,6.5,240,780+,81-90,>50,AK,Cash-Out Refinance,Primary,Condo,ServicerD,2020
LN0002658,2020-10,383000,7.74,120,,91-95,37-43,VT,Purchase,Primary,Co-op,ServicerC,2020
LN0002659,2022-10,207000,7.25,360,660-699,71-80,44-50,ND,Refinance,Primary,Condo,ServicerE,2022
LN0002660,2019-07,356000,3.75,180,740-779,96-100,44-50,ID,Purchase,Primary,Condo,ServicerD,2019
LN0002661,2021-06,176000,3.75,360,700-739,71-80,<=28,ID,Purchase,Secondary,Single Family,ServicerC,2021
LN0002662,2022-11,32000,5.25,360,780+,61-70,37-43,NH,Purchase,Primary,Co-op,ServicerE,2022
LN0002663,2018-09,205000,3.318,360,660-699,<=60,37-43,NH,Cash-Out Refinance,Primary,Multi-Family,ServicerE,2018
LN0002664,2020-07,213000,3.625,360,740-779,71-80,29-36,KS,Purchase,Primary,PUD,ServicerD,2020
LN0002665,2019-09,224000,2.875,360,740-779,96-100,44-50,ID,Refinance,Primary,Single Family,ServicerD,2019
LN0002666,2021-06,160000,2.5,360,660-699,96-100,>50,WY,Cash-Out Refinance,Primary,PUD,ServicerE,2021
LN0002667,2020-08,268000,3.75,240,620-659,71-80,29-36,NH,Cash-Out Refinance,Primary,Multi-Family,ServicerE,2020
LN0002668,2021-10,25000,3.875,180,740-779,>100,29-36,KS,Purchase,Primary,Co-op,ServicerA,2021
LN0002669,2018-09,115000,2.25,360,740-779,<=60,44-50,MT,Purchase,Primary,PUD,ServicerC,2018
LN0002670,2019-08,126000,4.625,240,660-699,71-80,44-50,NE,Refinance,Primary,Single Family,ServicerB,2019
LN0002671,2019-04,349000,3.75,360,740-779,<=60,37-43,ID,Cash-Out Refinance,Primary,PUD,ServicerA,2019
LN0002672,2018-09,179000,3.375,360,700-739,<=60,37-43,MT,Purchase,Primary,Single Family,ServicerA,2018
LN0002673,2020-04,195000,6.25,360,740-779,71-80,37-43,HI,Purchase,Primary,Condo,ServicerD,2020
LN0002674,2019-03,57000,3.0,360,620-659,81-90,44-50,ID,Purchase,Primary,Single Family,ServicerC,2019
LN0002675,2019-06,95000,3.965,180,780+,71-80,29-36,ID,Cash-Out Refinance,Secondary,Condo,ServicerD,2019
LN0002676,2022-12,319000,2.25,180,660-699,71-80,>50,NH,Purchase,Primary,Condo,ServicerB,2022
LN0002677,2018-11,76000,5.9,360,660-699,>100,44-50,ID,Purchase,Primary,Co-op,ServicerE,2018
LN0002678,2019-07,234000,3.99,360,<620,<=60,37-43,HI,Refinance,Primary,PUD,ServicerB,2019
LN0002679,2020-12,322000,3.375,240,620-659,71-80,37-43,WY,Cash-Out Refinance,Primary,Multi-Family,ServicerB,2020
LN0002680,2018-08,91000,6.125,360,700-739,71-80,29-36,MT,Purchase,Primary,Single Family,ServicerE,2018
LN0002681,2021-08,163000,6.999,360,660-699,96-100,37-43,VT,Refinance,Primary,Multi-Family,ServicerC,2021
LN0002682,2019-10,307000,3.125,360,780+,81-90,37-43,ID,Cash-Out Refinance,Primary,Condo,ServicerE,2019
LN0002683,2019-11,107000,3.0,360,<620,<=60,>50,ID,Cash-Out Refinance,Primary,Single Family,ServicerA,2019
LN0002684,2021-01,163000,5.74,180,660-699,96-100,37-43,WV,Purchase,Primary,Single Family,ServicerD,2021
LN0002685,2019-01,67000,6.0,360,660-699,96-100,44-50,NM,Purchase,Secondary,Co-op,ServicerD,2019
LN0002686,2019-10,178000,3.56,360,<620,<=60,29-36,NH,Cash-Out Refinance,Primary,PUD,ServicerE,2019
LN0002687,2022-03,197000,5.875,360,620-659,71-80,<=28,NH,Cash-Out Refinance,Primary,Condo,ServicerA,2022
LN0002688,2019-11,91000,8.0,360,700-739,<=60,44-50,NH,Cash-Out Refinance,Primary,Condo,ServicerC,2019
LN0002689,2022-01,133000,3.875,240,700-739,71-80,37-43,ND,Purchase,Investment,Single Family,ServicerC,2022
LN0002690,2022-03,112000,3.25,360,700-739,71-80,44-50,NM,Cash-Out Refinance,Primary,Multi-Family,ServicerE,2022
LN0002691,2018-03,134000,5.24,360,700-739,96-100,37-43,NE,Refinance,Primary,Condo,ServicerB,2018
LN0002692,2020-03,188000,3.25,360,700-739,<=60,44-50,NM,Refinance,Primary,Single Family,ServicerD,2020
LN0002693,2022-07,96000,8.2,360,<620,<=60,44-50,MT,Purchase,Primary,Co-op,ServicerD,2022
LN0002694,2022-10,160000,3.75,360,700-739,<=60,37-43,HI,Refinance,Primary,Single Family,ServicerB,2022
LN0002695,2018-12,163000,2.875,180,780+,71-80,29-36,ID,Purchase,Primary,Co-op,ServicerA,2018
LN0002696,2020-02,175000,3.0,360,700-739,81-90,>50,WV,Cash-Out Refinance,Investment,Condo,ServicerA,2020
LN0002697,2019-08,109000,3.5,360,740-779,<=60,<=28,NM,Refinance,Primary,Single Family,ServicerE,2019
LN0002698,2022-08,114000,5.375,120,660-699,96-100,44-50,ID,Cash-Out Refinance,Primary,Single Family,ServicerD,2022
LN0002699,2021-03,243000,7.125,180,740-779,71-80,37-43,WV,Cash-Out Refinance,Primary,Co-op,ServicerD,2021
LN0002700,2019-07,428000,7.625,360,740-779,81-90,<=28,ID,Cash-Out Refinance,Primary,Single Family,ServicerC,2019
LN0002701,2022-03,167000,3.25,240,700-739,91-95,37-43,MT,Purchase,Primary,PUD,ServicerB,2022
LN0002702,2022-03,281000,3.5,360,780+,<=60,<=28,NH,Purchase,Primary,PUD,ServicerE,2022
LN0002703,2022-11,111000,2.75,180,620-659,61-70,44-50,NE,Refinance,Investment,Co-op,ServicerC,2022
LN0002704,2022-05,112000,5.55,360,<620,71-80,44-50,ND,Refinance,Investment,Condo,ServicerA,2022
LN0002705,2019-12,87000,7.875,360,740-779,81-90,44-50,NH,Purchase,Primary,Single Family,ServicerC,2019
LN0002706,2020-08,111000,4.5,360,740-779,71-80,37-43,NE,Purchase,Primary,PUD,ServicerC,2020
LN0002707,2022-10,69000,2.5,360,620-659,<=60,44-50,NH,Purchase,Primary,Co-op,ServicerE,2022
LN0002708,2018-04,221000,6.25,360,660-699,71-80,>50,RI,Refinance,Primary,Condo,ServicerA,2018
LN0002709,2021-07,66000,5.99,180,<620,<=60,>50,NH,Cash-Out Refinance,Primary,Single Family,ServicerA,2021
LN0002710,2019-02,237000,3.625,180,660-699,96-100,29-36,NM,Other,Primary,Multi-Family,ServicerC,2019
LN0002711,2018-04,230000,8.0,360,740-779,71-80,37-43,AK,Purchase,Primary,Single Family,ServicerA,2018
LN0002712,2022-09,177000,3.75,240,700-739,81-90,44-50,NM,Purchase,Primary,Multi-Family,ServicerC,2022
LN0002713,2021-03,124000,3.0,360,660-699,71-80,37-43,ID,Purchase,Primary,PUD,ServicerE,2021
LN0002714,2022-02,177000,5.25,180,660-699,<=60,37-43,MT,Refinance,Primary,Single Family,ServicerE,2022
LN0002715,2019-08,139000,4.125,360,<620,91-95,29-36,ND,Cash-Out Refinance,Primary,PUD,ServicerD,2019
LN0002716,2022-10,381000,6.625,360,660-699,<=60,37-43,WY,Cash-Out Refinance,Investment,Multi-Family,ServicerB,2022
LN0002717,2018-09,315000,5.25,360,740-779,81-90,>50,RI,Purchase,Primary,PUD,ServicerE,2018
LN0002718,2022-02,407000,6.125,360,780+,91-95,29-36,WY,Refinance,Primary,Condo,ServicerE,2022
LN0002719,2018-08,142000,5.54,360,780+,61-70,>50,NM,Refinance,Primary,Multi-Family,ServicerE,2018
LN0002720,2019-10,89000,2.99,180,<620,71-80,37-43,ID,Cash-Out Refinance,Primary,Condo,ServicerA,2019
LN0002721,2022-01,83000,2.875,360,780+,<=60,37-43,ID,Purchase,Investment,Condo,ServicerA,2022
LN0002722,2021-09,429000,3.0,360,740-779,91-95,37-43,ID,Purchase,Secondary,Single Family,ServicerB,2021
LN0002723,2021-06,150000,2.25,240,740-779,81-90,44-50,NH,Refinance,Primary,Condo,ServicerC,2021
LN0002724,2018-12,59000,4.48,360,700-739,71-80,37-43,VT,Purchase,Primary,Condo,ServicerC,2018
LN0002725,2022-07,158000,5.75,180,700-739,61-70,37-43,NM,Cash-Out Refinance,Primary,Condo,ServicerC,2022
LN0002726,2019-08,54000,2.25,360,660-699,>100,29-36,DE,Other,Primary,Single Family,ServicerC,2019
LN0002727,2021-06,87000,4.0,180,<620,71-80,37-43,SD,Purchase,Investment,Single Family,ServicerB,2021
LN0002728,2022-12,194000,5.49,360,660-699,71-80,<=28,,Purchase,Secondary,Condo,ServicerA,2022
LN0002729,2022-02,313000,3.875,360,660-699,<=60,,MT,Refinance,Primary,Multi-Family,ServicerD,2022
LN0002730,2021-03,235000,2.875,180,700-739,81-90,44-50,ID,Refinance,Primary,Condo,ServicerC,2021
LN0002731,2020-08,219000,3.25,360,740-779,71-80,44-50,NH,Purchase,Primary,PUD,ServicerE,2020
LN0002732,2019-02,193000,2.75,360,700-739,71-80,37-43,KS,Cash-Out Refinance,Primary,Single Family,ServicerE,2019
LN0002733,2020-10,48000,7.875,360,<620,<=60,37-43,ID,Refinance,Primary,Multi-Family,ServicerC,2020
LN0002734,2022-07,169000,3.25,180,780+,71-80,>50,HI,Purchase,Primary,Co-op,ServicerC,2022
LN0002735,2020-04,359000,4.125,180,780+,81-90,37-43,SD,Refinance,Primary,Condo,ServicerB,2020
LN0002736,2018-12,96000,2.875,180,740-779,,44-50,ID,Purchase,Primary,Condo,ServicerC,2018
LN0002737,2018-10,168000,3.25,360,780+,71-80,37-43,NM,Cash-Out Refinance,Primary,Condo,ServicerE,2018
LN0002738,2022-02,167000,6.875,360,700-739,81-90,44-50,WV,Purchase,Primary,Multi-Family,ServicerE,2022
LN0002739,2022-01,257000,8.99,240,780+,,37-43,ID,Purchase,Primary,PUD,ServicerB,2022
LN0002740,2021-11,81000,3.875,360,<620,71-80,44-50,NH,Purchase,Primary,PUD,ServicerC,2021
LN0002741,2019-12,234000,5.24,180,660-699,<=60,44-50,ND,Purchase,Primary,Co-op,ServicerB,2019
LN0002742,2020-07,76000,8.5,180,660-699,61-70,<=28,KS,Purchase,Primary,Multi-Family,ServicerE,2020
LN0002743,2020-02,173000,8.75,360,620-659,96-100,29-36,ID,Purchase,Primary,Co-op,ServicerD,2020
LN0002744,2019-07,132000,2.99,360,620-659,<=60,29-36,NV,Purchase,Primary,Multi-Family,ServicerE,2019
LN0002745,2022-05,336000,3.0,240,740-779,71-80,37-43,NE,Cash-Out Refinance,Primary,Co-op,ServicerA,2022
LN0002746,2020-09,98000,3.0,180,740-779,91-95,37-43,WV,Purchase,Primary,Condo,ServicerE,2020
LN0002747,2021-10,152000,4.5,360,700-739,71-80,37-43,ID,Purchase,Primary,Co-op,ServicerE,2021
LN0002748,2020-10,65000,4.64,240,620-659,71-80,37-43,NH,Purchase,Investment,Multi-Family,ServicerE,2020
LN0002749,2020-11,419000,2.99,360,740-779,81-90,44-50,WV,Purchase,Primary,Single Family,ServicerD,2020
LN0002750,2021-04,226000,4.5,360,740-779,71-80,44-50,MT,Refinance,Primary,Condo,ServicerE,2021
LN0002751,2021-09,90000,2.75,360,,81-90,37-43,WV,Purchase,Primary,Condo,ServicerD,2021
LN0002752,2022-08,177000,3.79,180,740-779,61-70,29-36,NH,Cash-Out Refinance,Primary,Multi-Family,ServicerE,2022
LN0002753,2019-06,400000,2.75,180,660-699,71-80,37-43,RI,Refinance,Primary,PUD,ServicerE,2019
LN0002754,2022-09,222000,3.625,360,660-699,81-90,44-50,WY,Purchase,Primary,Multi-Family,ServicerB,2022
LN0002755,2021-05,248000,2.875,360,780+,71-80,44-50,NM,Cash-Out Refinance,Primary,Condo,ServicerD,2021
LN0002756,2020-10,258000,2.875,240,660-699,<=60,37-43,ID,Cash-Out Refinance,Primary,PUD,ServicerA,2020
LN0002757,2020-12,73000,3.5,360,700-739,71-80,44-50,ND,Purchase,Primary,Condo,ServicerD,2020
LN0002758,2021-12,134000,3.125,180,780+,>100,37-43,NE,Refinance,Primary,PUD,ServicerA,2021
LN0002759,2019-11,128000,3.875,360,740-779,,37-43,ID,Purchase,Primary,Co-op,ServicerD,2019
LN0002760,2018-12,124000,9.0,360,<620,71-80,37-43,ID,Cash-Out Refinance,Primary,PUD,ServicerA,2018
LN0002761,2019-08,301000,3.0,360,620-659,<=60,37-43,NM,Cash-Out Refinance,Primary,Multi-Family,ServicerC,2019
LN0002762,2019-02,210000,4.99,180,<620,<=60,37-43,WV,Purchase,Primary,Condo,ServicerD,2019
LN0002763,2019-09,156000,2.25,360,740-779,>100,29-36,MS,Refinance,Primary,Condo,ServicerC,2019
LN0002764,2021-06,207000,6.625,360,700-739,71-80,29-36,NM,Purchase,Primary,Multi-Family,ServicerB,2021
LN0002765,2022-10,209000,3.75,360,620-659,96-100,44-50,NE,Purchase,Primary,Multi-Family,ServicerE,2022
LN0002766,2018-03,140000,3.8,360,780+,71-80,29-36,AK,Purchase,Primary,Multi-Family,ServicerD,2018
LN0002767,2021-11,211000,3.0,360,700-739,,29-36,NV,Purchase,Investment,Co-op,ServicerD,2021
LN0002768,2018-02,442000,2.875,360,660-699,,44-50,NH,Purchase,Primary,Condo,ServicerD,2018
LN0002769,2019-08,159000,5.625,360,700-739,71-80,37-43,ND,Purchase,Primary,Condo,ServicerA,2019
LN0002770,2022-07,185000,2.625,360,740-779,71-80,44-50,NE,Refinance,Primary,Multi-Family,ServicerB,2022
LN0002771,2018-02,338000,2.99,240,<620,71-80,37-43,NM,Purchase,Primary,Single Family,ServicerB,2018
LN0002772,2020-04,270000,4.99,360,660-699,96-100,37-43,NH,Refinance,Secondary,PUD,ServicerE,2020
LN0002773,2020-02,39000,4.875,180,740-779,<=60,29-36,ID,Refinance,Primary,PUD,ServicerE,2020
LN0002774,2022-01,568000,2.875,180,700-739,71-80,37-43,MT,Purchase,Primary,Co-op,ServicerA,2022
LN0002775,2021-07,215000,6.24,360,700-739,71-80,37-43,AK,Purchase,Primary,Co-op,ServicerE,2021
LN0002776,2022-11,134000,9.49,360,700-739,>100,37-43,KS,Cash-Out Refinance,Primary,Condo,ServicerB,2022
LN0002777,2022-05,351000,4.5,240,<620,81-90,44-50,NE,Refinance,Primary,Multi-Family,ServicerC,2022
LN0002778,2022-01,142000,8.5,180,620-659,<=60,37-43,NM,Purchase,Primary,Condo,ServicerA,2022
LN0002779,2019-11,318000,4.125,360,700-739,71-80,>50,NH,Refinance,Primary,Single Family,ServicerE,2019
LN0002780,2021-08,131000,3.49,360,660-699,71-80,37-43,WV,Purchase,Primary,PUD,ServicerA,2021
LN0002781,2018-04,68000,6.75,360,<620,71-80,>50,NH,Cash-Out Refinance,Primary,PUD,ServicerE,2018
LN0002782,2022-05,235000,3.0,360,780+,96-100,37-43,NH,Refinance,Primary,Co-op,ServicerC,2022
LN0002783,2019-01,88000,3.875,360,780+,71-80,37-43,NM,Purchase,Primary,PUD,ServicerE,2019
LN0002784,2022-09,283000,3.25,180,740-779,81-90,44-50,KS,Purchase,Primary,PUD,ServicerD,2022
LN0002785,2022-12,106000,3.0,240,780+,61-70,37-43,NE,Purchase,Primary,Single Family,ServicerC,2022
LN0002786,2019-10,218000,2.99,360,660-699,71-80,37-43,ID,Cash-Out Refinance,Primary,Co-op,ServicerC,2019
LN0002787,2019-11,236000,2.25,360,780+,<=60,37-43,VT,Purchase,Primary,PUD,ServicerD,2019
LN0002788,2018-06,85000,2.99,360,620-659,61-70,37-43,MS,Purchase,Primary,Condo,ServicerC,2018
LN0002789,2019-11,184000,3.99,360,780+,71-80,37-43,NE,Refinance,Primary,Multi-Family,ServicerD,2019
LN0002790,2018-03,192000,2.75,360,780+,<=60,44-50,SD,Refinance,Primary,PUD,ServicerD,2018
LN0002791,2018-05,129000,2.875,360,740-779,>100,,DE,Purchase,Primary,Multi-Family,ServicerD,2018
LN0002792,2021-06,155000,3.25,240,780+,>100,44-50,NM,Purchase,Primary,Co-op,ServicerD,2021
LN0002793,2021-07,229000,3.252,180,700-739,71-80,44-50,VT,Purchase,Primary,Co-op,ServicerC,2021
LN0002794,2022-04,98000,6.0,240,660-699,<=60,<=28,DE,Purchase,Primary,Co-op,ServicerB,2022
LN0002795,2022-01,232000,3.75,360,700-739,81-90,37-43,NV,Purchase,Primary,Condo,ServicerD,2022
LN0002796,2018-02,173000,3.5,360,700-739,81-90,<=28,NM,Purchase,Primary,Multi-Family,ServicerE,2018
LN0002797,2022-05,106000,9.0,360,<620,<=60,>50,AK,Cash-Out Refinance,Investment,Multi-Family,ServicerE,2022
LN0002798,2022-10,95000,2.625,180,740-779,,44-50,WY,Purchase,Primary,Condo,ServicerB,2022
LN0002799,2020-06,157000,2.625,180,780+,96-100,37-43,DE,Purchase,Secondary,Condo,ServicerC,2020
LN0002800,2020-04,133000,2.52,360,620-659,71-80,29-36,ID,Purchase,Primary,Condo,ServicerA,2020
LN0002801,2022-04,150000,3.75,360,740-779,,>50,ID,Purchase,Primary,Single Family,ServicerC,2022
LN0002802,2021-07,69000,3.0,180,780+,61-70,37-43,NM,Purchase,Primary,Multi-Family,ServicerD,2021
LN0002803,2022-01,277000,4.49,360,780+,71-80,44-50,NH,Refinance,Primary,Co-op,ServicerA,2022
LN0002804,2020-03,206000,5.25,360,780+,<=60,29-36,NE,Refinance,Investment,Condo,ServicerD,2020
LN0002805,2021-09,135000,3.25,360,700-739,61-70,37-43,HI,Cash-Out Refinance,Primary,Co-op,ServicerC,2021
LN0002806,2018-09,229000,2.625,360,780+,81-90,37-43,WY,Refinance,Investment,Multi-Family,ServicerA,2018
LN0002807,2018-09,500000,3.125,360,740-779,<=60,44-50,MT,Purchase,Primary,Multi-Family,ServicerC,2018
LN0002808,2020-06,124000,6.0,360,620-659,71-80,44-50,HI,Purchase,Primary,PUD,ServicerE,2020
LN0002809,2018-09,160000,3.125,360,700-739,96-100,37-43,NE,Cash-Out Refinance,Primary,Co-op,ServicerD,2018
LN0002810,2020-09,155000,4.25,360,740-779,71-80,44-50,NH,Refinance,Primary,Multi-Family,ServicerD,2020
LN0002811,2022-05,220000,3.0,360,660-699,91-95,37-43,WV,Purchase,Primary,Single Family,ServicerE,2022
LN0002812,2021-07,221000,3.375,360,740-779,91-95,37-43,WV,Purchase,Primary,Co-op,ServicerC,2021
LN0002813,2022-08,429000,2.75,360,740-779,<=60,37-43,NE,Other,Primary,Co-op,ServicerE,2022
LN0002814,2019-06,163000,2.99,360,620-659,<=60,37-43,WV,Purchase,Investment,PUD,ServicerE,2019
LN0002815,2021-11,70000,7.25,360,,96-100,29-36,NV,Purchase,Primary,Condo,ServicerE,2021
LN0002816,2021-10,188000,4.99,360,740-779,<=60,29-36,NE,Refinance,Primary,Co-op,ServicerA,2021
LN0002817,2018-08,53000,3.875,240,700-739,<=60,37-43,VT,Purchase,Primary,Multi-Family,ServicerD,2018
LN0002818,2018-05,353000,3.5,360,<620,91-95,37-43,WV,Purchase,Primary,Multi-Family,ServicerD,2018
LN0002819,2018-07,141000,6.625,240,<620,96-100,44-50,KS,Purchase,Primary,Single Family,ServicerA,2018
LN0002820,2019-11,98000,2.5,180,660-699,96-100,37-43,NE,Refinance,Primary,Multi-Family,ServicerD,2019
LN0002821,2019-06,140000,5.99,360,780+,<=60,37-43,ID,Purchase,Primary,Multi-Family,ServicerD,2019
LN0002822,2021-06,144000,4.5,360,660-699,61-70,44-50,NM,Purchase,Primary,Co-op,ServicerC,2021
LN0002823,2022-09,80000,3.28,360,740-779,81-90,37-43,ID,Cash-Out Refinance,Primary,Condo,ServicerE,2022
LN0002824,2018-12,149000,8.25,240,660-699,61-70,29-36,ID,Refinance,Primary,PUD,ServicerA,2018
LN0002825,2020-04,96000,3.0,360,660-699,61-70,37-43,NE,Purchase,Primary,Condo,ServicerE,2020
LN0002826,2020-02,181000,5.125,360,780+,61-70,29-36,NH,Purchase,Primary,PUD,ServicerC,2020
LN0002827,2021-11,142000,2.75,180,740-779,91-95,>50,SD,Purchase,Primary,Co-op,ServicerD,2021
LN0002828,2020-02,231000,5.5,360,,81-90,37-43,NH,Purchase,Primary,PUD,ServicerA,2020
LN0002829,2022-03,91000,3.125,360,700-739,96-100,37-43,WV,Refinance,Primary,Co-op,ServicerA,2022
LN0002830,2021-06,49000,2.55,360,<620,<=60,<=28,AK,Refinance,Primary,Single Family,ServicerB,2021
LN0002831,2020-04,41000,4.0,120,700-739,81-90,<=28,AK,Purchase,Primary,Co-op,ServicerC,2020
LN0002832,2022-05,212000,6.0,120,740-779,91-95,37-43,ID,Refinance,Primary,Co-op,ServicerC,2022
LN0002833,2019-12,121000,3.0,360,620-659,71-80,37-43,NE,Cash-Out Refinance,Primary,PUD,ServicerC,2019
LN0002834,2019-08,95000,5.01,360,660-699,71-80,44-50,NM,Cash-Out Refinance,Primary,PUD,ServicerB,2019
LN0002835,2019-04,140000,3.125,240,700-739,61-70,37-43,NV,Purchase,Primary,Co-op,ServicerB,2019
LN0002836,2019-05,92000,3.375,180,780+,71-80,<=28,WV,Purchase,Primary,PUD,ServicerD,2019
LN0002837,2019-04,97000,3.625,360,780+,81-90,29-36,WV,Purchase,Primary,Co-op,ServicerD,2019
LN0002838,2019-04,192000,3.625,360,<620,61-70,>50,SD,Purchase,Investment,Multi-Family,ServicerA,2019
LN0002839,2022-06,256000,2.375,360,740-779,71-80,,NH,Purchase,Primary,Multi-Family,ServicerB,2022
LN0002840,2019-02,110000,4.375,360,660-699,<=60,>50,WV,Refinance,Primary,Multi-Family,ServicerD,2019
LN0002841,2018-02,205000,6.25,360,700-739,96-100,29-36,AK,Purchase,Primary,Co-op,ServicerC,2018
LN0002842,2021-10,79000,4.029,360,740-779,71-80,37-43,VT,Cash-Out Refinance,Primary,Co-op,ServicerD,2021
LN0002843,2018-09,93000,2.75,180,780+,61-70,>50,AK,Purchase,Primary,Single Family,ServicerB,2018
LN0002844,2018-08,181000,5.375,240,780+,91-95,>50,AK,Refinance,Primary,Condo,ServicerA,2018
LN0002845,2020-10,155000,3.125,360,700-739,96-100,44-50,ID,Refinance,Primary,PUD,ServicerA,2020
LN0002846,2020-08,196000,3.0,360,660-699,>100,44-50,ND,Cash-Out Refinance,Primary,Multi-Family,ServicerB,2020
LN0002847,2022-05,234000,2.375,360,740-779,<=60,29-36,ID,Purchase,Primary,Single Family,ServicerD,2022
LN0002848,2021-03,125000,4.614,120,660-699,<=60,44-50,RI,Other,Primary,Condo,ServicerC,2021
LN0002849,2022-05,116000,7.75,180,700-739,71-80,44-50,SD,Refinance,Primary,Condo,ServicerE,2022
LN0002850,2021-04,96000,2.75,360,660-699,71-80,29-36,NE,Purchase,Primary,Multi-Family,ServicerC,2021
LN0002851,2022-03,48000,2.75,360,740-779,<=60,37-43,ID,Refinance,Primary,PUD,ServicerB,2022
LN0002852,2018-09,168000,2.625,180,660-699,71-80,44-50,ND,Other,Primary,Multi-Family,ServicerC,2018
LN0002853,2021-08,97000,2.75,360,620-659,61-70,37-43,NE,Purchase,Primary,Condo,ServicerB,2021
LN0002854,2022-01,180000,2.35,240,780+,<=60,44-50,MT,Purchase,Primary,Condo,ServicerC,2022
LN0002855,2022-06,119000,3.625,360,620-659,91-95,29-36,NE,Cash-Out Refinance,Primary,Co-op,ServicerA,2022
LN0002856,2021-11,157000,2.25,360,700-739,96-100,>50,NE,Refinance,Primary,PUD,ServicerB,2021
LN0002857,2019-08,316000,3.75,180,660-699,71-80,29-36,MT,Refinance,Primary,PUD,ServicerC,2019
LN0002858,2018-12,111000,2.875,360,<620,96-100,44-50,ID,Cash-Out Refinance,Primary,PUD,ServicerD,2018
LN0002859,2022-08,308000,5.25,180,<620,<=60,37-43,KS,Cash-Out Refinance,Investment,Multi-Family,ServicerA,2022
LN0002860,2020-12,99000,5.875,360,620-659,<=60,37-43,NE,Cash-Out Refinance,Primary,PUD,ServicerB,2020
LN0002861,2018-01,237000,8.74,360,780+,91-95,44-50,ID,Purchase,Primary,PUD,ServicerB,2018
LN0002862,2019-07,157000,5.75,360,660-699,<=60,29-36,NE,Refinance,Primary,PUD,ServicerA,2019
LN0002863,2022-02,115000,3.875,360,780+,<=60,44-50,ID,Refinance,Primary,Condo,ServicerD,2022
LN0002864,2020-06,251000,3.25,360,700-739,96-100,37-43,ID,Cash-Out Refinance,Primary,Multi-Family,ServicerD,2020
LN0002865,2022-05,60000,6.375,240,700-739,61-70,44-50,NM,Refinance,Primary,Co-op,ServicerE,2022
LN0002866,2019-09,253000,7.625,180,700-739,<=60,44-50,AK,Purchase,Primary,Co-op,ServicerA,2019
LN0002867,2020-04,90000,5.25,360,700-739,71-80,37-43,ID,Refinance,Primary,PUD,ServicerC,2020
LN0002868,2020-08,104000,4.75,120,740-779,71-80,37-43,NE,Refinance,Primary,Single Family,ServicerD,2020
LN0002869,2022-06,631000,2.25,360,660-699,71-80,37-43,ID,Cash-Out Refinance,Primary,Single Family,ServicerC,2022
LN0002870,2020-03,240000,10.7,240,660-699,71-80,44-50,RI,Purchase,Primary,PUD,ServicerC,2020
LN0002871,2021-07,43000,2.75,180,780+,91-95,,ID,Refinance,Primary,Single Family,ServicerC,2021
LN0002872,2019-07,56000,2.25,360,780+,61-70,44-50,RI,Purchase,Primary,Single Family,ServicerD,2019
LN0002873,2020-06,188000,2.625,360,780+,96-100,44-50,NE,Purchase,Primary,Co-op,ServicerB,2020
LN0002874,2021-05,119000,9.0,360,700-739,61-70,<=28,KS,Refinance,Primary,PUD,ServicerD,2021
LN0002875,2021-03,64000,4.875,180,740-779,61-70,44-50,NE,Purchase,Primary,Co-op,ServicerC,2021
LN0002876,2022-03,372000,3.75,360,700-739,<=60,44-50,MT,Refinance,Primary,Condo,ServicerC,2022
LN0002877,2022-11,179000,4.875,360,700-739,71-80,44-50,MS,Other,Primary,PUD,ServicerD,2022
LN0002878,2019-02,132000,8.14,360,660-699,<=60,37-43,NH,Purchase,Primary,Co-op,ServicerC,2019
LN0002879,2020-04,116000,10.25,240,700-739,71-80,44-50,NE,Purchase,Primary,Condo,ServicerC,2020
LN0002880,2022-07,260000,2.25,360,620-659,71-80,44-50,,Purchase,Primary,PUD,ServicerA,2022
LN0002881,2021-04,87000,2.375,360,660-699,91-95,29-36,NH,Purchase,Primary,Multi-Family,ServicerC,2021
LN0002882,2019-12,162000,3.125,360,780+,71-80,44-50,NM,Purchase,Primary,PUD,ServicerA,2019
LN0002883,2019-08,163000,3.5,240,660-699,81-90,37-43,NM,Refinance,Primary,Multi-Family,ServicerC,2019
LN0002884,2018-03,344000,3.25,360,<620,61-70,29-36,ID,Cash-Out Refinance,Primary,PUD,ServicerB,2018
LN0002885,2021-08,258000,2.375,360,<620,71-80,29-36,ID,Cash-Out Refinance,Primary,Co-op,ServicerB,2021
LN0002886,2019-11,88000,2.625,360,780+,96-100,37-43,AK,Purchase,Primary,Multi-Family,ServicerE,2019
LN0002887,2022-09,357000,2.125,120,700-739,71-80,29-36,NH,Refinance,Primary,Condo,ServicerB,2022
LN0002888,2020-08,159000,5.85,360,700-739,71-80,37-43,WV,Purchase,Primary,PUD,ServicerB,2020
LN0002889,2020-05,295000,2.75,360,740-779,91-95,44-50,SD,Refinance,Primary,Co-op,ServicerD,2020
LN0002890,2022-10,225000,2.875,180,780+,<=60,37-43,WV,Purchase,Primary,Single Family,ServicerE,2022
LN0002891,2018-07,246000,3.5,360,660-699,61-70,29-36,SD,Refinance,Primary,Condo,ServicerE,2018
LN0002892,2018-12,71000,2.625,360,740-779,96-100,37-43,ID,Purchase,Primary,PUD,ServicerE,2018
LN0002893,2019-01,145000,2.625,360,740-779,96-100,44-50,ID,Cash-Out Refinance,Primary,Multi-Family,ServicerD,2019
LN0002894,2019-05,269000,3.125,360,740-779,71-80,37-43,KS,Purchase,Primary,Single Family,ServicerE,2019
LN0002895,2021-11,103000,3.5,360,620-659,81-90,37-43,MS,Refinance,Investment,Multi-Family,ServicerE,2021
LN0002896,2018-08,152000,2.207,240,780+,>100,37-43,WV,Purchase,Primary,Multi-Family,ServicerD,2018
LN0002897,2020-05,138000,8.75,240,700-739,81-90,>50,ID,Cash-Out Refinance,Primary,Single Family,ServicerE,2020
LN0002898,2020-06,191000,3.875,240,660-699,<=60,37-43,ID,Other,Primary,PUD,ServicerA,2020
LN0002899,2022-09,170000,3.125,360,700-739,,37-43,NH,Refinance,Primary,Multi-Family,ServicerB,2022
LN0002900,2020-06,225000,2.5,240,,81-90,44-50,VT,Refinance,Primary,Condo,ServicerC,2020
LN0002901,2018-07,125000,3.25,360,620-659,<=60,44-50,NH,Purchase,Secondary,PUD,ServicerD,2018
LN0002902,2018-06,183000,4.5,180,740-779,61-70,<=28,WV,Refinance,Primary,Condo,ServicerB,2018
LN0002903,2022-04,373000,2.75,360,<620,<=60,37-43,NH,Cash-Out Refinance,Primary,Multi-Family,ServicerD,2022
LN0002904,2022-10,91000,3.0,240,700-739,71-80,>50,NH,Purchase,Primary,Co-op,ServicerA,2022
LN0002905,2022-03,134000,2.5,360,700-739,<=60,>50,NM,Cash-Out Refinance,Primary,Co-op,ServicerE,2022
LN0002906,2020-06,186000,8.0,360,<620,96-100,37-43,HI,Refinance,Primary,PUD,ServicerA,2020
LN0002907,2020-11,344000,3.1,120,780+,96-100,>50,SD,Purchase,Primary,Co-op,ServicerD,2020
LN0002908,2022-08,193000,2.375,360,660-699,71-80,37-43,MT,Purchase,Primary,PUD,ServicerC,2022
LN0002909,2021-02,61000,3.875,360,660-699,91-95,37-43,MT,Purchase,Investment,Condo,ServicerA,2021
LN0002910,2021-10,178000,3.0,360,660-699,91-95,44-50,NH,Other,Primary,Co-op,ServicerB,2021
LN0002911,2020-08,112000,3.0,360,660-699,61-70,<=28,NE,Refinance,Primary,Condo,ServicerD,2020
LN0002912,2019-03,338000,5.0,360,<620,81-90,>50,WV,Refinance,Primary,Condo,ServicerB,2019
LN0002913,2020-07,144000,2.375,360,740-779,<=60,44-50,NM,Refinance,Investment,Single Family,ServicerA,2020
LN0002914,2022-10,191000,11.125,180,780+,71-80,<=28,NM,Refinance,Primary,Condo,ServicerA,2022
LN0002915,2021-02,277000,2.875,360,660-699,71-80,37-43,RI,Refinance,Primary,Condo,ServicerA,2021
LN0002916,2018-03,172000,6.125,360,740-779,81-90,44-50,ID,Purchase,Investment,Condo,ServicerA,2018
LN0002917,2020-04,281000,2.375,240,740-779,61-70,29-36,NE,Refinance,Primary,Condo,ServicerE,2020
LN0002918,2020-06,141000,4.0,360,780+,81-90,37-43,ID,Cash-Out Refinance,Primary,Multi-Family,ServicerD,2020
LN0002919,2020-12,201000,6.625,120,700-739,71-80,>50,WY,Purchase,Primary,Single Family,ServicerA,2020
LN0002920,2020-10,245000,3.99,360,660-699,81-90,<=28,,Cash-Out Refinance,Primary,PUD,ServicerB,2020
LN0002921,2021-05,235000,8.75,360,660-699,<=60,37-43,ID,Refinance,Primary,Co-op,ServicerB,2021
LN0002922,2021-06,121000,2.75,360,740-779,81-90,>50,WY,Refinance,Primary,PUD,ServicerA,2021
LN0002923,2022-09,87000,5.025,360,740-779,71-80,37-43,NV,Purchase,Primary,Single Family,ServicerA,2022
LN0002924,2021-07,149000,1.99,360,620-659,71-80,44-50,NE,Refinance,Primary,Condo,ServicerD,2021
LN0002925,2019-03,283000,3.25,360,660-699,61-70,29-36,NE,Purchase,Primary,Condo,ServicerC,2019
LN0002926,2018-03,215000,4.5,360,780+,<=60,44-50,KS,Refinance,Primary,Condo,ServicerB,2018
LN0002927,2019-11,55000,2.25,180,740-779,71-80,37-43,NE,Refinance,Primary,PUD,ServicerE,2019
LN0002928,2020-12,254000,6.375,120,780+,71-80,37-43,AK,Cash-Out Refinance,Investment,Condo,ServicerB,2020
LN0002929,2018-04,329000,4.25,180,740-779,<=60,44-50,VT,Other,Primary,PUD,ServicerB,2018
LN0002930,2019-07,190000,5.5,360,700-739,71-80,29-36,RI,Refinance,Primary,Single Family,ServicerA,2019
LN0002931,2018-02,142000,4.25,360,700-739,96-100,37-43,KS,Purchase,Primary,Co-op,ServicerB,2018
LN0002932,2018-08,98000,6.0,360,740-779,81-90,37-43,NE,Cash-Out Refinance,Primary,Single Family,ServicerD,2018
LN0002933,2022-01,154000,2.275,360,<620,71-80,37-43,SD,Refinance,Primary,Co-op,ServicerD,2022
LN0002934,2018-07,118000,4.99,360,700-739,71-80,44-50,NH,Cash-Out Refinance,Primary,Multi-Family,ServicerD,2018
LN0002935,2022-02,73000,1.0,360,740-779,71-80,37-43,KS,Refinance,Primary,PUD,ServicerB,2022
LN0002936,2018-05,186000,3.625,180,620-659,71-80,<=28,NE,Refinance,Primary,Single Family,ServicerE,2018
LN0002937,2022-03,179000,2.99,360,740-779,96-100,37-43,,Cash-Out Refinance,Primary,PUD,ServicerA,2022
LN0002938,2018-11,128000,3.625,360,700-739,96-100,<=28,AK,Refinance,Primary,PUD,ServicerB,2018
LN0002939,2021-05,176000,3.625,360,780+,71-80,44-50,ID,Other,Primary,Condo,ServicerD,2021
LN0002940,2019-04,164000,7.625,360,<620,81-90,44-50,MT,Purchase,Primary,Single Family,ServicerE,2019
LN0002941,2020-08,197000,3.0,360,660-699,<=60,<=28,NM,Purchase,Primary,PUD,ServicerC,2020
LN0002942,2019-03,261000,5.5,360,740-779,81-90,>50,NM,Refinance,Primary,PUD,ServicerA,2019
LN0002943,2022-03,147000,3.125,180,,<=60,>50,NM,Cash-Out Refinance,Primary,Condo,ServicerE,2022
LN0002944,2018-01,335000,9.65,360,740-779,81-90,29-36,ND,Purchase,Primary,Single Family,ServicerC,2018
LN0002945,2020-06,331000,2.5,360,740-779,91-95,,WY,Purchase,Primary,Co-op,ServicerA,2020
LN0002946,2021-08,139000,3.5,360,620-659,61-70,<=28,DE,Purchase,Primary,Single Family,ServicerA,2021
LN0002947,2022-05,256000,3.0,360,700-739,71-80,37-43,ND,Purchase,Primary,Single Family,ServicerD,2022
LN0002948,2022-08,81000,2.25,360,700-739,71-80,37-43,NE,Purchase,Primary,Co-op,ServicerD,2022
LN0002949,2019-12,391000,8.25,360,660-699,71-80,37-43,ID,Purchase,Primary,Single Family,ServicerB,2019
LN0002950,2022-03,127000,8.0,360,780+,96-100,37-43,ID,Refinance,Primary,PUD,ServicerE,2022
LN0002951,2022-10,183000,3.625,360,780+,71-80,37-43,RI,Purchase,Primary,Single Family,ServicerA,2022
LN0002952,2021-11,125000,4.625,360,740-779,71-80,44-50,AK,Purchase,Primary,Multi-Family,ServicerA,2021
LN0002953,2022-07,184000,5.125,240,740-779,<=60,37-43,MT,Cash-Out Refinance,Primary,Single Family,ServicerA,2022
LN0002954,2022-11,157000,2.875,180,700-739,81-90,44-50,WY,Refinance,Primary,Multi-Family,ServicerC,2022
LN0002955,2022-05,120000,3.5,360,780+,71-80,44-50,SD,Purchase,Primary,Condo,ServicerB,2022
LN0002956,2020-08,174000,3.0,360,740-779,71-80,37-43,ID,Purchase,Primary,Multi-Family,ServicerE,2020
LN0002957,2022-04,306000,6.875,180,740-779,71-80,37-43,NV,Purchase,Primary,Condo,ServicerB,2022
LN0002958,2018-08,234000,5.5,180,780+,61-70,>50,NE,Other,Primary,Co-op,ServicerE,2018
LN0002959,2020-06,158000,3.75,180,660-699,>100,,MT,Refinance,Primary,Multi-Family,ServicerB,2020
LN0002960,2021-05,405000,3.25,180,740-779,96-100,44-50,NE,Refinance,Primary,PUD,ServicerD,2021
LN0002961,2019-05,438000,3.125,180,,61-70,44-50,KS,Purchase,Primary,PUD,ServicerA,2019
LN0002962,2018-01,425000,2.625,360,,<=60,37-43,MT,Refinance,Primary,Multi-Family,ServicerB,2018
LN0002963,2022-03,446000,3.125,360,660-699,<=60,37-43,AK,Refinance,Primary,PUD,ServicerE,2022
LN0002964,2020-05,129000,5.125,360,780+,71-80,37-43,AK,Refinance,Primary,Co-op,ServicerE,2020
LN0002965,2021-09,65000,3.0,180,780+,91-95,44-50,HI,Purchase,Primary,Condo,ServicerE,2021
LN0002966,2018-12,141000,5.625,360,740-779,96-100,37-43,MS,Refinance,Primary,Multi-Family,ServicerB,2018
LN0002967,2021-08,116000,6.75,360,740-779,96-100,37-43,MT,Refinance,Primary,Condo,ServicerA,2021
LN0002968,2020-01,286000,3.75,180,700-739,71-80,37-43,MT,Cash-Out Refinance,Primary,Single Family,ServicerA,2020
LN0002969,2021-05,86000,4.375,360,780+,71-80,44-50,VT,Purchase,Secondary,PUD,ServicerB,2021
LN0002970,2022-04,349000,5.0,180,700-739,96-100,44-50,NE,Refinance,Primary,Co-op,ServicerD,2022
LN0002971,2018-09,111000,2.375,360,700-739,71-80,37-43,KS,Purchase,Primary,Single Family,ServicerC,2018
LN0002972,2020-04,117000,2.875,360,620-659,71-80,44-50,NH,Cash-Out Refinance,Primary,PUD,ServicerB,2020
LN0002973,2021-09,120000,2.25,360,740-779,71-80,37-43,AK,Refinance,Primary,Single Family,ServicerA,2021
LN0002974,2021-07,156000,2.99,360,740-779,<=60,>50,ND,Purchase,Primary,Co-op,ServicerC,2021
LN0002975,2019-03,158000,8.375,360,700-739,91-95,<=28,WV,Purchase,Primary,PUD,ServicerD,2019
LN0002976,2021-07,123000,3.5,240,<620,<=60,37-43,NE,Purchase,Primary,Condo,ServicerE,2021
LN0002977,2019-05,115000,3.75,180,780+,91-95,>50,MS,Purchase,Primary,Multi-Family,ServicerC,2019
LN0002978,2018-07,77000,4.99,360,<620,<=60,>50,NE,Purchase,Primary,PUD,ServicerD,2018
LN0002979,2019-09,224000,2.875,360,740-779,71-80,>50,ID,Purchase,Primary,Co-op,ServicerA,2019
LN0002980,2022-12,66000,5.865,120,780+,<=60,37-43,ND,Purchase,Investment,PUD,ServicerA,2022
LN0002981,2020-05,328000,5.375,360,700-739,81-90,37-43,VT,Cash-Out Refinance,Primary,Multi-Family,ServicerE,2020
LN0002982,2022-05,61000,2.5,360,660-699,<=60,29-36,KS,Other,Primary,Multi-Family,ServicerE,2022
LN0002983,2021-04,103000,3.625,360,740-779,91-95,37-43,ID,Refinance,Primary,Single Family,ServicerE,2021
LN0002984,2018-03,97000,6.75,120,740-779,<=60,44-50,ID,Purchase,Primary,Multi-Family,ServicerE,2018
LN0002985,2019-05,347000,11.675,180,700-739,81-90,44-50,NH,Refinance,Primary,Condo,ServicerA,2019
LN0002986,2018-11,479000,5.125,360,780+,71-80,<=28,,Purchase,Primary,Co-op,ServicerD,2018
LN0002987,2021-10,334000,7.125,360,<620,<=60,37-43,MT,Purchase,Primary,Multi-Family,ServicerC,2021
LN0002988,2021-05,380000,2.749,360,,81-90,29-36,NH,Purchase,Primary,Multi-Family,ServicerE,2021
LN0002989,2022-08,149000,2.875,240,740-779,91-95,<=28,ID,Refinance,Primary,Condo,ServicerC,2022
LN0002990,2019-06,99000,5.25,180,,71-80,<=28,NE,Refinance,Primary,Condo,ServicerD,2019
LN0002991,2018-03,198000,3.625,360,620-659,61-70,>50,WV,Other,Primary,Condo,ServicerA,2018
LN0002992,2018-09,146000,4.45,360,740-779,96-100,37-43,NV,Other,Primary,PUD,ServicerA,2018
LN0002993,2018-03,387000,7.25,360,700-739,,44-50,SD,Purchase,Primary,PUD,ServicerB,2018
LN0002994,2018-05,235000,6.25,360,700-739,71-80,37-43,NM,Purchase,Primary,Multi-Family,ServicerB,2018
LN0002995,2020-03,240000,4.4,360,620-659,71-80,37-43,RI,Purchase,Primary,PUD,ServicerE,2020
LN0002996,2021-12,126000,2.875,180,780+,91-95,37-43,DE,Purchase,Primary,PUD,ServicerD,2021
LN0002997,2018-04,206000,2.75,360,620-659,71-80,44-50,MT,Cash-Out Refinance,Primary,Condo,ServicerA,2018
LN0002998,2018-03,120000,3.25,360,660-699,61-70,37-43,MT,Cash-Out Refinance,Primary,Co-op,ServicerE,2018
LN0002999,2018-08,247000,3.375,240,660-699,<=60,44-50,AK,Cash-Out Refinance,Primary,Multi-Family,ServicerC,2018
LN0003000,2019-06,205000,4.5,360,780+,71-80,29-36,DE,Other,Primary,Condo,ServicerE,2019
LN0003001,2021-05,85000,4.25,240,740-779,<=60,<=28,ND,Refinance,Primary,PUD,ServicerB,2021
LN0003002,2021-06,74000,2.875,360,,61-70,<=28,NE,Cash-Out Refinance,Primary,PUD,ServicerE,2021
LN0003003,2021-12,226000,2.99,360,660-699,96-100,44-50,WV,Purchase,Primary,Single Family,ServicerE,2021
LN0003004,2018-06,145000,6.75,360,740-779,71-80,37-43,DE,Refinance,Investment,Single Family,ServicerD,2018
LN0003005,2018-03,136000,3.0,180,,<=60,37-43,KS,Purchase,Primary,Single Family,ServicerE,2018
LN0003006,2018-05,118000,5.0,360,780+,<=60,29-36,HI,Refinance,Primary,PUD,ServicerA,2018
LN0003007,2021-02,199000,3.875,240,780+,81-90,44-50,MT,Purchase,Primary,PUD,ServicerE,2021
LN0003008,2022-08,110000,3.5,360,<620,81-90,37-43,RI,Purchase,Primary,Multi-Family,ServicerC,2022
LN0003009,2019-04,122000,2.999,360,740-779,71-80,37-43,DE,Refinance,Primary,Multi-Family,ServicerE,2019
LN0003010,2020-07,66000,4.0,360,<620,96-100,44-50,ID,Cash-Out Refinance,Primary,PUD,ServicerC,2020
LN0003011,2018-02,155000,3.99,360,700-739,81-90,37-43,DE,Refinance,Primary,PUD,ServicerB,2018
LN0003012,2019-07,134000,2.625,180,660-699,91-95,37-43,VT,Purchase,Primary,Multi-Family,ServicerE,2019
LN0003013,2021-04,353000,2.875,360,660-699,61-70,37-43,NE,Purchase,Primary,Multi-Family,ServicerE,2021
LN0003014,2018-04,211000,3.732,360,660-699,71-80,44-50,MS,Purchase,Primary,Condo,ServicerE,2018
LN0003015,2021-12,143000,5.375,360,740-779,71-80,29-36,ND,Purchase,Primary,Single Family,ServicerB,2021
LN0003016,2018-09,206000,3.625,180,660-699,71-80,37-43,MT,Purchase,Primary,Single Family,ServicerA,2018
LN0003017,2019-08,206000,7.55,360,740-779,71-80,37-43,MT,Refinance,Primary,Single Family,ServicerB,2019
LN0003018,2021-11,115000,7.11,240,700-739,91-95,37-43,SD,Purchase,Primary,Condo,ServicerE,2021
LN0003019,2020-06,97000,4.999,360,<620,<=60,29-36,ND,Purchase,Primary,Condo,ServicerC,2020
LN0003020,2019-11,104000,4.125,180,740-779,91-95,37-43,,Refinance,Primary,Condo,ServicerD,2019
LN0003021,2018-12,86000,5.125,180,660-699,71-80,44-50,ID,Purchase,Primary,Condo,ServicerB,2018
LN0003022,2022-09,112000,3.25,360,700-739,61-70,<=28,WY,Refinance,Secondary,Multi-Family,ServicerB,2022
LN0003023,2018-05,147000,3.375,360,740-779,<=60,44-50,NH,Purchase,Investment,Condo,ServicerB,2018
LN0003024,2021-11,197000,3.375,180,660-699,<=60,<=28,VT,Refinance,Primary,Single Family,ServicerD,2021
LN0003025,2020-04,93000,3.25,360,<620,61-70,29-36,NE,Refinance,Investment,Co-op,ServicerC,2020
LN0003026,2020-01,131000,7.0,360,,71-80,37-43,NE,Purchase,Primary,Multi-Family,ServicerD,2020
LN0003027,2019-02,113000,5.375,360,780+,96-100,>50,MT,Purchase,Primary,Condo,ServicerA,2019
LN0003028,2019-11,122000,2.5,360,740-779,81-90,44-50,NH,Purchase,Secondary,Multi-Family,ServicerD,2019
LN0003029,2021-06,122000,2.875,360,740-779,,37-43,ID,Purchase,Primary,Multi-Family,ServicerC,2021
LN0003030,2018-03,134000,3.11,360,740-779,<=60,>50,NH,Refinance,Primary,PUD,ServicerE,2018
LN0003031,2020-10,94000,2.125,360,620-659,81-90,29-36,NE,Purchase,Primary,PUD,ServicerA,2020
LN0003032,2018-07,141000,4.625,360,700-739,71-80,37-43,SD,Purchase,Primary,Condo,ServicerB,2018
LN0003033,2019-01,314000,2.875,360,740-779,91-95,44-50,ID,Purchase,Primary,Condo,ServicerB,2019
LN0003034,2018-10,535000,7.125,360,620-659,71-80,29-36,NE,Other,Primary,Single Family,ServicerC,2018
LN0003035,2021-12,413000,4.25,360,660-699,<=60,44-50,AK,Purchase,Primary,Single Family,ServicerD,2021
LN0003036,2022-03,79000,3.25,360,660-699,71-80,37-43,VT,Refinance,Primary,Condo,ServicerD,2022
LN0003037,2020-02,72000,3.25,180,700-739,<=60,37-43,SD,Purchase,Primary,Single Family,ServicerC,2020
LN0003038,2019-03,112000,5.0,360,780+,71-80,44-50,KS,Purchase,Primary,Multi-Family,ServicerC,2019
LN0003039,2021-02,176000,3.99,360,<620,81-90,37-43,NE,Refinance,Primary,Co-op,ServicerD,2021
LN0003040,2022-06,122000,9.24,360,700-739,71-80,37-43,NM,Purchase,Primary,Co-op,ServicerC,2022
LN0003041,2018-01,105000,3.32,180,620-659,71-80,29-36,NE,Purchase,Primary,PUD,ServicerE,2018
LN0003042,2020-11,200000,5.5,180,780+,<=60,<=28,NE,Purchase,Primary,Co-op,ServicerB,2020
LN0003043,2019-12,175000,4.0,360,620-659,71-80,>50,HI,Cash-Out Refinance,Primary,Co-op,ServicerC,2019
LN0003044,2022-02,264000,2.375,180,700-739,61-70,44-50,NE,Refinance,Primary,PUD,ServicerE,2022
LN0003045,2019-08,222000,6.75,360,740-779,<=60,44-50,NE,Refinance,Primary,Multi-Family,ServicerC,2019
LN0003046,2019-06,219000,5.875,360,740-779,96-100,>50,NE,Cash-Out Refinance,Primary,PUD,ServicerA,2019
LN0003047,2022-11,126000,3.25,360,700-739,61-70,37-43,NV,Purchase,Primary,Single Family,ServicerA,2022
LN0003048,2020-08,163000,2.99,360,660-699,<=60,29-36,NM,Refinance,Primary,PUD,ServicerA,2020
LN0003049,2019-01,53000,2.75,120,700-739,61-70,37-43,NM,Cash-Out Refinance,Primary,Single Family,ServicerE,2019
LN0003050,2021-06,203000,3.25,240,660-699,61-70,44-50,ID,Cash-Out Refinance,Primary,PUD,ServicerA,2021
LN0003051,2019-05,198000,10.25,360,660-699,61-70,37-43,NE,Purchase,Primary,Multi-Family,ServicerA,2019
LN0003052,2018-08,301000,2.875,360,700-739,81-90,44-50,MT,Cash-Out Refinance,Primary,Multi-Family,ServicerA,2018
LN0003053,2021-09,195000,3.125,180,660-699,91-95,37-43,KS,Purchase,Investment,PUD,ServicerA,2021
LN0003054,2020-09,286000,4.21,360,660-699,<=60,44-50,,Purchase,Investment,Single Family,ServicerD,2020
LN0003055,2021-04,285000,7.25,240,740-779,81-90,44-50,SD,Cash-Out Refinance,Primary,PUD,ServicerC,2021
LN0003056,2022-03,266000,4.125,360,780+,81-90,44-50,NM,Refinance,Primary,Co-op,ServicerD,2022
LN0003057,2022-06,148000,4.25,360,740-779,91-95,37-43,NM,Purchase,Primary,Single Family,ServicerD,2022
LN0003058,2020-12,306000,5.25,120,<620,81-90,44-50,NM,Cash-Out Refinance,Primary,PUD,ServicerD,2020
LN0003059,2021-05,94000,2.75,360,<620,<=60,44-50,ID,Purchase,Primary,Multi-Family,ServicerA,2021
LN0003060,2022-09,291000,2.625,360,780+,71-80,>50,SD,Refinance,Primary,Co-op,ServicerB,2022
LN0003061,2019-02,121000,5.99,180,660-699,91-95,44-50,WV,Purchase,Primary,Single Family,ServicerC,2019
LN0003062,2022-03,180000,6.5,240,620-659,96-100,<=28,DE,Refinance,Secondary,Single Family,ServicerB,2022
LN0003063,2021-05,107000,3.125,360,700-739,96-100,44-50,NV,Cash-Out Refinance,Primary,Condo,ServicerC,2021
LN0003064,2020-09,165000,2.875,360,740-779,<=60,44-50,NE,Cash-Out Refinance,Primary,Co-op,ServicerB,2020
LN0003065,2020-08,136000,3.0,240,740-779,91-95,37-43,ID,Purchase,Primary,Multi-Family,ServicerE,2020
LN0003066,2018-11,114000,3.375,360,660-699,61-70,44-50,,Refinance,Primary,Condo,ServicerA,2018
LN0003067,2022-07,426000,2.4,180,<620,71-80,37-43,ND,Refinance,Primary,Multi-Family,ServicerA,2022
LN0003068,2019-01,122000,10.84,360,780+,81-90,37-43,DE,Purchase,Primary,PUD,ServicerE,2019
LN0003069,2022-06,238000,2.875,360,660-699,96-100,29-36,NV,Purchase,Primary,Single Family,ServicerB,2022
LN0003070,2022-04,158000,6.0,360,740-779,61-70,<=28,WY,Purchase,Primary,Multi-Family,ServicerB,2022
LN0003071,2020-12,256000,11.5,360,740-779,71-80,<=28,RI,Cash-Out Refinance,Primary,PUD,ServicerB,2020
LN0003072,2018-11,226000,2.99,240,740-779,<=60,<=28,WV,Other,Primary,PUD,ServicerD,2018
LN0003073,2022-07,151000,6.25,360,660-699,71-80,37-43,WY,Purchase,Primary,Multi-Family,ServicerC,2022
LN0003074,2019-09,111000,3.125,180,660-699,71-80,>50,DE,Purchase,Primary,Single Family,ServicerC,2019
LN0003075,2021-09,210000,6.125,360,700-739,<=60,37-43,NM,Purchase,Primary,Condo,ServicerA,2021
LN0003076,2019-10,120000,2.125,180,780+,61-70,29-36,NM,Purchase,Primary,Multi-Family,ServicerC,2019
LN0003077,2020-06,43000,5.375,360,780+,96-100,44-50,AK,Purchase,Primary,Condo,ServicerC,2020
LN0003078,2021-11,194000,3.74,180,620-659,61-70,44-50,HI,Purchase,Primary,Co-op,ServicerA,2021
LN0003079,2020-02,222000,3.25,360,620-659,81-90,37-43,NH,Cash-Out Refinance,Primary,Multi-Family,ServicerB,2020
LN0003080,2018-09,230000,7.74,360,780+,<=60,44-50,NM,Refinance,Primary,Single Family,ServicerA,2018
LN0003081,2018-01,163000,2.875,360,740-779,61-70,44-50,WY,Purchase,Primary,Multi-Family,ServicerD,2018
LN0003082,2019-03,141000,7.75,180,780+,61-70,44-50,RI,Cash-Out Refinance,Primary,Condo,ServicerE,2019
LN0003083,2018-04,95000,7.125,360,660-699,<=60,44-50,SD,Purchase,Primary,Co-op,ServicerC,2018
LN0003084,2018-08,134000,10.49,120,700-739,81-90,37-43,VT,Refinance,Primary,Single Family,ServicerB,2018
LN0003085,2019-02,242000,1.75,240,740-779,81-90,37-43,NH,Purchase,Primary,Multi-Family,ServicerC,2019
LN0003086,2018-10,79000,4.0,360,,<=60,44-50,ID,Refinance,Primary,Single Family,ServicerB,2018
LN0003087,2021-11,105000,4.125,240,700-739,<=60,29-36,MT,Purchase,Primary,PUD,ServicerD,2021
LN0003088,2021-09,155000,2.25,360,<620,96-100,37-43,WY,Purchase,Primary,Condo,ServicerA,2021
LN0003089,2022-12,127000,4.125,180,700-739,>100,>50,NE,Refinance,Investment,Single Family,ServicerB,2022
LN0003090,2022-05,375000,3.5,360,660-699,96-100,37-43,ID,Purchase,Primary,Co-op,ServicerC,2022
LN0003091,2018-06,329000,3.25,360,700-739,71-80,44-50,ND,Purchase,Primary,Co-op,ServicerE,2018
LN0003092,2019-10,99000,2.25,360,780+,,29-36,WV,Purchase,Primary,Single Family,ServicerC,2019
LN0003093,2018-01,68000,3.375,180,700-739,71-80,44-50,ID,Refinance,Primary,Multi-Family,ServicerC,2018
LN0003094,2019-11,179000,3.125,120,780+,71-80,<=28,ID,Purchase,Primary,Multi-Family,ServicerD,2019
LN0003095,2021-02,236000,2.875,180,620-659,71-80,,NE,Purchase,Primary,Multi-Family,ServicerA,2021
LN0003096,2021-11,413000,4.0,360,740-779,61-70,37-43,NV,Purchase,Secondary,Co-op,ServicerC,2021
LN0003097,2018-06,176000,2.875,120,780+,<=60,37-43,NE,Purchase,Primary,PUD,ServicerC,2018
LN0003098,2022-12,128000,3.25,180,620-659,91-95,37-43,NH,Purchase,Primary,Single Family,ServicerB,2022
LN0003099,2021-06,381000,3.125,360,<620,71-80,44-50,KS,Purchase,Primary,PUD,ServicerA,2021
LN0003100,2018-10,177000,5.25,360,700-739,<=60,37-43,NE,Cash-Out Refinance,Primary,Multi-Family,ServicerD,2018
LN0003101,2020-09,166000,4.99,360,620-659,<=60,37-43,MS,Purchase,Primary,PUD,ServicerE,2020
LN0003102,2018-12,241000,3.375,360,740-779,<=60,37-43,WY,Purchase,Primary,Co-op,ServicerC,2018
LN0003103,2018-05,56000,2.625,360,780+,91-95,<=28,NH,Refinance,Primary,Single Family,ServicerE,2018
LN0003104,2018-04,358000,7.125,360,700-739,96-100,37-43,ID,Purchase,Primary,Co-op,ServicerD,2018
LN0003105,2022-02,254000,3.5,180,660-699,81-90,>50,KS,Cash-Out Refinance,Primary,Condo,ServicerA,2022
LN0003106,2018-12,290000,3.875,360,700-739,81-90,44-50,KS,Refinance,Primary,Multi-Family,ServicerB,2018
LN0003107,2019-09,62000,8.625,360,740-779,71-80,29-36,NE,Other,Primary,PUD,ServicerC,2019
LN0003108,2021-04,206000,6.125,240,<620,96-100,44-50,,Purchase,Primary,Multi-Family,ServicerA,2021
LN0003109,2019-09,156000,2.79,360,700-739,<=60,37-43,DE,Refinance,Primary,Multi-Family,ServicerC,2019
LN0003110,2019-10,161000,3.25,360,740-779,61-70,29-36,ID,Refinance,Investment,Multi-Family,ServicerA,2019
LN0003111,2019-09,123000,5.0,360,740-779,71-80,44-50,NE,Cash-Out Refinance,Primary,Condo,ServicerA,2019
LN0003112,2022-07,112000,5.75,360,660-699,71-80,37-43,NE,Refinance,Investment,PUD,ServicerC,2022
LN0003113,2018-11,217000,6.5,360,740-779,>100,29-36,NE,Purchase,Primary,Co-op,ServicerE,2018
LN0003114,2022-06,151000,3.75,360,620-659,<=60,29-36,KS,Purchase,Primary,Single Family,ServicerB,2022
LN0003115,2021-12,87000,4.74,180,620-659,81-90,37-43,RI,Cash-Out Refinance,Primary,Co-op,ServicerA,2021
LN0003116,2021-02,244000,5.89,360,780+,81-90,44-50,,Purchase,Primary,Single Family,ServicerA,2021
LN0003117,2019-03,250000,3.375,360,740-779,91-95,37-43,ID,Cash-Out Refinance,Investment,Single Family,ServicerA,2019
LN0003118,2022-07,338000,5.75,120,<620,<=60,44-50,ID,Refinance,Primary,Multi-Family,ServicerD,2022
LN0003119,2022-06,256000,7.0,360,660-699,<=60,37-43,WV,Purchase,Primary,Multi-Family,ServicerE,2022
LN0003120,2019-09,90000,6.25,360,660-699,96-100,<=28,SD,Purchase,Primary,Condo,ServicerA,2019
LN0003121,2022-08,180000,2.722,360,660-699,<=60,>50,NM,Purchase,Primary,Single Family,ServicerE,2022
LN0003122,2020-06,121000,4.875,360,660-699,91-95,<=28,NE,Cash-Out Refinance,Primary,Condo,ServicerE,2020
LN0003123,2022-06,237000,4.5,180,<620,71-80,44-50,MT,Refinance,Primary,Single Family,ServicerA,2022
LN0003124,2020-07,196000,5.49,360,700-739,91-95,37-43,NE,Cash-Out Refinance,Primary,Single Family,ServicerE,2020
LN0003125,2021-12,92000,2.75,360,740-779,,37-43,WV,Purchase,Primary,PUD,ServicerE,2021
LN0003126,2020-10,143000,5.375,120,,71-80,29-36,WY,Purchase,Primary,Condo,ServicerB,2020
LN0003127,2019-10,97000,3.0,360,740-779,91-95,44-50,AK,Purchase,Primary,Multi-Family,ServicerD,2019
LN0003128,2022-04,233000,2.992,360,620-659,71-80,<=28,NE,Refinance,Primary,Single Family,ServicerB,2022
LN0003129,2021-09,227000,6.625,360,780+,71-80,44-50,WY,Cash-Out Refinance,Primary,Multi-Family,ServicerC,2021
LN0003130,2020-06,84000,3.625,180,780+,91-95,29-36,NE,Purchase,Primary,Single Family,ServicerE,2020
LN0003131,2021-08,112000,3.625,360,740-779,61-70,>50,ND,Purchase,Primary,Co-op,ServicerD,2021
LN0003132,2021-01,206000,2.625,360,780+,<=60,29-36,NM,Purchase,Primary,Co-op,ServicerB,2021
LN0003133,2018-05,319000,3.125,360,780+,61-70,,ID,Purchase,Primary,Single Family,ServicerE,2018
LN0003134,2022-01,132000,7.0,360,700-739,<=60,<=28,NH,Purchase,Primary,Co-op,ServicerD,2022
LN0003135,2022-03,77000,2.875,240,660-699,<=60,44-50,SD,Purchase,Primary,Multi-Family,ServicerA,2022
LN0003136,2020-01,675000,2.5,360,740-779,<=60,37-43,KS,Purchase,Primary,Condo,ServicerA,2020
LN0003137,2020-04,380000,6.75,240,740-779,71-80,44-50,ID,Refinance,Primary,PUD,ServicerA,2020
LN0003138,2019-06,114000,3.625,360,,<=60,29-36,NE,Refinance,Primary,Single Family,ServicerB,2019
LN0003139,2018-12,144000,3.25,360,700-739,71-80,29-36,ND,Purchase,Primary,Multi-Family,ServicerA,2018
LN0003140,2020-09,209000,4.375,240,<620,<=60,37-43,MT,Purchase,Primary,Condo,ServicerD,2020
LN0003141,2022-09,84000,6.75,360,660-699,<=60,44-50,NE,Purchase,Primary,Multi-Family,ServicerC,2022
LN0003142,2022-10,184000,3.25,180,780+,81-90,37-43,NH,Refinance,Primary,PUD,ServicerC,2022
LN0003143,2019-02,109000,3.99,360,700-739,71-80,29-36,ID,Refinance,Primary,PUD,ServicerC,2019
LN0003144,2018-08,166000,2.625,360,700-739,96-100,37-43,AK,Purchase,Primary,Multi-Family,ServicerE,2018
LN0003145,2020-03,175000,6.375,180,660-699,<=60,>50,DE,Refinance,Primary,Single Family,ServicerA,2020
LN0003146,2019-05,120000,7.0,360,660-699,96-100,,ND,Cash-Out Refinance,Primary,Co-op,ServicerC,2019
LN0003147,2020-10,77000,3.125,360,780+,<=60,37-43,NM,Purchase,Primary,Multi-Family,ServicerD,2020
LN0003148,2019-04,80000,2.5,120,740-779,71-80,37-43,HI,Refinance,Primary,Co-op,ServicerB,2019
LN0003149,2020-05,164000,6.0,360,740-779,96-100,37-43,WY,Refinance,Investment,Condo,ServicerC,2020
LN0003150,2018-10,132000,2.875,360,700-739,<=60,29-36,HI,Purchase,Primary,Co-op,ServicerD,2018
LN0003151,2021-10,77000,3.75,180,740-779,61-70,37-43,VT,Purchase,Secondary,Condo,ServicerB,2021
LN0003152,2019-12,303000,5.49,360,660-699,96-100,29-36,MT,Purchase,Primary,PUD,ServicerB,2019
LN0003153,2018-12,120000,6.615,360,,96-100,<=28,RI,Cash-Out Refinance,Investment,PUD,ServicerC,2018
LN0003154,2020-08,680000,2.875,360,700-739,71-80,29-36,NH,Purchase,Primary,Co-op,ServicerE,2020
LN0003155,2019-08,334000,3.25,360,700-739,71-80,37-43,MS,Purchase,Primary,Co-op,ServicerD,2019
LN0003156,2022-02,402000,3.75,180,740-779,91-95,>50,ID,Purchase,Primary,Multi-Family,ServicerC,2022
LN0003157,2022-11,153000,7.125,180,780+,61-70,44-50,HI,Refinance,Primary,Multi-Family,ServicerA,2022
LN0003158,2020-01,88000,5.5,180,<620,81-90,37-43,RI,Purchase,Primary,Multi-Family,ServicerB,2020
LN0003159,2022-07,149000,3.187,360,780+,61-70,44-50,NE,Purchase,Primary,Co-op,ServicerB,2022
LN0003160,2018-01,80000,3.875,240,660-699,61-70,<=28,NE,Refinance,Primary,Condo,ServicerB,2018
LN0003161,2020-06,168000,2.625,360,700-739,61-70,37-43,MS,Purchase,Primary,PUD,ServicerB,2020
LN0003162,2021-07,206000,2.75,360,<620,>100,<=28,RI,Cash-Out Refinance,Primary,PUD,ServicerC,2021
LN0003163,2018-04,43000,2.75,360,660-699,71-80,>50,KS,Purchase,Primary,Co-op,ServicerE,2018
LN0003164,2022-01,94000,3.25,360,700-739,96-100,44-50,ND,Purchase,Primary,Condo,ServicerB,2022
LN0003165,2021-01,164000,5.95,360,<620,91-95,29-36,HI,Purchase,Primary,PUD,ServicerE,2021
LN0003166,2020-09,221000,4.625,120,700-739,71-80,37-43,ID,Refinance,Primary,Multi-Family,ServicerA,2020
LN0003167,2018-06,116000,6.5,180,780+,<=60,>50,WV,Refinance,Primary,Condo,ServicerA,2018
LN0003168,2022-10,44000,3.99,360,620-659,<=60,37-43,WV,Cash-Out Refinance,Primary,Co-op,ServicerD,2022
LN0003169,2019-06,83000,4.0,180,740-779,96-100,>50,DE,Purchase,Primary,PUD,ServicerB,2019
LN0003170,2022-12,119000,2.625,360,700-739,81-90,,RI,Refinance,Primary,Single Family,ServicerE,2022
LN0003171,2019-03,100000,2.99,360,740-779,<=60,37-43,KS,Refinance,Primary,Co-op,ServicerE,2019
LN0003172,2018-11,349000,7.625,360,660-699,71-80,44-50,DE,Purchase,Primary,Condo,ServicerD,2018
LN0003173,2021-08,103000,3.99,360,620-659,91-95,29-36,NH,Cash-Out Refinance,Primary,PUD,ServicerD,2021
LN0003174,2022-10,72000,3.75,360,620-659,<=60,,NH,Purchase,Primary,Single Family,ServicerB,2022
LN0003175,2022-02,130000,2.5,360,<620,96-100,44-50,WV,Purchase,Primary,Multi-Family,ServicerC,2022
LN0003176,2019-07,195000,2.875,360,620-659,<=60,44-50,DE,Refinance,Primary,PUD,ServicerB,2019
LN0003177,2020-07,468000,2.75,360,740-779,<=60,29-36,NM,Purchase,Investment,Single Family,ServicerD,2020
LN0003178,2019-03,114000,2.5,360,780+,<=60,,NM,Purchase,Primary,Condo,ServicerE,2019
LN0003179,2020-02,44000,3.875,120,740-779,61-70,37-43,NH,Purchase,Primary,Single Family,ServicerE,2020
LN0003180,2021-10,206000,4.5,360,740-779,71-80,,NM,Purchase,Primary,Condo,ServicerE,2021
LN0003181,2018-09,90000,2.625,180,620-659,<=60,<=28,NE,Refinance,Investment,Multi-Family,ServicerA,2018
LN0003182,2021-05,453000,5.43,360,660-699,71-80,44-50,ID,Refinance,Primary,Multi-Family,ServicerA,2021
LN0003183,2018-07,102000,6.75,360,660-699,91-95,29-36,WY,Purchase,Primary,PUD,ServicerE,2018
LN0003184,2022-07,197000,4.75,360,660-699,>100,>50,VT,Refinance,Primary,Multi-Family,ServicerB,2022
LN0003185,2019-03,275000,3.75,360,700-739,<=60,37-43,ID,Purchase,Investment,Multi-Family,ServicerD,2019
LN0003186,2021-09,173000,6.75,360,700-739,61-70,44-50,ID,Cash-Out Refinance,Investment,Single Family,ServicerD,2021
LN0003187,2019-08,52000,7.75,360,660-699,61-70,37-43,NH,Refinance,Primary,Condo,ServicerE,2019
LN0003188,2021-11,181000,4.375,360,660-699,,44-50,RI,Purchase,Primary,Multi-Family,ServicerA,2021
LN0003189,2022-04,359000,8.75,180,780+,71-80,<=28,NM,Refinance,Primary,Co-op,ServicerE,2022
LN0003190,2022-10,141000,3.75,120,740-779,96-100,37-43,ID,Refinance,Secondary,Single Family,ServicerD,2022
LN0003191,2022-04,152000,6.875,360,660-699,71-80,>50,AK,Purchase,Primary,Condo,ServicerB,2022
LN0003192,2019-02,274000,1.74,360,780+,81-90,<=28,KS,Refinance,Primary,Co-op,ServicerC,2019
LN0003193,2020-07,98000,6.95,360,780+,96-100,37-43,NV,Cash-Out Refinance,Primary,Co-op,ServicerE,2020
LN0003194,2020-11,211000,4.5,360,660-699,71-80,>50,NH,Refinance,Primary,Single Family,ServicerB,2020
LN0003195,2022-02,166000,2.625,360,660-699,96-100,44-50,WY,Purchase,Primary,Condo,ServicerA,2022
LN0003196,2018-11,173000,7.125,360,700-739,<=60,37-43,NE,Refinance,Primary,Multi-Family,ServicerD,2018
LN0003197,2021-07,171000,3.0,240,780+,91-95,37-43,RI,Purchase,Primary,Co-op,ServicerD,2021
LN0003198,2020-06,158000,2.875,360,780+,<=60,,NM,Other,Primary,Co-op,ServicerA,2020
LN0003199,2019-06,86000,2.5,120,620-659,61-70,37-43,KS,Purchase,Primary,Condo,ServicerB,2019
LN0003200,2020-10,99000,5.75,180,700-739,81-90,37-43,VT,Refinance,Primary,PUD,ServicerE,2020
LN0003201,2018-05,145000,3.0,360,,<=60,44-50,ID,Purchase,Secondary,Condo,ServicerE,2018
LN0003202,2019-06,302000,2.875,360,700-739,91-95,37-43,VT,Cash-Out Refinance,Primary,Multi-Family,ServicerC,2019
LN0003203,2022-08,92000,3.125,360,620-659,91-95,44-50,ID,Refinance,Primary,Co-op,ServicerC,2022
LN0003204,2022-03,145000,3.125,180,780+,61-70,<=28,DE,Refinance,Primary,Multi-Family,ServicerB,2022
LN0003205,2021-01,348000,6.5,360,740-779,96-100,,NE,Other,Primary,PUD,ServicerA,2021
LN0003206,2019-04,226000,3.375,360,780+,<=60,>50,ND,Cash-Out Refinance,Primary,Single Family,ServicerC,2019
LN0003207,2020-03,265000,8.55,120,780+,71-80,<=28,NM,Refinance,Primary,Multi-Family,ServicerD,2020
LN0003208,2018-02,92000,4.0,180,740-779,71-80,37-43,SD,Cash-Out Refinance,Primary,Condo,ServicerE,2018
LN0003209,2018-04,111000,3.0,360,700-739,96-100,37-43,WY,Cash-Out Refinance,Primary,Co-op,ServicerC,2018
LN0003210,2022-03,375000,3.25,360,740-779,71-80,37-43,NM,Refinance,Primary,Multi-Family,ServicerC,2022
LN0003211,2020-01,315000,2.75,360,620-659,71-80,44-50,VT,Purchase,Secondary,Multi-Family,ServicerB,2020
LN0003212,2020-12,106000,7.0,360,740-779,71-80,<=28,NM,Purchase,Primary,PUD,ServicerA,2020
LN0003213,2018-05,77000,2.875,360,620-659,91-95,<=28,MT,Cash-Out Refinance,Primary,Co-op,ServicerE,2018
LN0003214,2021-08,76000,6.249,180,740-779,61-70,44-50,ID,Cash-Out Refinance,Primary,Co-op,ServicerE,2021
LN0003215,2018-06,114000,4.125,120,660-699,61-70,44-50,ND,Cash-Out Refinance,Primary,Multi-Family,ServicerA,2018
LN0003216,2019-12,68000,2.25,360,620-659,<=60,37-43,ID,Purchase,Primary,PUD,ServicerB,2019
LN0003217,2022-04,223000,3.5,360,620-659,96-100,37-43,SD,Purchase,Primary,Single Family,ServicerD,2022
LN0003218,2019-09,95000,2.375,360,<620,<=60,44-50,SD,Purchase,Primary,PUD,ServicerB,2019
LN0003219,2022-05,86000,6.625,180,740-779,,29-36,ID,Refinance,Primary,Multi-Family,ServicerD,2022
LN0003220,2022-08,251000,3.25,360,740-779,<=60,>50,RI,Cash-Out Refinance,Primary,Condo,ServicerA,2022
LN0003221,2022-12,78000,2.25,360,700-739,<=60,37-43,DE,Purchase,Primary,Co-op,ServicerC,2022
LN0003222,2019-12,52000,2.375,360,620-659,>100,44-50,AK,Cash-Out Refinance,Primary,Co-op,ServicerC,2019
LN0003223,2018-07,78000,3.75,360,620-659,96-100,44-50,NE,Cash-Out Refinance,Primary,PUD,ServicerA,2018
LN0003224,2022-11,97000,7.55,360,<620,81-90,,ND,Purchase,Primary,PUD,ServicerD,2022
LN0003225,2022-01,303000,2.75,360,620-659,96-100,44-50,NM,Refinance,Primary,Multi-Family,ServicerD,2022
LN0003226,2020-03,378000,2.75,180,780+,91-95,37-43,WY,Refinance,Primary,PUD,ServicerC,2020
LN0003227,2018-05,268000,4.24,360,660-699,81-90,37-43,NH,Refinance,Primary,Condo,ServicerE,2018
LN0003228,2019-12,99000,3.375,360,660-699,<=60,44-50,NE,Purchase,Investment,Condo,ServicerC,2019
LN0003229,2022-05,69000,2.25,180,620-659,<=60,44-50,NH,Refinance,Primary,Co-op,ServicerA,2022
LN0003230,2018-08,373000,3.375,360,660-699,81-90,<=28,,Refinance,Primary,Multi-Family,ServicerC,2018
LN0003231,2018-02,135000,3.25,360,700-739,<=60,44-50,DE,Purchase,Primary,Multi-Family,ServicerB,2018
LN0003232,2021-11,165000,2.875,360,740-779,81-90,44-50,NM,Purchase,Primary,Multi-Family,ServicerE,2021
LN0003233,2020-11,186000,3.375,360,660-699,<=60,>50,NV,Purchase,Primary,Condo,ServicerD,2020
LN0003234,2020-02,59000,6.75,360,,61-70,44-50,DE,Purchase,Primary,PUD,ServicerE,2020
LN0003235,2018-05,298000,3.5,360,700-739,61-70,>50,NH,Cash-Out Refinance,Primary,Single Family,ServicerB,2018
LN0003236,2021-04,92000,5.0,360,660-699,96-100,29-36,ND,Cash-Out Refinance,Primary,Condo,ServicerE,2021
LN0003237,2021-09,239000,3.0,360,660-699,<=60,37-43,SD,Purchase,Primary,Co-op,ServicerE,2021
LN0003238,2018-06,179000,2.75,360,780+,81-90,37-43,NM,Refinance,Primary,Co-op,ServicerE,2018
LN0003239,2021-10,63000,9.25,360,740-779,<=60,<=28,SD,Cash-Out Refinance,Primary,Co-op,ServicerC,2021
LN0003240,2022-02,253000,3.25,360,700-739,<=60,37-43,ID,Purchase,Primary,PUD,ServicerB,2022
LN0003241,2019-04,152000,3.75,180,700-739,71-80,>50,ID,Cash-Out Refinance,Investment,Co-op,ServicerD,2019
LN0003242,2022-08,279000,4.5,360,700-739,71-80,>50,MT,Refinance,Secondary,Co-op,ServicerA,2022
LN0003243,2022-12,119000,8.875,360,700-739,71-80,<=28,KS,Refinance,Primary,PUD,ServicerA,2022
LN0003244,2018-01,249000,2.75,240,740-779,<=60,37-43,NE,Purchase,Investment,Condo,ServicerA,2018
LN0003245,2019-09,78000,6.5,360,740-779,61-70,44-50,,Purchase,Primary,Co-op,ServicerD,2019
LN0003246,2020-06,94000,3.75,240,620-659,61-70,29-36,VT,Refinance,Primary,Co-op,ServicerE,2020
LN0003247,2021-07,204000,2.625,360,700-739,<=60,44-50,ND,Purchase,Primary,Multi-Family,ServicerB,2021
LN0003248,2019-01,222000,2.75,360,700-739,<=60,>50,AK,Cash-Out Refinance,Investment,Co-op,ServicerB,2019
LN0003249,2020-11,296000,3.375,360,780+,81-90,>50,ID,Purchase,Primary,Condo,ServicerD,2020
LN0003250,2020-06,99000,2.75,240,740-779,96-100,37-43,SD,Purchase,Investment,PUD,ServicerE,2020
LN0003251,2020-04,329000,2.0,360,700-739,<=60,37-43,NM,Purchase,Primary,Multi-Family,ServicerA,2020
LN0003252,2022-05,213000,4.5,360,620-659,<=60,37-43,NH,Refinance,Primary,Multi-Family,ServicerD,2022
LN0003253,2018-11,96000,2.5,180,740-779,71-80,44-50,NH,Purchase,Primary,Single Family,ServicerD,2018
LN0003254,2020-07,126000,8.625,180,620-659,81-90,<=28,ID,Purchase,Primary,Condo,ServicerC,2020
LN0003255,2018-09,93000,3.75,360,660-699,81-90,<=28,NM,Purchase,Primary,Condo,ServicerA,2018
LN0003256,2020-04,141000,3.875,360,620-659,71-80,37-43,NE,Refinance,Primary,PUD,ServicerB,2020
LN0003257,2019-06,380000,2.625,360,740-779,71-80,44-50,ID,Refinance,Primary,Multi-Family,ServicerB,2019
LN0003258,2021-11,228000,2.875,360,660-699,,44-50,ID,Refinance,Primary,Condo,ServicerD,2021
LN0003259,2019-02,51000,6.125,360,700-739,<=60,<=28,VT,Cash-Out Refinance,Primary,Co-op,ServicerE,2019
LN0003260,2021-09,206000,2.625,360,780+,<=60,44-50,SD,Purchase,Primary,Multi-Family,ServicerB,2021
LN0003261,2022-11,226000,6.875,180,660-699,71-80,37-43,WV,Refinance,Primary,Condo,ServicerE,2022
LN0003262,2019-07,71000,3.625,360,700-739,71-80,44-50,RI,Refinance,Primary,Condo,ServicerC,2019
LN0003263,2019-10,105000,6.75,360,700-739,61-70,29-36,NH,Purchase,Primary,Co-op,ServicerB,2019
LN0003264,2019-07,78000,4.0,180,<620,61-70,37-43,NM,Purchase,Primary,Single Family,ServicerC,2019
LN0003265,2020-10,317000,2.912,360,740-779,71-80,<=28,,Other,Primary,Single Family,ServicerB,2020
LN0003266,2020-08,76000,3.25,360,<620,<=60,44-50,MT,Cash-Out Refinance,Primary,Condo,ServicerB,2020
LN0003267,2022-03,378000,3.125,360,,91-95,44-50,NH,Purchase,Primary,Multi-Family,ServicerD,2022
LN0003268,2019-11,303000,2.75,360,700-739,81-90,44-50,NE,Refinance,Primary,Condo,ServicerB,2019
LN0003269,2019-10,93000,3.25,360,740-779,<=60,<=28,SD,Refinance,Primary,PUD,ServicerB,2019
LN0003270,2022-11,97000,6.25,360,740-779,71-80,>50,DE,Refinance,Primary,Multi-Family,ServicerE,2022
LN0003271,2019-03,208000,3.875,120,660-699,81-90,<=28,KS,Refinance,Primary,Single Family,ServicerC,2019
LN0003272,2020-12,154000,4.0,360,<620,96-100,44-50,NE,Purchase,Primary,Multi-Family,ServicerE,2020
LN0003273,2022-03,176000,2.125,120,740-779,<=60,37-43,AK,Purchase,Primary,Multi-Family,ServicerA,2022
LN0003274,2021-03,136000,2.875,360,700-739,96-100,37-43,ID,Purchase,Primary,PUD,ServicerC,2021
LN0003275,2022-03,135000,4.125,360,780+,71-80,37-43,NM,Purchase,Primary,Single Family,ServicerB,2022
LN0003276,2020-02,241000,3.49,240,780+,<=60,44-50,RI,Other,Primary,Condo,ServicerC,2020
LN0003277,2022-09,188000,2.75,360,780+,61-70,44-50,HI,Refinance,Primary,Multi-Family,ServicerA,2022
LN0003278,2018-03,128000,2.75,120,700-739,<=60,37-43,DE,Purchase,Primary,Multi-Family,ServicerE,2018
LN0003279,2020-03,307000,3.5,360,660-699,71-80,44-50,NE,Purchase,Primary,Co-op,ServicerB,2020
LN0003280,2018-06,155000,3.125,360,740-779,<=60,44-50,MT,Refinance,Primary,Single Family,ServicerB,2018
LN0003281,2021-07,154000,5.25,180,700-739,71-80,37-43,RI,Refinance,Primary,Co-op,ServicerA,2021
LN0003282,2020-08,249000,1.75,360,620-659,81-90,37-43,DE,Cash-Out Refinance,Primary,Condo,ServicerA,2020
LN0003283,2020-03,110000,5.0,180,780+,71-80,44-50,MS,Purchase,Primary,Multi-Family,ServicerA,2020
LN0003284,2019-02,270000,3.25,360,780+,71-80,37-43,NM,Cash-Out Refinance,Primary,Condo,ServicerB,2019
LN0003285,2019-03,55000,3.5,360,700-739,96-100,37-43,VT,Purchase,Primary,Co-op,ServicerA,2019
LN0003286,2018-10,81000,4.0,360,<620,96-100,37-43,DE,Purchase,Primary,Multi-Family,ServicerA,2018
LN0003287,2022-05,206000,2.875,180,700-739,<=60,44-50,NE,Refinance,Primary,Multi-Family,ServicerC,2022
LN0003288,2022-10,202000,1.0,360,740-779,<=60,37-43,AK,Refinance,Primary,Multi-Family,ServicerE,2022
LN0003289,2022-04,179000,4.0,360,780+,81-90,,MT,Refinance,Primary,Co-op,ServicerE,2022
LN0003290,2022-04,340000,3.74,180,660-699,91-95,37-43,ID,Refinance,Primary,Co-op,ServicerA,2022
LN0003291,2019-11,173000,2.25,180,<620,71-80,44-50,MT,Refinance,Primary,PUD,ServicerA,2019
LN0003292,2018-06,139000,3.25,360,780+,71-80,29-36,NM,Refinance,Primary,Single Family,ServicerC,2018
LN0003293,2018-12,179000,2.875,360,700-739,<=60,37-43,NE,Other,Primary,Co-op,ServicerA,2018
LN0003294,2021-03,182000,4.374,180,,91-95,37-43,SD,Refinance,Primary,PUD,ServicerD,2021
LN0003295,2022-10,221000,6.375,180,780+,<=60,37-43,NE,Refinance,Primary,PUD,ServicerE,2022
LN0003296,2021-12,167000,2.89,360,<620,71-80,44-50,MT,Refinance,Primary,Multi-Family,ServicerC,2021
LN0003297,2020-03,312000,2.875,360,740-779,<=60,44-50,NH,Refinance,Secondary,PUD,ServicerE,2020
LN0003298,2021-08,217000,7.0,360,<620,,44-50,ID,Cash-Out Refinance,Primary,PUD,ServicerD,2021
LN0003299,2021-03,243000,3.625,240,660-699,<=60,44-50,AK,Purchase,Investment,Single Family,ServicerC,2021
LN0003300,2019-04,261000,2.5,240,740-779,81-90,37-43,NE,Refinance,Primary,Single Family,ServicerD,2019
LN0003301,2019-01,68000,2.875,120,700-739,81-90,>50,NH,Refinance,Primary,Condo,ServicerB,2019
LN0003302,2021-01,179000,3.25,360,780+,71-80,,ID,Purchase,Primary,Condo,ServicerD,2021
LN0003303,2020-07,100000,4.5,360,700-739,96-100,>50,SD,Purchase,Primary,Multi-Family,ServicerC,2020
LN0003304,2019-12,123000,4.0,360,660-699,71-80,>50,SD,Refinance,Primary,PUD,ServicerE,2019
LN0003305,2019-04,112000,2.99,180,660-699,<=60,<=28,MT,Purchase,Primary,PUD,ServicerC,2019
LN0003306,2018-03,438000,5.375,360,660-699,>100,37-43,NV,Purchase,Primary,Co-op,ServicerC,2018
LN0003307,2021-10,379000,5.875,360,660-699,96-100,<=28,ID,Refinance,Primary,Multi-Family,ServicerE,2021
LN0003308,2021-12,136000,6.183,360,<620,71-80,44-50,NV,Other,Primary,Multi-Family,ServicerD,2021
LN0003309,2020-08,200000,2.25,240,660-699,61-70,44-50,MT,Refinance,Primary,Condo,ServicerD,2020
LN0003310,2019-07,33000,3.25,360,700-739,71-80,37-43,NH,Refinance,Primary,Condo,ServicerE,2019
LN0003311,2021-01,349000,3.125,360,740-779,81-90,37-43,KS,Refinance,Primary,Multi-Family,ServicerE,2021
LN0003312,2022-12,161000,4.25,120,740-779,71-80,<=28,NM,Other,Primary,Co-op,ServicerC,2022
LN0003313,2021-12,36000,5.875,360,740-779,81-90,29-36,NH,Refinance,Primary,Co-op,ServicerC,2021
LN0003314,2020-07,123000,2.875,360,<620,<=60,44-50,NE,Cash-Out Refinance,Primary,Condo,ServicerC,2020
LN0003315,2022-12,254000,4.3,360,660-699,<=60,29-36,KS,Cash-Out Refinance,Primary,Condo,ServicerB,2022
LN0003316,2022-10,77000,6.75,180,740-779,61-70,44-50,WY,Purchase,Primary,Single Family,ServicerD,2022
LN0003317,2022-09,141000,3.5,360,700-739,<=60,37-43,SD,Purchase,Primary,Condo,ServicerA,2022
LN0003318,2018-09,203000,2.49,180,<620,81-90,37-43,NV,Purchase,Primary,Single Family,ServicerE,2018
LN0003319,2018-08,116000,2.625,180,740-779,71-80,37-43,SD,Purchase,Primary,Condo,ServicerD,2018
LN0003320,2021-01,177000,2.375,360,740-779,71-80,44-50,KS,Purchase,Primary,Condo,ServicerB,2021
LN0003321,2019-09,128000,3.25,360,700-739,<=60,37-43,NM,Purchase,Primary,Condo,ServicerE,2019
LN0003322,2022-07,101000,3.0,360,<620,81-90,37-43,NH,Refinance,Primary,Multi-Family,ServicerD,2022
LN0003323,2018-09,260000,3.25,360,740-779,<=60,44-50,VT,Cash-Out Refinance,Primary,Multi-Family,ServicerC,2018
LN0003324,2021-09,222000,3.375,240,700-739,>100,44-50,DE,Cash-Out Refinance,Primary,Single Family,ServicerA,2021
LN0003325,2018-04,289000,5.75,180,740-779,81-90,37-43,RI,Cash-Out Refinance,Primary,Condo,ServicerD,2018
LN0003326,2020-08,111000,3.625,360,740-779,71-80,44-50,DE,Refinance,Primary,Co-op,ServicerC,2020
LN0003327,2021-05,536000,2.25,360,740-779,81-90,37-43,NH,Purchase,Primary,Co-op,ServicerE,2021
LN0003328,2020-08,80000,2.5,360,700-739,71-80,37-43,RI,Purchase,Primary,Multi-Family,ServicerA,2020
LN0003329,2019-07,380000,9.01,360,620-659,61-70,44-50,NH,Refinance,Primary,Co-op,ServicerB,2019
LN0003330,2020-10,168000,7.0,180,740-779,71-80,44-50,ID,Cash-Out Refinance,Primary,PUD,ServicerC,2020
LN0003331,2018-12,90000,3.375,360,740-779,81-90,44-50,ND,Refinance,Primary,Multi-Family,ServicerD,2018
LN0003332,2022-03,183000,3.625,360,740-779,71-80,37-43,NE,Refinance,Primary,Multi-Family,ServicerA,2022
LN0003333,2021-11,91000,2.625,180,620-659,96-100,37-43,RI,Refinance,Primary,Single Family,ServicerA,2021
LN0003334,2021-02,220000,2.875,180,620-659,71-80,,MT,Refinance,Primary,PUD,ServicerA,2021
LN0003335,2022-02,95000,2.875,360,780+,71-80,29-36,AK,Purchase,Primary,Multi-Family,ServicerE,2022
LN0003336,2019-10,144000,2.75,360,740-779,<=60,29-36,MT,Purchase,Primary,PUD,ServicerE,2019
LN0003337,2022-03,241000,5.99,360,780+,<=60,44-50,RI,Cash-Out Refinance,Primary,Condo,ServicerB,2022
LN0003338,2021-07,187000,5.81,360,740-779,<=60,37-43,WY,Refinance,Primary,PUD,ServicerB,2021
LN0003339,2020-08,164000,8.75,360,700-739,81-90,37-43,MT,Cash-Out Refinance,Primary,Single Family,ServicerD,2020
LN0003340,2018-03,117000,4.25,240,740-779,61-70,44-50,AK,Purchase,Primary,PUD,ServicerA,2018
LN0003341,2021-10,93000,3.375,180,780+,61-70,44-50,VT,Purchase,Secondary,Single Family,ServicerA,2021
LN0003342,2019-08,281000,3.875,360,700-739,61-70,44-50,,Other,Primary,Multi-Family,ServicerB,2019
LN0003343,2018-05,87000,6.24,360,740-779,<=60,44-50,MT,Refinance,Primary,PUD,ServicerE,2018
LN0003344,2020-12,345000,9.5,360,620-659,71-80,37-43,ID,Cash-Out Refinance,Primary,PUD,ServicerE,2020
LN0003345,2019-12,84000,4.25,360,700-739,81-90,37-43,NH,Refinance,Primary,Condo,ServicerC,2019
LN0003346,2018-02,146000,3.5,360,740-779,<=60,37-43,KS,Purchase,Primary,Multi-Family,ServicerB,2018
LN0003347,2018-12,70000,2.875,360,660-699,81-90,29-36,WV,Refinance,Primary,Co-op,ServicerD,2018
LN0003348,2021-11,132000,5.875,360,660-699,71-80,44-50,NE,Refinance,Primary,PUD,ServicerE,2021
LN0003349,2020-02,153000,7.25,180,660-699,96-100,37-43,WV,Purchase,Investment,Single Family,ServicerB,2020
LN0003350,2022-12,219000,2.875,360,660-699,96-100,44-50,SD,Purchase,Primary,PUD,ServicerD,2022
LN0003351,2021-12,115000,4.0,360,660-699,81-90,37-43,ID,Purchase,Primary,Multi-Family,ServicerC,2021
LN0003352,2022-10,145000,4.75,360,700-739,71-80,44-50,NM,Cash-Out Refinance,Primary,Single Family,ServicerB,2022
LN0003353,2019-07,126000,6.375,360,780+,96-100,44-50,NE,Refinance,Investment,Condo,ServicerA,2019
LN0003354,2022-07,108000,4.25,360,700-739,71-80,29-36,NM,Cash-Out Refinance,Primary,PUD,ServicerB,2022
LN0003355,2018-03,278000,7.375,360,,71-80,44-50,ID,Cash-Out Refinance,Primary,Condo,ServicerC,2018
LN0003356,2020-10,246000,3.75,360,<620,96-100,29-36,AK,Cash-Out Refinance,Primary,Single Family,ServicerD,2020
LN0003357,2019-03,61000,2.875,360,740-779,,>50,WV,Refinance,Primary,Multi-Family,ServicerC,2019
LN0003358,2019-03,335000,2.75,360,700-739,,<=28,NM,Refinance,Primary,Multi-Family,ServicerA,2019
LN0003359,2018-07,77000,2.625,180,780+,<=60,>50,ID,Refinance,Primary,Multi-Family,ServicerB,2018
LN0003360,2020-05,68000,2.25,360,740-779,61-70,,AK,Refinance,Primary,Multi-Family,ServicerC,2020
LN0003361,2021-05,94000,2.875,360,740-779,71-80,37-43,DE,Purchase,Primary,PUD,ServicerA,2021
LN0003362,2019-02,344000,4.125,360,660-699,,44-50,NH,Refinance,Primary,Single Family,ServicerA,2019
LN0003363,2019-04,195000,5.0,360,740-779,61-70,44-50,KS,Purchase,Investment,Single Family,ServicerA,2019
LN0003364,2018-10,141000,3.375,360,660-699,96-100,37-43,NE,Purchase,Primary,Multi-Family,ServicerE,2018
LN0003365,2020-01,142000,2.625,360,780+,71-80,44-50,NH,Refinance,Primary,Co-op,ServicerA,2020
LN0003366,2021-08,64000,2.375,120,740-779,<=60,,ND,Purchase,Primary,Condo,ServicerE,2021
LN0003367,2021-09,51000,3.375,360,660-699,<=60,37-43,MT,Purchase,Primary,Condo,ServicerE,2021
LN0003368,2018-10,82000,2.875,360,660-699,,37-43,DE,Purchase,Primary,Multi-Family,ServicerD,2018
LN0003369,2021-04,215000,3.25,180,620-659,,37-43,MT,Refinance,Primary,Single Family,ServicerB,2021
LN0003370,2019-10,102000,3.625,180,740-779,61-70,37-43,VT,Refinance,Secondary,PUD,ServicerE,2019
LN0003371,2021-08,159000,2.25,360,660-699,,44-50,MT,Purchase,Primary,Condo,ServicerB,2021
LN0003372,2021-08,119000,7.5,360,700-739,81-90,37-43,SD,Refinance,Primary,PUD,ServicerD,2021
LN0003373,2018-10,142000,3.0,360,,<=60,37-43,AK,Refinance,Primary,PUD,ServicerD,2018
LN0003374,2022-01,154000,5.25,240,740-779,>100,>50,WY,Purchase,Primary,PUD,ServicerB,2022
LN0003375,2019-09,278000,5.625,360,740-779,<=60,<=28,SD,Refinance,Primary,Single Family,ServicerD,2019
LN0003376,2020-10,122000,4.5,360,740-779,96-100,37-43,NE,Purchase,Primary,Condo,ServicerC,2020
LN0003377,2022-04,140000,6.75,360,740-779,<=60,>50,NM,Purchase,Primary,Multi-Family,ServicerA,2022
LN0003378,2018-03,43000,3.5,360,620-659,81-90,44-50,AK,Refinance,Primary,Co-op,ServicerB,2018
LN0003379,2019-01,186000,5.125,360,620-659,<=60,44-50,ND,Purchase,Primary,Condo,ServicerE,2019
LN0003380,2020-01,330000,2.75,180,740-779,91-95,44-50,RI,Cash-Out Refinance,Primary,Condo,ServicerC,2020
LN0003381,2019-01,332000,2.375,360,660-699,61-70,37-43,,Purchase,Primary,Multi-Family,ServicerB,2019
LN0003382,2022-10,127000,2.625,360,700-739,<=60,44-50,NE,Purchase,Investment,Multi-Family,ServicerC,2022
LN0003383,2020-06,208000,4.49,360,<620,61-70,44-50,NE,Purchase,Primary,Condo,ServicerA,2020
LN0003384,2018-01,74000,7.125,360,660-699,71-80,37-43,SD,Refinance,Primary,Single Family,ServicerE,2018
LN0003385,2018-07,318000,4.0,360,<620,<=60,37-43,NM,Purchase,Primary,Multi-Family,ServicerC,2018
LN0003386,2019-03,414000,4.625,360,780+,71-80,37-43,NH,Purchase,Primary,Single Family,ServicerC,2019
LN0003387,2020-10,168000,2.99,360,660-699,61-70,>50,ID,Refinance,Primary,Co-op,ServicerD,2020
LN0003388,2022-10,240000,4.5,180,700-739,96-100,44-50,SD,Purchase,Primary,Co-op,ServicerB,2022
LN0003389,2022-03,125000,10.5,180,<620,71-80,>50,DE,Purchase,Primary,Condo,ServicerD,2022
LN0003390,2021-12,239000,3.0,180,740-779,<=60,37-43,ND,Other,Primary,Condo,ServicerC,2021
LN0003391,2022-06,278000,8.75,360,660-699,<=60,>50,RI,Refinance,Primary,Condo,ServicerD,2022
LN0003392,2018-02,274000,3.875,360,780+,61-70,29-36,,Purchase,Primary,Co-op,ServicerA,2018
LN0003393,2020-06,183000,3.375,360,780+,71-80,<=28,ND,Purchase,Primary,Multi-Family,ServicerC,2020
LN0003394,2020-07,162000,6.6,360,660-699,71-80,37-43,ND,Refinance,Primary,Condo,ServicerA,2020
LN0003395,2018-07,179000,2.875,360,780+,61-70,44-50,WY,Purchase,Primary,Multi-Family,ServicerB,2018
LN0003396,2022-02,130000,6.09,360,780+,96-100,29-36,ID,Refinance,Primary,Co-op,ServicerA,2022
LN0003397,2020-08,160000,6.625,360,780+,71-80,44-50,VT,Purchase,Primary,Co-op,ServicerE,2020
LN0003398,2019-02,197000,2.875,240,780+,<=60,37-43,ID,Refinance,Primary,PUD,ServicerD,2019
LN0003399,2020-06,151000,4.99,360,660-699,<=60,,WV,Refinance,Primary,Multi-Family,ServicerC,2020
LN0003400,2022-07,165000,2.44,180,,71-80,37-43,DE,Refinance,Primary,PUD,ServicerD,2022
LN0003401,2022-04,213000,3.0,360,<620,>100,37-43,NE,Refinance,Primary,Co-op,ServicerD,2022
LN0003402,2019-10,79000,2.24,360,620-659,96-100,44-50,MS,Purchase,Investment,PUD,ServicerD,2019
LN0003403,2018-02,104000,6.875,120,780+,91-95,44-50,HI,Refinance,Primary,Multi-Family,ServicerB,2018
LN0003404,2022-12,98000,2.625,240,660-699,96-100,37-43,NH,Cash-Out Refinance,Primary,Multi-Family,ServicerD,2022
LN0003405,2022-02,46000,4.078,360,740-779,81-90,37-43,ID,Refinance,Primary,Single Family,ServicerE,2022
LN0003406,2021-12,689000,3.24,360,740-779,81-90,37-43,ID,Refinance,Primary,PUD,ServicerD,2021
LN0003407,2022-12,212000,3.75,360,780+,>100,29-36,SD,Purchase,Secondary,Condo,ServicerE,2022
LN0003408,2020-07,292000,7.69,360,780+,71-80,<=28,MT,Purchase,Primary,PUD,ServicerA,2020
LN0003409,2022-06,148000,3.375,360,660-699,81-90,37-43,KS,Refinance,Primary,Single Family,ServicerC,2022
LN0003410,2020-09,205000,6.375,360,<620,61-70,37-43,ID,Cash-Out Refinance,Primary,PUD,ServicerB,2020
LN0003411,2022-10,130000,5.75,360,700-739,<=60,44-50,NH,Cash-Out Refinance,Primary,Condo,ServicerE,2022
LN0003412,2020-03,237000,3.25,180,620-659,<=60,29-36,NM,Purchase,Primary,PUD,ServicerE,2020
LN0003413,2022-10,300000,13.8,360,<620,91-95,44-50,NV,Purchase,Primary,Multi-Family,ServicerB,2022
LN0003414,2021-09,165000,3.125,120,660-699,61-70,37-43,NE,Refinance,Primary,Multi-Family,ServicerA,2021
LN0003415,2021-08,172000,2.75,360,740-779,61-70,37-43,ID,Purchase,Primary,Multi-Family,ServicerE,2021
LN0003416,2019-10,224000,5.125,360,700-739,91-95,44-50,NM,Purchase,Primary,Multi-Family,ServicerD,2019
LN0003417,2019-12,91000,5.75,240,660-699,81-90,37-43,DE,Purchase,Primary,Co-op,ServicerE,2019
LN0003418,2020-04,283000,2.99,360,740-779,<=60,>50,NE,Cash-Out Refinance,Primary,Co-op,ServicerD,2020
LN0003419,2018-02,163000,2.75,360,660-699,<=60,37-43,HI,Cash-Out Refinance,Primary,PUD,ServicerC,2018
LN0003420,2018-08,153000,3.0,360,<620,81-90,44-50,MT,Purchase,Primary,Single Family,ServicerA,2018
LN0003421,2018-12,72000,8.75,360,740-779,71-80,44-50,SD,Refinance,Primary,Condo,ServicerB,2018
LN0003422,2019-10,146000,2.99,360,740-779,61-70,>50,KS,Purchase,Primary,PUD,ServicerD,2019
LN0003423,2021-07,112000,3.5,240,740-779,91-95,37-43,KS,Purchase,Primary,PUD,ServicerD,2021
LN0003424,2018-06,163000,2.875,360,<620,81-90,44-50,ID,Cash-Out Refinance,Primary,Co-op,ServicerE,2018
LN0003425,2020-09,346000,3.75,360,780+,91-95,37-43,NM,Purchase,Investment,Single Family,ServicerE,2020
LN0003426,2019-01,157000,8.25,360,740-779,<=60,29-36,NE,Purchase,Primary,Multi-Family,ServicerC,2019
LN0003427,2019-12,381000,5.125,360,700-739,96-100,>50,RI,Refinance,Secondary,Condo,ServicerD,2019
LN0003428,2020-05,108000,5.5,360,740-779,81-90,29-36,ID,Purchase,Primary,Condo,ServicerE,2020
LN0003429,2018-05,141000,3.5,360,780+,61-70,37-43,WV,Purchase,Primary,Single Family,ServicerB,2018
LN0003430,2020-09,285000,2.75,360,700-739,<=60,37-43,AK,Purchase,Primary,Condo,ServicerA,2020
LN0003431,2022-06,287000,9.525,240,700-739,<=60,44-50,VT,Cash-Out Refinance,Primary,Multi-Family,ServicerA,2022
LN0003432,2018-02,238000,3.99,180,780+,71-80,>50,AK,Purchase,Primary,Multi-Family,ServicerE,2018
LN0003433,2020-06,363000,2.973,360,740-779,71-80,29-36,MT,Refinance,Primary,Co-op,ServicerB,2020
LN0003434,2021-12,129000,9.15,360,700-739,81-90,44-50,ID,Purchase,Primary,Condo,ServicerA,2021
LN0003435,2022-10,299000,4.0,180,740-779,61-70,>50,MT,Purchase,Primary,PUD,ServicerE,2022
LN0003436,2018-03,103000,3.5,360,700-739,96-100,37-43,ID,Purchase,Primary,Co-op,ServicerA,2018
LN0003437,2019-06,149000,7.999,360,660-699,91-95,44-50,WV,Purchase,Primary,PUD,ServicerD,2019
LN0003438,2020-11,80000,3.625,360,700-739,71-80,29-36,ID,Refinance,Primary,PUD,ServicerE,2020
LN0003439,2021-08,86000,1.99,240,780+,>100,37-43,NM,Cash-Out Refinance,Primary,Single Family,ServicerA,2021
LN0003440,2018-11,83000,2.99,360,780+,<=60,44-50,WY,Purchase,Primary,Condo,ServicerC,2018
LN0003441,2019-08,308000,3.25,180,660-699,61-70,44-50,MT,Refinance,Primary,Co-op,ServicerE,2019
LN0003442,2019-11,267000,5.75,180,700-739,96-100,<=28,NE,Purchase,Primary,Co-op,ServicerD,2019
LN0003443,2021-09,99000,3.125,360,660-699,<=60,37-43,NE,Cash-Out Refinance,Primary,Multi-Family,ServicerB,2021
LN0003444,2020-08,130000,6.58,360,780+,91-95,37-43,ID,Cash-Out Refinance,Primary,Single Family,ServicerD,2020
LN0003445,2021-12,127000,5.875,180,780+,<=60,44-50,ID,Purchase,Primary,Co-op,ServicerA,2021
LN0003446,2018-09,132000,2.875,360,740-779,<=60,29-36,RI,Purchase,Primary,PUD,ServicerC,2018
LN0003447,2020-10,54000,3.069,360,740-779,71-80,44-50,SD,Purchase,Primary,PUD,ServicerD,2020
LN0003448,2020-09,207000,2.875,360,740-779,<=60,<=28,NV,Cash-Out Refinance,Primary,PUD,ServicerE,2020
LN0003449,2022-01,173000,5.625,360,700-739,71-80,44-50,DE,Other,Primary,Co-op,ServicerE,2022
LN0003450,2019-10,123000,3.49,360,<620,71-80,37-43,WV,Cash-Out Refinance,Primary,Multi-Family,ServicerC,2019
LN0003451,2020-06,217000,2.75,360,700-739,71-80,<=28,NH,Refinance,Primary,Multi-Family,ServicerB,2020
LN0003452,2018-03,180000,3.25,240,740-779,96-100,44-50,SD,Refinance,Primary,PUD,ServicerC,2018
LN0003453,2020-01,116000,4.75,180,740-779,,<=28,ID,Refinance,Primary,Co-op,ServicerB,2020
LN0003454,2020-07,125000,7.625,360,660-699,<=60,37-43,ND,Purchase,Primary,PUD,ServicerE,2020
LN0003455,2022-03,249000,3.125,120,780+,<=60,44-50,ID,Cash-Out Refinance,Primary,Condo,ServicerE,2022
LN0003456,2022-10,82000,4.375,120,620-659,71-80,>50,NH,Cash-Out Refinance,Primary,Co-op,ServicerE,2022
LN0003457,2021-03,264000,3.625,360,,<=60,29-36,ID,Refinance,Primary,PUD,ServicerA,2021
LN0003458,2022-02,216000,3.875,360,740-779,71-80,37-43,NE,Cash-Out Refinance,Primary,Co-op,ServicerE,2022
LN0003459,2020-12,163000,5.5,360,740-779,<=60,<=28,SD,Other,Primary,Co-op,ServicerE,2020
LN0003460,2020-12,264000,7.125,180,740-779,71-80,37-43,MT,Other,Secondary,Co-op,ServicerA,2020
LN0003461,2018-05,237000,3.125,180,660-699,61-70,37-43,KS,Purchase,Primary,Single Family,ServicerD,2018
LN0003462,2021-02,119000,5.25,180,620-659,91-95,37-43,NM,Purchase,Primary,Condo,ServicerC,2021
LN0003463,2021-04,153000,6.25,240,740-779,<=60,44-50,ID,Purchase,Primary,Single Family,ServicerB,2021
LN0003464,2020-08,142000,2.25,360,700-739,<=60,44-50,NE,Refinance,Primary,Condo,ServicerE,2020
LN0003465,2020-04,124000,5.5,360,620-659,71-80,37-43,MT,Purchase,Primary,PUD,ServicerC,2020
LN0003466,2022-05,184000,4.625,120,740-779,71-80,44-50,NV,Refinance,Primary,Multi-Family,ServicerB,2022
LN0003467,2019-02,191000,3.5,360,700-739,<=60,37-43,KS,Cash-Out Refinance,Primary,Multi-Family,ServicerA,2019
LN0003468,2020-01,255000,8.5,360,740-779,96-100,<=28,AK,Purchase,Primary,Multi-Family,ServicerA,2020
LN0003469,2019-02,285000,4.0,120,780+,<=60,37-43,ID,Refinance,Primary,PUD,ServicerB,2019
LN0003470,2021-09,148000,2.25,360,620-659,71-80,37-43,ID,Purchase,Primary,Multi-Family,ServicerE,2021
LN0003471,2018-08,83000,5.43,360,<620,71-80,37-43,NH,Refinance,Primary,Multi-Family,ServicerE,2018
LN0003472,2022-03,159000,3.25,360,740-779,96-100,37-43,ND,Purchase,Primary,Condo,ServicerE,2022
LN0003473,2019-06,275000,2.9,360,740-779,<=60,>50,MT,Purchase,Secondary,Condo,ServicerC,2019
LN0003474,2021-12,242000,4.375,360,740-779,61-70,44-50,ID,Purchase,Primary,Multi-Family,ServicerC,2021
LN0003475,2022-05,204000,6.5,360,780+,61-70,,KS,Purchase,Primary,PUD,ServicerC,2022
LN0003476,2020-03,138000,6.75,360,,96-100,37-43,ND,Purchase,Primary,Multi-Family,ServicerB,2020
LN0003477,2018-09,241000,3.0,360,780+,61-70,44-50,NE,Refinance,Primary,PUD,ServicerC,2018
LN0003478,2019-04,202000,3.0,180,700-739,71-80,29-36,NH,Refinance,Primary,Multi-Family,ServicerC,2019
LN0003479,2018-08,75000,4.75,360,700-739,71-80,44-50,NE,Cash-Out Refinance,Primary,PUD,ServicerE,2018
LN0003480,2021-12,146000,3.125,360,700-739,71-80,29-36,NH,Purchase,Primary,Condo,ServicerC,2021
LN0003481,2022-02,196000,6.08,360,620-659,71-80,>50,HI,Other,Primary,Condo,ServicerB,2022
LN0003482,2018-05,147000,3.5,360,,<=60,44-50,KS,Refinance,Primary,Condo,ServicerD,2018
LN0003483,2018-11,86000,3.0,360,660-699,<=60,,AK,Refinance,Primary,PUD,ServicerD,2018
LN0003484,2022-02,280000,2.99,360,780+,96-100,>50,DE,Refinance,Primary,PUD,ServicerD,2022
LN0003485,2020-08,173000,2.49,360,700-739,<=60,44-50,RI,Refinance,Primary,Condo,ServicerE,2020
LN0003486,2018-02,98000,2.375,180,700-739,71-80,44-50,NM,Purchase,Primary,Multi-Family,ServicerD,2018
LN0003487,2022-11,46000,5.5,360,660-699,91-95,29-36,RI,Cash-Out Refinance,Primary,Co-op,ServicerC,2022
LN0003488,2020-01,268000,3.25,360,<620,<=60,<=28,WV,Purchase,Secondary,Multi-Family,ServicerD,2020
LN0003489,2022-05,470000,12.5,360,<620,<=60,37-43,NH,Purchase,Primary,Single Family,ServicerB,2022
LN0003490,2019-06,401000,3.625,360,700-739,<=60,37-43,MT,Purchase,Primary,Multi-Family,ServicerE,2019
LN0003491,2019-04,203000,3.75,180,620-659,96-100,,WV,Purchase,Secondary,PUD,ServicerA,2019
LN0003492,2020-05,165000,2.75,180,740-779,96-100,37-43,ID,Purchase,Primary,Co-op,ServicerA,2020
LN0003493,2022-06,93000,3.875,360,780+,61-70,>50,NE,Purchase,Primary,Co-op,ServicerB,2022
LN0003494,2021-11,163000,6.5,360,780+,<=60,>50,MT,Cash-Out Refinance,Primary,Single Family,ServicerA,2021
LN0003495,2018-05,88000,2.625,360,740-779,96-100,29-36,SD,Purchase,Primary,Single Family,ServicerC,2018
LN0003496,2019-03,160000,6.24,360,660-699,<=60,44-50,NE,Cash-Out Refinance,Primary,Co-op,ServicerA,2019
LN0003497,2020-02,79000,1.99,360,780+,<=60,44-50,,Cash-Out Refinance,Primary,Multi-Family,ServicerB,2020
LN0003498,2018-10,109000,2.5,180,780+,81-90,44-50,ID,Purchase,Investment,Multi-Family,ServicerA,2018
LN0003499,2022-09,335000,3.99,360,620-659,61-70,29-36,NM,Purchase,Primary,Multi-Family,ServicerE,2022
LN0003500,2018-04,189000,3.875,180,740-779,91-95,,WV,Cash-Out Refinance,Primary,Co-op,ServicerB,2018
LN0003501,2022-06,234000,2.125,180,660-699,96-100,37-43,WV,Other,Primary,Single Family,ServicerA,2022
LN0003502,2022-06,167000,2.25,360,740-779,<=60,37-43,WY,Purchase,Primary,Co-op,ServicerD,2022
LN0003503,2020-03,67000,3.375,360,780+,71-80,<=28,NE,Purchase,Primary,Co-op,ServicerD,2020
LN0003504,2020-10,192000,2.625,360,<620,81-90,44-50,ID,Purchase,Secondary,PUD,ServicerA,2020
LN0003505,2019-03,200000,3.875,360,780+,91-95,37-43,NM,Purchase,Primary,PUD,ServicerA,2019
LN0003506,2018-05,152000,3.375,120,740-779,91-95,29-36,RI,Refinance,Primary,Multi-Family,ServicerA,2018
LN0003507,2022-06,178000,4.25,360,780+,71-80,<=28,NV,Purchase,Primary,Single Family,ServicerC,2022
LN0003508,2022-08,567000,3.25,360,700-739,61-70,44-50,NE,Refinance,Primary,Single Family,ServicerD,2022
LN0003509,2018-03,199000,5.625,240,780+,91-95,>50,SD,Purchase,Primary,Multi-Family,ServicerE,2018
LN0003510,2018-08,171000,6.0,360,<620,71-80,>50,MT,Refinance,Primary,Condo,ServicerB,2018
LN0003511,2018-02,151000,2.375,360,660-699,81-90,37-43,RI,Purchase,Primary,Condo,ServicerE,2018
LN0003512,2021-01,228000,6.125,360,<620,<=60,29-36,NM,Purchase,Primary,Condo,ServicerC,2021
LN0003513,2018-07,126000,2.5,360,780+,71-80,37-43,VT,Refinance,Primary,PUD,ServicerD,2018
LN0003514,2021-03,244000,3.99,360,740-779,71-80,37-43,NV,Other,Primary,Single Family,ServicerE,2021
LN0003515,2022-10,192000,6.5,240,780+,>100,37-43,,Refinance,Primary,Co-op,ServicerA,2022
LN0003516,2021-10,339000,6.25,360,780+,81-90,37-43,MT,Purchase,Primary,Condo,ServicerD,2021
LN0003517,2020-05,132000,2.875,360,620-659,96-100,>50,ID,Purchase,Primary,PUD,ServicerC,2020
LN0003518,2020-04,198000,7.25,360,700-739,71-80,37-43,MT,Purchase,Primary,Condo,ServicerE,2020
LN0003519,2022-02,162000,3.125,360,<620,71-80,37-43,WV,Purchase,Primary,Multi-Family,ServicerA,2022
LN0003520,2021-10,183000,2.99,360,660-699,<=60,29-36,ID,Purchase,Primary,Condo,ServicerA,2021
LN0003521,2019-02,186000,3.75,360,660-699,>100,37-43,,Purchase,Primary,Co-op,ServicerE,2019
LN0003522,2021-02,45000,3.125,360,700-739,<=60,37-43,SD,Refinance,Primary,Multi-Family,ServicerE,2021
LN0003523,2021-05,151000,5.75,360,660-699,71-80,44-50,NM,Purchase,Primary,PUD,ServicerD,2021
LN0003524,2021-08,293000,3.375,120,620-659,81-90,37-43,HI,Refinance,Primary,Condo,ServicerB,2021
LN0003525,2019-04,261000,5.0,360,620-659,81-90,>50,ID,Cash-Out Refinance,Primary,Multi-Family,ServicerC,2019
LN0003526,2019-10,92000,5.375,360,620-659,<=60,37-43,WV,Refinance,Primary,Single Family,ServicerD,2019
LN0003527,2020-06,172000,2.75,360,780+,96-100,37-43,NH,Purchase,Primary,Single Family,ServicerD,2020
LN0003528,2021-03,80000,3.5,360,740-779,81-90,>50,NE,Cash-Out Refinance,Primary,Multi-Family,ServicerC,2021
LN0003529,2020-06,213000,3.375,360,780+,<=60,37-43,SD,Purchase,Primary,Single Family,ServicerE,2020
LN0003530,2021-08,82000,4.0,180,700-739,96-100,37-43,KS,Purchase,Primary,PUD,ServicerB,2021
LN0003531,2018-02,133000,5.75,180,660-699,,44-50,WV,Purchase,Primary,PUD,ServicerB,2018
LN0003532,2021-02,121000,5.875,360,740-779,71-80,44-50,ND,Purchase,Primary,Condo,ServicerE,2021
LN0003533,2020-08,250000,3.99,360,660-699,<=60,44-50,NM,Refinance,Investment,Multi-Family,ServicerD,2020
LN0003534,2021-03,123000,3.625,360,660-699,91-95,44-50,WV,Purchase,Primary,Co-op,ServicerB,2021
LN0003535,2020-06,326000,3.375,360,660-699,96-100,44-50,NM,Refinance,Primary,PUD,ServicerA,2020
LN0003536,2022-10,235000,3.75,240,620-659,71-80,37-43,ID,Cash-Out Refinance,Primary,Multi-Family,ServicerC,2022
LN0003537,2019-09,117000,2.625,180,660-699,71-80,,DE,Purchase,Primary,PUD,ServicerB,2019
LN0003538,2018-07,145000,3.25,360,660-699,96-100,37-43,NE,Refinance,Primary,Co-op,ServicerE,2018
LN0003539,2018-06,223000,3.85,120,740-779,,37-43,NE,Refinance,Primary,Co-op,ServicerB,2018
LN0003540,2022-11,97000,3.25,360,<620,61-70,37-43,KS,Purchase,Primary,PUD,ServicerE,2022
LN0003541,2018-05,123000,7.625,360,660-699,71-80,44-50,NE,Refinance,Primary,Multi-Family,ServicerB,2018
LN0003542,2022-08,120000,5.99,360,740-779,61-70,37-43,ID,Purchase,Primary,PUD,ServicerA,2022
LN0003543,2021-10,396000,2.75,360,620-659,<=60,44-50,NE,Purchase,Primary,PUD,ServicerC,2021
LN0003544,2021-04,285000,7.75,360,660-699,81-90,37-43,ID,Refinance,Primary,PUD,ServicerD,2021
LN0003545,2022-04,324000,3.0,240,780+,<=60,44-50,WY,Purchase,Primary,Single Family,ServicerD,2022
LN0003546,2022-03,56000,7.125,360,620-659,<=60,<=28,MS,Purchase,Primary,Condo,ServicerD,2022
LN0003547,2021-07,115000,3.5,180,620-659,81-90,37-43,ID,Refinance,Primary,Co-op,ServicerA,2021
LN0003548,2018-06,156000,3.125,180,700-739,96-100,37-43,AK,Purchase,Primary,Multi-Family,ServicerE,2018
LN0003549,2019-12,151000,3.625,360,660-699,>100,<=28,WV,Refinance,Primary,PUD,ServicerC,2019
LN0003550,2022-07,336000,2.75,360,700-739,81-90,44-50,NE,Refinance,Primary,Single Family,ServicerA,2022
LN0003551,2021-10,147000,7.38,360,740-779,71-80,37-43,NV,Purchase,Primary,Single Family,ServicerA,2021
LN0003552,2020-09,128000,8.5,240,620-659,81-90,44-50,KS,Purchase,Primary,PUD,ServicerE,2020
LN0003553,2019-03,106000,3.25,240,700-739,61-70,<=28,NH,Refinance,Primary,Condo,ServicerA,2019
LN0003554,2018-12,264000,3.0,360,700-739,71-80,>50,VT,Purchase,Primary,Single Family,ServicerB,2018
LN0003555,2022-08,230000,3.375,180,620-659,>100,>50,WV,Purchase,Primary,PUD,ServicerE,2022
LN0003556,2018-10,103000,3.75,120,740-779,61-70,44-50,SD,Purchase,Primary,Condo,ServicerA,2018
LN0003557,2022-08,310000,2.875,360,660-699,91-95,44-50,VT,Purchase,Primary,Condo,ServicerB,2022
LN0003558,2020-09,83000,4.25,120,700-739,96-100,37-43,VT,Refinance,Primary,Multi-Family,ServicerA,2020
LN0003559,2018-08,342000,5.25,240,620-659,81-90,<=28,RI,Cash-Out Refinance,Primary,Condo,ServicerD,2018
LN0003560,2019-05,101000,3.625,360,700-739,96-100,37-43,ID,Purchase,Primary,Multi-Family,ServicerB,2019
LN0003561,2021-02,272000,3.75,360,660-699,71-80,<=28,NH,Purchase,Primary,Co-op,ServicerA,2021
LN0003562,2022-02,216000,2.625,360,780+,<=60,>50,RI,Refinance,Primary,Multi-Family,ServicerA,2022
LN0003563,2022-07,789000,4.75,360,<620,91-95,44-50,NH,Refinance,Primary,PUD,ServicerC,2022
LN0003564,2020-08,210000,2.75,360,700-739,<=60,44-50,RI,Cash-Out Refinance,Primary,PUD,ServicerB,2020
LN0003565,2018-02,114000,7.5,180,700-739,71-80,>50,RI,Purchase,Investment,Multi-Family,ServicerE,2018
LN0003566,2019-03,159000,2.99,360,740-779,81-90,29-36,WV,Purchase,Primary,PUD,ServicerB,2019
LN0003567,2022-11,268000,3.875,360,700-739,71-80,44-50,ID,Refinance,Primary,Multi-Family,ServicerC,2022
LN0003568,2018-03,232000,3.25,360,740-779,71-80,<=28,,Purchase,Primary,Single Family,ServicerE,2018
LN0003569,2019-08,124000,5.25,360,740-779,61-70,37-43,NM,Refinance,Primary,Single Family,ServicerE,2019
LN0003570,2022-05,120000,5.375,360,780+,<=60,44-50,ID,Purchase,Primary,PUD,ServicerA,2022
LN0003571,2021-10,195000,2.25,360,660-699,96-100,>50,ND,Purchase,Primary,Single Family,ServicerE,2021
LN0003572,2022-08,72000,3.24,360,,96-100,,KS,Purchase,Primary,Single Family,ServicerD,2022
LN0003573,2019-04,214000,3.75,360,780+,71-80,44-50,DE,Purchase,Secondary,Single Family,ServicerD,2019
LN0003574,2020-05,315000,7.75,360,780+,71-80,<=28,NM,Refinance,Primary,Multi-Family,ServicerE,2020
LN0003575,2022-11,586000,5.17,360,780+,<=60,<=28,NM,Purchase,Primary,Co-op,ServicerB,2022
LN0003576,2020-07,149000,3.875,360,660-699,96-100,37-43,NH,Refinance,Primary,Condo,ServicerB,2020
LN0003577,2020-02,100000,2.5,360,620-659,61-70,44-50,DE,Cash-Out Refinance,Primary,Single Family,ServicerB,2020
LN0003578,2022-01,167000,5.125,360,700-739,71-80,37-43,KS,Refinance,Primary,Multi-Family,ServicerB,2022
LN0003579,2022-09,295000,4.0,360,740-779,<=60,37-43,NM,Cash-Out Refinance,Primary,Condo,ServicerC,2022
LN0003580,2021-03,281000,5.75,360,700-739,71-80,44-50,SD,Refinance,Primary,Condo,ServicerC,2021
LN0003581,2020-01,196000,2.875,360,700-739,<=60,44-50,WV,Purchase,Primary,Condo,ServicerA,2020
LN0003582,2020-09,207000,2.25,360,780+,<=60,37-43,ID,Cash-Out Refinance,Primary,Co-op,ServicerC,2020
LN0003583,2018-01,96000,2.99,360,660-699,71-80,44-50,DE,Purchase,Primary,PUD,ServicerA,2018
LN0003584,2022-06,127000,2.75,360,780+,71-80,<=28,ND,Refinance,Primary,PUD,ServicerA,2022
LN0003585,2018-05,680000,6.75,360,700-739,<=60,44-50,NH,Refinance,Primary,Co-op,ServicerD,2018
LN0003586,2018-04,158000,2.625,360,,<=60,>50,NV,Purchase,Primary,PUD,ServicerB,2018
LN0003587,2021-12,160000,6.99,360,700-739,71-80,44-50,WV,Refinance,Primary,Condo,ServicerB,2021
LN0003588,2022-07,171000,5.75,360,740-779,71-80,37-43,,Purchase,Primary,Single Family,ServicerB,2022
LN0003589,2020-12,177000,3.625,240,,71-80,<=28,NM,Purchase,Primary,Single Family,ServicerB,2020
LN0003590,2021-07,190000,4.99,360,620-659,61-70,29-36,RI,Cash-Out Refinance,Primary,PUD,ServicerB,2021
LN0003591,2021-07,98000,3.5,120,780+,<=60,44-50,,Purchase,Primary,PUD,ServicerD,2021
LN0003592,2022-04,303000,4.625,360,620-659,71-80,>50,MT,Refinance,Primary,Single Family,ServicerB,2022
LN0003593,2019-08,103000,2.375,360,700-739,71-80,29-36,MT,Purchase,Primary,Multi-Family,ServicerB,2019
LN0003594,2019-04,168000,3.875,360,700-739,91-95,44-50,RI,Cash-Out Refinance,Primary,Co-op,ServicerC,2019
LN0003595,2022-07,79000,2.49,360,700-739,<=60,>50,WV,Cash-Out Refinance,Primary,Multi-Family,ServicerE,2022
LN0003596,2020-07,79000,10.625,360,740-779,<=60,<=28,SD,Purchase,Primary,Multi-Family,ServicerE,2020
LN0003597,2019-05,101000,4.875,180,660-699,,<=28,ND,Purchase,Primary,Co-op,ServicerB,2019
LN0003598,2019-03,150000,3.125,360,700-739,71-80,44-50,ND,Purchase,Investment,Multi-Family,ServicerE,2019
LN0003599,2018-02,85000,3.625,360,660-699,61-70,44-50,NV,Purchase,Primary,Single Family,ServicerB,2018
LN0003600,2018-03,151000,2.99,360,740-779,71-80,44-50,HI,Refinance,Investment,Single Family,ServicerA,2018
LN0003601,2021-11,117000,5.99,360,620-659,81-90,<=28,ID,Other,Primary,PUD,ServicerD,2021
LN0003602,2021-03,136000,3.0,240,700-739,71-80,44-50,ID,Cash-Out Refinance,Primary,PUD,ServicerB,2021
LN0003603,2018-03,291000,7.25,240,620-659,96-100,37-43,ID,Purchase,Primary,PUD,ServicerE,2018
LN0003604,2021-08,307000,4.625,360,660-699,<=60,>50,AK,Cash-Out Refinance,Primary,Co-op,ServicerB,2021
LN0003605,2022-07,207000,8.25,360,,91-95,>50,NM,Purchase,Primary,Condo,ServicerE,2022
LN0003606,2022-03,109000,2.49,360,620-659,71-80,>50,DE,Purchase,Primary,Co-op,ServicerD,2022
LN0003607,2021-09,217000,3.875,240,780+,<=60,<=28,NE,Purchase,Primary,PUD,ServicerA,2021
LN0003608,2021-09,53000,3.125,360,660-699,71-80,29-36,NH,Purchase,Primary,Single Family,ServicerD,2021
LN0003609,2021-07,246000,5.75,360,780+,>100,44-50,WV,Cash-Out Refinance,Investment,Multi-Family,ServicerB,2021
LN0003610,2020-04,226000,2.875,360,780+,71-80,44-50,NH,Refinance,Primary,Single Family,ServicerD,2020
LN0003611,2019-07,134000,4.875,360,700-739,,44-50,NM,Purchase,Investment,Condo,ServicerA,2019
LN0003612,2022-01,251000,5.64,120,620-659,71-80,37-43,SD,Purchase,Primary,Multi-Family,ServicerD,2022
LN0003613,2022-08,157000,2.75,180,660-699,61-70,29-36,NM,Purchase,Primary,Single Family,ServicerE,2022
LN0003614,2019-12,306000,5.999,180,740-779,<=60,<=28,,Purchase,Investment,Co-op,ServicerB,2019
LN0003615,2022-05,102000,3.5,360,660-699,61-70,29-36,NM,Purchase,Primary,PUD,ServicerB,2022
LN0003616,2021-09,106000,6.25,180,620-659,96-100,44-50,NM,Purchase,Investment,Condo,ServicerC,2021
LN0003617,2022-06,79000,2.99,360,700-739,96-100,37-43,NV,Purchase,Primary,Co-op,ServicerA,2022
LN0003618,2018-01,39000,2.875,240,780+,<=60,44-50,NE,Other,Primary,Single Family,ServicerD,2018
LN0003619,2022-08,118000,2.75,360,,96-100,44-50,,Purchase,Secondary,PUD,ServicerC,2022
LN0003620,2020-02,62000,9.14,360,620-659,<=60,37-43,WV,Purchase,Primary,PUD,ServicerC,2020
LN0003621,2022-08,127000,5.99,360,740-779,<=60,37-43,NV,Purchase,Primary,Co-op,ServicerA,2022
LN0003622,2018-03,283000,3.75,360,660-699,<=60,37-43,MS,Purchase,Primary,Single Family,ServicerC,2018
LN0003623,2022-05,620000,3.625,360,660-699,61-70,,ID,Purchase,Primary,PUD,ServicerD,2022
LN0003624,2021-09,53000,3.25,360,780+,<=60,44-50,NH,Refinance,Primary,Condo,ServicerA,2021
LN0003625,2018-09,90000,2.5,360,660-699,96-100,37-43,HI,Refinance,Investment,Co-op,ServicerE,2018
LN0003626,2022-02,194000,4.375,360,660-699,61-70,37-43,ID,Purchase,Investment,Condo,ServicerC,2022
LN0003627,2019-08,280000,3.125,360,<620,81-90,>50,ND,Purchase,Primary,Multi-Family,ServicerA,2019
LN0003628,2018-11,249000,2.25,360,780+,81-90,37-43,MS,Purchase,Secondary,PUD,ServicerE,2018
LN0003629,2022-10,88000,5.99,120,740-779,<=60,37-43,ID,Purchase,Primary,PUD,ServicerC,2022
LN0003630,2020-10,197000,5.29,360,740-779,81-90,37-43,ID,Cash-Out Refinance,Primary,Co-op,ServicerD,2020
LN0003631,2018-06,131000,3.75,240,740-779,<=60,,ID,Other,Primary,Co-op,ServicerE,2018
LN0003632,2022-01,330000,9.25,360,620-659,71-80,44-50,RI,Refinance,Primary,PUD,ServicerD,2022
LN0003633,2021-08,150000,2.25,360,700-739,<=60,44-50,RI,Purchase,Primary,Single Family,ServicerD,2021
LN0003634,2022-08,236000,4.625,360,660-699,81-90,<=28,NE,Refinance,Investment,Single Family,ServicerD,2022
LN0003635,2022-12,105000,4.49,360,620-659,71-80,37-43,NV,Purchase,Primary,Single Family,ServicerC,2022
LN0003636,2020-07,190000,6.5,360,700-739,96-100,37-43,AK,Cash-Out Refinance,Primary,PUD,ServicerA,2020
LN0003637,2020-05,114000,3.0,360,780+,<=60,<=28,NE,Purchase,Primary,Single Family,ServicerD,2020
LN0003638,2020-03,227000,2.693,360,<620,61-70,29-36,NM,Purchase,Primary,Multi-Family,ServicerB,2020
LN0003639,2018-12,450000,7.725,360,660-699,<=60,<=28,NM,Refinance,Primary,Multi-Family,ServicerA,2018
LN0003640,2022-12,103000,6.625,360,660-699,91-95,44-50,NH,Refinance,Primary,Co-op,ServicerC,2022
LN0003641,2020-12,282000,2.375,360,660-699,<=60,44-50,NE,Purchase,Primary,PUD,ServicerE,2020
LN0003642,2022-05,247000,5.0,360,780+,81-90,37-43,NH,Refinance,Primary,PUD,ServicerA,2022
LN0003643,2018-11,404000,6.5,360,700-739,,29-36,WY,Purchase,Primary,Condo,ServicerD,2018
LN0003644,2021-10,193000,4.875,240,700-739,<=60,37-43,NE,Other,Investment,Co-op,ServicerB,2021
LN0003645,2019-10,265000,3.99,360,740-779,71-80,37-43,ID,Purchase,Primary,PUD,ServicerC,2019
LN0003646,2018-11,180000,5.49,360,620-659,81-90,<=28,DE,Purchase,Secondary,PUD,ServicerE,2018
LN0003647,2020-12,110000,2.49,360,700-739,<=60,37-43,MT,Cash-Out Refinance,Primary,PUD,ServicerE,2020
LN0003648,2022-01,510000,7.5,360,700-739,<=60,44-50,HI,Purchase,Primary,Multi-Family,ServicerB,2022
LN0003649,2020-08,153000,3.74,360,700-739,<=60,44-50,NE,Refinance,Primary,Co-op,ServicerD,2020
LN0003650,2018-03,339000,5.624,360,780+,<=60,37-43,NM,Refinance,Primary,Condo,ServicerC,2018
LN0003651,2022-02,273000,4.75,360,740-779,61-70,<=28,HI,Refinance,Investment,Multi-Family,ServicerB,2022
LN0003652,2020-05,349000,3.99,360,700-739,71-80,37-43,ND,Purchase,Secondary,Multi-Family,ServicerD,2020
LN0003653,2019-10,39000,2.99,360,,<=60,44-50,RI,Refinance,Primary,Co-op,ServicerA,2019
LN0003654,2020-05,201000,2.0,120,620-659,<=60,44-50,RI,Cash-Out Refinance,Primary,Multi-Family,ServicerC,2020
LN0003655,2020-01,71000,3.125,120,<620,<=60,37-43,WV,Cash-Out Refinance,Primary,Multi-Family,ServicerD,2020
LN0003656,2018-10,322000,5.31,360,660-699,71-80,37-43,NM,Cash-Out Refinance,Primary,PUD,ServicerD,2018
LN0003657,2019-10,250000,2.875,360,660-699,<=60,>50,ID,Cash-Out Refinance,Primary,PUD,ServicerD,2019
LN0003658,2019-11,215000,5.5,360,700-739,<=60,44-50,,Cash-Out Refinance,Primary,Single Family,ServicerC,2019
LN0003659,2021-06,156000,3.875,360,740-779,61-70,44-50,NM,Purchase,Primary,Single Family,ServicerC,2021
LN0003660,2019-05,109000,3.625,240,780+,96-100,29-36,NE,Refinance,Primary,Single Family,ServicerA,2019
LN0003661,2019-08,118000,3.25,360,700-739,61-70,44-50,NE,Purchase,Investment,PUD,ServicerB,2019
LN0003662,2019-09,113000,4.5,360,700-739,,29-36,VT,Purchase,Primary,Co-op,ServicerC,2019
LN0003663,2018-06,98000,2.99,360,<620,81-90,37-43,SD,Purchase,Investment,Multi-Family,ServicerB,2018
LN0003664,2018-03,113000,4.069,180,<620,<=60,37-43,HI,Refinance,Secondary,Single Family,ServicerC,2018
LN0003665,2022-03,134000,6.625,360,700-739,61-70,37-43,MT,Purchase,Primary,Multi-Family,ServicerB,2022
LN0003666,2021-07,147000,4.0,240,700-739,<=60,29-36,MT,Refinance,Primary,Multi-Family,ServicerE,2021
LN0003667,2021-04,117000,11.05,360,780+,96-100,37-43,KS,Purchase,Investment,Co-op,ServicerE,2021
LN0003668,2021-12,207000,3.25,180,620-659,71-80,44-50,,Refinance,Primary,Multi-Family,ServicerD,2021
LN0003669,2019-04,308000,2.99,360,<620,,37-43,ND,Purchase,Primary,Multi-Family,ServicerC,2019
LN0003670,2022-12,124000,4.375,360,700-739,<=60,>50,ID,Cash-Out Refinance,Primary,PUD,ServicerA,2022
LN0003671,2020-01,73000,3.5,240,660-699,61-70,37-43,KS,Purchase,Primary,PUD,ServicerB,2020
LN0003672,2020-02,139000,5.75,180,,61-70,44-50,KS,Cash-Out Refinance,Primary,Co-op,ServicerC,2020
LN0003673,2018-03,83000,2.375,360,740-779,<=60,44-50,WY,Refinance,Primary,Single Family,ServicerE,2018
LN0003674,2021-07,103000,2.875,360,620-659,71-80,37-43,MT,Cash-Out Refinance,Primary,PUD,ServicerA,2021
LN0003675,2021-05,473000,4.99,360,740-779,<=60,37-43,NM,Purchase,Primary,Co-op,ServicerB,2021
LN0003676,2021-12,138000,2.5,240,660-699,<=60,>50,NE,Purchase,Primary,Multi-Family,ServicerE,2021
LN0003677,2022-04,159000,5.625,360,620-659,71-80,>50,NH,Purchase,Investment,Single Family,ServicerD,2022
LN0003678,2021-11,96000,8.75,360,660-699,<=60,37-43,ID,Purchase,Primary,Co-op,ServicerA,2021
LN0003679,2021-08,159000,4.375,360,740-779,96-100,,ND,Purchase,Primary,Co-op,ServicerC,2021
LN0003680,2020-03,287000,2.75,360,700-739,81-90,37-43,NH,Refinance,Primary,Condo,ServicerE,2020
LN0003681,2022-07,286000,2.25,360,740-779,91-95,44-50,NM,Purchase,Secondary,Condo,ServicerA,2022
LN0003682,2018-05,274000,2.875,240,620-659,71-80,37-43,HI,Refinance,Primary,Single Family,ServicerB,2018
LN0003683,2021-07,42000,3.625,180,740-779,61-70,37-43,NE,Refinance,Primary,Co-op,ServicerD,2021
LN0003684,2020-09,196000,3.5,360,660-699,71-80,37-43,NM,Purchase,Primary,PUD,ServicerB,2020
LN0003685,2018-02,174000,2.75,120,740-779,<=60,44-50,MT,Purchase,Primary,PUD,ServicerB,2018
LN0003686,2022-11,169000,5.25,360,700-739,91-95,29-36,NM,Purchase,Primary,Multi-Family,ServicerB,2022
LN0003687,2020-07,108000,5.875,360,780+,71-80,37-43,SD,Purchase,Primary,Condo,ServicerA,2020
LN0003688,2022-11,494000,2.625,360,700-739,71-80,44-50,ID,Cash-Out Refinance,Primary,Single Family,ServicerD,2022
LN0003689,2020-06,239000,7.99,360,<620,71-80,44-50,MT,Purchase,Primary,Single Family,ServicerC,2020
LN0003690,2020-05,138000,3.74,360,<620,71-80,44-50,RI,Purchase,Primary,PUD,ServicerE,2020
LN0003691,2018-05,104000,5.75,360,780+,61-70,37-43,AK,Purchase,Primary,Multi-Family,ServicerD,2018
LN0003692,2022-07,182000,4.0,360,700-739,<=60,44-50,NH,Purchase,Primary,Single Family,ServicerB,2022
LN0003693,2021-11,146000,3.5,360,740-779,71-80,44-50,WV,Cash-Out Refinance,Primary,Multi-Family,ServicerE,2021
LN0003694,2019-12,122000,8.0,180,660-699,<=60,37-43,ID,Cash-Out Refinance,Primary,Multi-Family,ServicerB,2019
LN0003695,2022-04,322000,2.25,360,660-699,<=60,44-50,KS,Other,Primary,PUD,ServicerA,2022
LN0003696,2022-06,255000,5.75,360,<620,<=60,37-43,MT,Cash-Out Refinance,Primary,Co-op,ServicerA,2022
LN0003697,2019-06,101000,5.3,360,780+,<=60,37-43,ID,Refinance,Primary,Single Family,ServicerD,2019
LN0003698,2022-01,317000,4.63,360,740-779,96-100,29-36,NH,Purchase,Primary,Condo,ServicerD,2022
LN0003699,2018-02,143000,5.625,360,780+,96-100,<=28,DE,Cash-Out Refinance,Primary,Multi-Family,ServicerB,2018
LN0003700,2018-07,247000,8.0,360,660-699,96-100,<=28,ID,Purchase,Secondary,Condo,ServicerA,2018
LN0003701,2018-09,190000,4.79,240,740-779,91-95,<=28,NE,Refinance,Primary,PUD,ServicerC,2018
LN0003702,2018-11,87000,4.75,180,740-779,81-90,29-36,NE,Other,Primary,Single Family,ServicerA,2018
LN0003703,2021-06,125000,4.5,360,660-699,91-95,44-50,SD,Refinance,Primary,Single Family,ServicerD,2021
LN0003704,2019-12,155000,6.625,360,780+,71-80,44-50,ID,Purchase,Primary,Single Family,ServicerA,2019
LN0003705,2020-05,181000,3.25,360,780+,<=60,<=28,NE,Purchase,Primary,PUD,ServicerA,2020
LN0003706,2019-01,355000,3.625,360,780+,>100,29-36,NE,Purchase,Primary,PUD,ServicerE,2019
LN0003707,2018-10,145000,2.99,360,740-779,91-95,37-43,,Refinance,Primary,PUD,ServicerA,2018
LN0003708,2018-01,301000,7.925,360,660-699,<=60,37-43,WV,Refinance,Investment,Multi-Family,ServicerA,2018
LN0003709,2022-11,64000,2.625,360,660-699,96-100,<=28,NH,Other,Primary,PUD,ServicerA,2022
LN0003710,2019-10,92000,3.375,360,780+,71-80,29-36,NE,Cash-Out Refinance,Primary,Single Family,ServicerE,2019
LN0003711,2018-12,268000,7.406,360,<620,81-90,29-36,RI,Refinance,Primary,Co-op,ServicerB,2018
LN0003712,2018-02,420000,2.75,360,740-779,<=60,44-50,NH,Refinance,Primary,Multi-Family,ServicerE,2018
LN0003713,2022-03,153000,3.25,360,740-779,81-90,37-43,NE,Purchase,Primary,PUD,ServicerD,2022
LN0003714,2021-11,87000,3.375,360,740-779,81-90,44-50,ID,Purchase,Primary,Condo,ServicerB,2021
LN0003715,2022-03,43000,3.25,360,780+,81-90,<=28,ID,Cash-Out Refinance,Primary,PUD,ServicerE,2022
LN0003716,2018-12,149000,8.0,360,660-699,61-70,44-50,VT,Refinance,Primary,Single Family,ServicerE,2018
LN0003717,2019-05,228000,6.125,360,660-699,<=60,<=28,VT,Purchase,Primary,PUD,ServicerE,2019
LN0003718,2020-08,162000,2.875,240,<620,81-90,37-43,ID,Refinance,Primary,Single Family,ServicerE,2020
LN0003719,2018-11,88000,2.5,360,700-739,91-95,>50,NM,Cash-Out Refinance,Primary,Single Family,ServicerC,2018
LN0003720,2021-05,120000,2.875,120,660-699,61-70,44-50,HI,Purchase,Secondary,Condo,ServicerE,2021
LN0003721,2021-12,298000,3.25,360,660-699,71-80,29-36,ID,Purchase,Secondary,Single Family,ServicerE,2021
LN0003722,2020-05,184000,2.75,360,780+,<=60,37-43,ID,Cash-Out Refinance,Primary,PUD,ServicerA,2020
LN0003723,2019-02,75000,5.5,360,780+,71-80,44-50,HI,Other,Investment,Co-op,ServicerC,2019
LN0003724,2020-01,151000,5.625,240,620-659,61-70,37-43,ID,Purchase,Investment,Co-op,ServicerE,2020
LN0003725,2021-07,106000,3.5,360,660-699,96-100,<=28,KS,Cash-Out Refinance,Primary,Co-op,ServicerA,2021
LN0003726,2020-01,154000,2.875,360,780+,81-90,44-50,ND,Cash-Out Refinance,Primary,Condo,ServicerD,2020
LN0003727,2020-05,127000,3.875,360,<620,81-90,,WV,Cash-Out Refinance,Primary,Multi-Family,ServicerA,2020
LN0003728,2019-08,209000,3.5,360,620-659,91-95,<=28,KS,Purchase,Primary,PUD,ServicerA,2019
LN0003729,2018-08,68000,9.49,360,620-659,71-80,44-50,ID,Purchase,Primary,Multi-Family,ServicerC,2018
LN0003730,2019-10,214000,3.0,360,700-739,71-80,37-43,NH,Purchase,Primary,Multi-Family,ServicerD,2019
LN0003731,2021-03,173000,3.5,360,620-659,61-70,44-50,NM,Purchase,Primary,PUD,ServicerD,2021
LN0003732,2021-02,143000,3.5,360,780+,81-90,37-43,MT,Cash-Out Refinance,Investment,Multi-Family,ServicerA,2021
LN0003733,2019-09,144000,3.375,360,700-739,71-80,<=28,NM,Purchase,Primary,Co-op,ServicerB,2019
LN0003734,2021-04,40000,5.75,360,700-739,71-80,37-43,NH,Purchase,Secondary,Single Family,ServicerE,2021
LN0003735,2022-11,223000,5.875,360,660-699,71-80,44-50,DE,Purchase,Secondary,Condo,ServicerC,2022
LN0003736,2018-08,209000,4.99,360,700-739,96-100,37-43,SD,Refinance,Primary,Multi-Family,ServicerC,2018
LN0003737,2020-02,172000,4.69,360,740-779,91-95,37-43,ID,Cash-Out Refinance,Primary,Single Family,ServicerC,2020
LN0003738,2018-02,257000,2.5,360,740-779,71-80,,,Cash-Out Refinance,Primary,Multi-Family,ServicerD,2018
LN0003739,2018-10,285000,2.75,360,740-779,71-80,,NV,Purchase,Primary,Condo,ServicerB,2018
LN0003740,2020-08,127000,2.703,360,700-739,71-80,29-36,,Refinance,Primary,Condo,ServicerD,2020
LN0003741,2018-08,173000,4.125,360,780+,71-80,37-43,NE,Refinance,Primary,Single Family,ServicerA,2018
LN0003742,2019-11,272000,2.99,360,740-779,<=60,44-50,ID,Cash-Out Refinance,Primary,PUD,ServicerC,2019
LN0003743,2018-01,432000,2.875,360,740-779,81-90,44-50,WV,Cash-Out Refinance,Primary,Single Family,ServicerD,2018
LN0003744,2021-05,148000,6.25,360,<620,71-80,44-50,WV,Cash-Out Refinance,Primary,Multi-Family,ServicerB,2021
LN0003745,2019-12,350000,3.25,360,<620,71-80,44-50,HI,Purchase,Primary,Multi-Family,ServicerB,2019
LN0003746,2020-07,95000,2.25,360,660-699,<=60,44-50,ID,Refinance,Primary,Multi-Family,ServicerB,2020
LN0003747,2022-01,187000,6.0,360,740-779,81-90,44-50,NM,Refinance,Primary,Single Family,ServicerE,2022
LN0003748,2022-12,141000,2.75,180,700-739,71-80,>50,ID,Purchase,Primary,Multi-Family,ServicerB,2022
LN0003749,2021-08,321000,3.375,360,700-739,<=60,<=28,NH,Purchase,Secondary,PUD,ServicerA,2021
LN0003750,2021-07,206000,7.25,180,780+,96-100,37-43,NE,Purchase,Primary,PUD,ServicerB,2021
LN0003751,2018-09,232000,3.0,180,780+,71-80,<=28,MS,Purchase,Investment,Single Family,ServicerB,2018
LN0003752,2019-01,215000,3.25,360,780+,71-80,44-50,ID,Refinance,Primary,Co-op,ServicerE,2019
LN0003753,2021-12,162000,3.99,360,660-699,96-100,37-43,WY,Cash-Out Refinance,Primary,PUD,ServicerE,2021
LN0003754,2021-02,241000,10.75,180,740-779,61-70,37-43,DE,Refinance,Primary,Single Family,ServicerC,2021
LN0003755,2022-09,602000,2.75,360,660-699,96-100,29-36,RI,Cash-Out Refinance,Investment,Multi-Family,ServicerA,2022
LN0003756,2020-06,59000,6.5,360,620-659,91-95,>50,SD,Purchase,Primary,Multi-Family,ServicerD,2020
LN0003757,2020-07,126000,6.375,360,620-659,81-90,29-36,WV,Purchase,Primary,Single Family,ServicerC,2020
LN0003758,2018-11,811000,2.99,180,660-699,91-95,37-43,AK,Refinance,Primary,PUD,ServicerC,2018
LN0003759,2018-06,137000,4.125,180,700-739,71-80,37-43,ID,Purchase,Primary,PUD,ServicerB,2018
LN0003760,2022-06,160000,2.5,360,780+,71-80,44-50,MT,Purchase,Primary,Condo,ServicerE,2022
LN0003761,2018-08,102000,2.625,360,,<=60,29-36,MS,Purchase,Primary,Condo,ServicerE,2018
LN0003762,2020-11,134000,6.99,360,740-779,61-70,44-50,NH,Cash-Out Refinance,Primary,Single Family,ServicerB,2020
LN0003763,2019-03,131000,2.625,360,700-739,<=60,<=28,NH,Purchase,Primary,Co-op,ServicerE,2019
LN0003764,2022-01,147000,4.5,360,660-699,96-100,37-43,WY,Refinance,Primary,PUD,ServicerA,2022
LN0003765,2021-11,212000,3.375,360,700-739,61-70,37-43,NH,Purchase,Primary,Single Family,ServicerC,2021
LN0003766,2019-05,607000,3.125,240,660-699,61-70,<=28,ND,Refinance,Primary,Single Family,ServicerD,2019
LN0003767,2021-02,136000,5.25,360,700-739,71-80,>50,NH,Refinance,Primary,Condo,ServicerD,2021
LN0003768,2020-08,129000,3.25,120,700-739,96-100,44-50,NM,Refinance,Primary,Condo,ServicerE,2020
LN0003769,2018-11,150000,6.125,360,620-659,71-80,<=28,NE,Refinance,Primary,PUD,ServicerB,2018
LN0003770,2021-12,374000,4.125,120,620-659,71-80,44-50,VT,Purchase,Primary,Multi-Family,ServicerB,2021
LN0003771,2019-03,149000,3.375,360,700-739,61-70,<=28,NH,Other,Primary,Single Family,ServicerB,2019
LN0003772,2018-04,154000,3.0,360,780+,<=60,37-43,RI,Refinance,Primary,PUD,ServicerE,2018
LN0003773,2018-12,103000,2.99,240,660-699,61-70,>50,ID,Purchase,Primary,Multi-Family,ServicerC,2018
LN0003774,2022-04,101000,3.625,120,740-779,<=60,37-43,KS,Purchase,Investment,PUD,ServicerC,2022
LN0003775,2021-07,255000,7.625,240,740-779,<=60,37-43,RI,Refinance,Primary,Co-op,ServicerA,2021
LN0003776,2018-09,98000,6.25,360,780+,<=60,>50,NM,Cash-Out Refinance,Primary,PUD,ServicerD,2018
LN0003777,2020-08,402000,3.125,360,780+,96-100,<=28,WV,Purchase,Primary,Co-op,ServicerE,2020
LN0003778,2022-08,157000,1.875,360,700-739,81-90,29-36,NE,Purchase,Primary,Single Family,ServicerB,2022
LN0003779,2018-01,110000,3.125,360,740-779,71-80,37-43,MT,Cash-Out Refinance,Primary,Condo,ServicerE,2018
LN0003780,2020-01,180000,5.625,180,780+,91-95,<=28,MT,Refinance,Primary,Condo,ServicerC,2020
LN0003781,2020-12,219000,2.375,360,700-739,96-100,44-50,MT,Purchase,Primary,Single Family,ServicerC,2020
LN0003782,2018-07,38000,3.0,360,,71-80,44-50,NH,Cash-Out Refinance,Primary,Multi-Family,ServicerE,2018
LN0003783,2018-04,134000,2.375,360,<620,96-100,44-50,VT,Refinance,Primary,Single Family,ServicerB,2018
LN0003784,2022-08,153000,6.25,360,780+,96-100,37-43,ID,Purchase,Primary,Condo,ServicerD,2022
LN0003785,2022-03,164000,2.125,360,740-779,<=60,44-50,AK,Refinance,Primary,Co-op,ServicerA,2022
LN0003786,2022-04,173000,3.25,240,620-659,96-100,44-50,SD,Purchase,Primary,Multi-Family,ServicerD,2022
LN0003787,2018-01,124000,5.34,360,700-739,<=60,44-50,NV,Cash-Out Refinance,Primary,Single Family,ServicerE,2018
LN0003788,2019-08,166000,5.0,180,700-739,71-80,44-50,NE,Cash-Out Refinance,Primary,Multi-Family,ServicerE,2019
LN0003789,2018-08,165000,5.74,360,620-659,71-80,44-50,ID,Other,Primary,Co-op,ServicerD,2018
LN0003790,2022-01,78000,3.32,180,780+,96-100,44-50,KS,Other,Primary,Co-op,ServicerA,2022
LN0003791,2019-12,248000,3.375,360,660-699,71-80,44-50,DE,Refinance,Primary,Condo,ServicerC,2019
LN0003792,2019-01,63000,3.375,240,<620,96-100,37-43,NE,Purchase,Primary,Co-op,ServicerA,2019
LN0003793,2019-11,247000,2.75,360,700-739,71-80,37-43,HI,Refinance,Primary,PUD,ServicerA,2019
LN0003794,2018-05,243000,5.625,180,740-779,81-90,44-50,NM,Purchase,Primary,Condo,ServicerA,2018
LN0003795,2018-08,88000,3.375,360,<620,61-70,,DE,Purchase,Secondary,Co-op,ServicerC,2018
LN0003796,2022-03,266000,2.875,360,740-779,71-80,37-43,RI,Refinance,Primary,Co-op,ServicerA,2022
LN0003797,2022-02,118000,8.2,240,700-739,61-70,44-50,HI,Purchase,Primary,Multi-Family,ServicerB,2022
LN0003798,2018-02,143000,2.99,360,620-659,<=60,29-36,ND,Cash-Out Refinance,Primary,Co-op,ServicerA,2018
LN0003799,2021-10,143000,2.375,180,620-659,<=60,37-43,VT,Purchase,Primary,Single Family,ServicerC,2021
LN0003800,2022-04,447000,4.75,360,700-739,71-80,37-43,NH,Cash-Out Refinance,Primary,PUD,ServicerB,2022
LN0003801,2018-04,216000,3.25,360,660-699,91-95,>50,WY,Purchase,Primary,Condo,ServicerD,2018
LN0003802,2021-06,218000,9.45,360,,61-70,37-43,,Purchase,Primary,Single Family,ServicerB,2021
LN0003803,2021-06,87000,2.25,360,740-779,<=60,>50,ID,Purchase,Primary,PUD,ServicerA,2021
LN0003804,2018-11,126000,3.25,180,780+,61-70,<=28,WY,Purchase,Primary,Multi-Family,ServicerB,2018
LN0003805,2022-09,216000,2.875,360,660-699,91-95,29-36,NM,Refinance,Primary,PUD,ServicerD,2022
LN0003806,2019-06,184000,2.75,360,780+,96-100,37-43,HI,Purchase,Secondary,Single Family,ServicerD,2019
LN0003807,2019-01,43000,3.875,180,700-739,<=60,37-43,NE,Refinance,Primary,Co-op,ServicerD,2019
LN0003808,2022-03,147000,6.0,360,660-699,<=60,37-43,KS,Purchase,Primary,Co-op,ServicerC,2022
LN0003809,2020-02,228000,4.125,360,<620,96-100,<=28,ID,Refinance,Primary,Multi-Family,ServicerD,2020
LN0003810,2018-05,69000,3.375,360,<620,71-80,44-50,SD,Cash-Out Refinance,Primary,PUD,ServicerB,2018
LN0003811,2019-07,125000,6.0,360,740-779,<=60,44-50,ID,Refinance,Primary,PUD,ServicerC,2019
LN0003812,2019-12,180000,3.375,360,,61-70,44-50,MT,Purchase,Primary,Condo,ServicerE,2019
LN0003813,2020-09,134000,3.75,180,660-699,61-70,44-50,NM,Refinance,Primary,Single Family,ServicerA,2020
LN0003814,2019-08,75000,3.025,360,740-779,96-100,37-43,ID,Purchase,Primary,Co-op,ServicerB,2019
LN0003815,2019-10,76000,3.375,360,660-699,71-80,44-50,WY,Purchase,Primary,Multi-Family,ServicerE,2019
LN0003816,2018-03,1471000,3.375,360,700-739,71-80,44-50,ID,Cash-Out Refinance,Primary,Co-op,ServicerE,2018
LN0003817,2018-11,167000,3.75,240,660-699,>100,37-43,RI,Purchase,Primary,Co-op,ServicerD,2018
LN0003818,2022-07,98000,2.75,240,780+,71-80,44-50,RI,Purchase,Primary,Condo,ServicerC,2022
LN0003819,2019-01,135000,6.375,360,780+,<=60,44-50,ID,Cash-Out Refinance,Primary,PUD,ServicerB,2019
LN0003820,2021-02,144000,2.75,360,700-739,61-70,37-43,ID,Cash-Out Refinance,Primary,Condo,ServicerD,2021
LN0003821,2018-01,105000,2.125,360,660-699,71-80,37-43,NH,Purchase,Investment,Multi-Family,ServicerA,2018
LN0003822,2019-02,273000,2.75,360,660-699,71-80,44-50,AK,Purchase,Primary,Single Family,ServicerE,2019
LN0003823,2022-05,221000,7.0,360,740-779,<=60,<=28,NV,Refinance,Primary,Single Family,ServicerE,2022
LN0003824,2021-12,88000,4.75,360,660-699,71-80,44-50,MT,Purchase,Primary,PUD,ServicerC,2021
LN0003825,2021-12,281000,3.5,360,660-699,96-100,<=28,WV,Refinance,Primary,Co-op,ServicerC,2021
LN0003826,2019-04,239000,2.75,360,620-659,<=60,44-50,VT,Refinance,Primary,PUD,ServicerB,2019
LN0003827,2019-11,193000,8.25,360,700-739,71-80,29-36,ID,Refinance,Secondary,Co-op,ServicerE,2019
LN0003828,2020-09,172000,2.75,360,700-739,81-90,29-36,ID,Refinance,Primary,Condo,ServicerB,2020
LN0003829,2021-07,96000,3.5,180,780+,81-90,37-43,ID,Cash-Out Refinance,Primary,Single Family,ServicerA,2021
LN0003830,2019-03,209000,2.625,360,660-699,61-70,37-43,NH,Refinance,Primary,Single Family,ServicerD,2019
LN0003831,2022-12,85000,2.99,360,700-739,96-100,37-43,RI,Refinance,Primary,Multi-Family,ServicerC,2022
LN0003832,2018-10,117000,4.75,360,740-779,71-80,37-43,ID,Refinance,Primary,Multi-Family,ServicerC,2018
LN0003833,2019-12,90000,7.625,180,780+,96-100,37-43,NH,Cash-Out Refinance,Primary,Condo,ServicerC,2019
LN0003834,2021-10,162000,3.25,120,700-739,71-80,37-43,,Refinance,Primary,Multi-Family,ServicerA,2021
LN0003835,2018-11,97000,2.75,360,700-739,<=60,>50,DE,Purchase,Secondary,Co-op,ServicerE,2018
LN0003836,2020-06,224000,3.5,360,660-699,61-70,44-50,NH,Purchase,Primary,Co-op,ServicerB,2020
LN0003837,2021-01,647000,2.75,360,780+,71-80,37-43,NH,Purchase,Primary,Condo,ServicerB,2021
LN0003838,2022-04,32000,9.75,360,620-659,<=60,29-36,NE,Purchase,Primary,Condo,ServicerB,2022
LN0003839,2019-02,197000,3.75,120,780+,71-80,37-43,MT,Cash-Out Refinance,Primary,PUD,ServicerB,2019
LN0003840,2022-02,66000,4.625,360,740-779,<=60,29-36,ID,Purchase,Primary,Multi-Family,ServicerE,2022
LN0003841,2022-06,71000,2.99,360,700-739,71-80,44-50,DE,Refinance,Secondary,Single Family,ServicerC,2022
LN0003842,2022-09,281000,6.25,180,<620,71-80,37-43,WV,Other,Primary,Co-op,ServicerB,2022
LN0003843,2019-08,202000,2.5,360,700-739,<=60,37-43,RI,Purchase,Primary,Multi-Family,ServicerA,2019
LN0003844,2019-05,151000,4.5,360,700-739,71-80,37-43,MT,Cash-Out Refinance,Primary,Co-op,ServicerB,2019
LN0003845,2018-04,180000,3.0,240,620-659,71-80,37-43,DE,Purchase,Secondary,PUD,ServicerB,2018
LN0003846,2018-03,79000,5.99,360,740-779,>100,37-43,KS,Cash-Out Refinance,Primary,Co-op,ServicerC,2018
LN0003847,2021-08,369000,3.25,180,780+,<=60,<=28,NH,Refinance,Primary,Co-op,ServicerE,2021
LN0003848,2019-03,88000,7.49,240,700-739,<=60,37-43,MS,Purchase,Primary,Co-op,ServicerE,2019
LN0003849,2018-01,546000,6.99,360,740-779,<=60,37-43,NH,Refinance,Primary,PUD,ServicerD,2018
LN0003850,2020-05,139000,8.5,180,<620,<=60,29-36,KS,Purchase,Primary,Condo,ServicerC,2020
LN0003851,2019-07,77000,3.125,360,700-739,<=60,37-43,VT,Purchase,Primary,Single Family,ServicerE,2019
LN0003852,2020-06,252000,3.5,360,620-659,>100,44-50,,Purchase,Primary,Condo,ServicerE,2020
LN0003853,2022-08,103000,4.75,360,740-779,71-80,29-36,NM,Refinance,Primary,Co-op,ServicerC,2022
LN0003854,2018-02,394000,3.25,360,780+,71-80,37-43,DE,Purchase,Primary,Single Family,ServicerB,2018
LN0003855,2018-09,167000,5.83,240,740-779,71-80,37-43,ND,Purchase,Primary,Condo,ServicerD,2018
LN0003856,2019-03,132000,4.375,360,<620,<=60,44-50,MT,Purchase,Investment,PUD,ServicerC,2019
LN0003857,2018-08,164000,2.75,360,660-699,81-90,44-50,HI,Refinance,Primary,Multi-Family,ServicerA,2018
LN0003858,2022-02,143000,2.625,360,700-739,71-80,<=28,ID,Purchase,Primary,Single Family,ServicerD,2022
LN0003859,2018-04,316000,2.375,180,700-739,71-80,29-36,ID,Purchase,Primary,Condo,ServicerC,2018
LN0003860,2021-10,254000,2.875,180,780+,71-80,44-50,VT,Cash-Out Refinance,Primary,Condo,ServicerA,2021
LN0003861,2022-06,383000,2.875,360,740-779,,44-50,NM,Purchase,Primary,Multi-Family,ServicerA,2022
LN0003862,2021-04,155000,2.875,180,740-779,81-90,29-36,NM,Purchase,Primary,Co-op,ServicerD,2021
LN0003863,2020-04,162000,2.875,180,660-699,71-80,29-36,WY,Purchase,Primary,Multi-Family,ServicerE,2020
LN0003864,2018-06,125000,5.0,180,660-699,<=60,<=28,NV,Purchase,Primary,PUD,ServicerD,2018
LN0003865,2019-02,110000,2.75,360,620-659,<=60,29-36,RI,Cash-Out Refinance,Primary,Multi-Family,ServicerC,2019
LN0003866,2019-12,64000,3.25,360,660-699,71-80,>50,WY,Purchase,Primary,Multi-Family,ServicerC,2019
LN0003867,2021-04,126000,2.625,360,700-739,96-100,,NM,Other,Primary,PUD,ServicerB,2021
LN0003868,2021-04,113000,5.05,120,740-779,71-80,44-50,NH,Refinance,Primary,Condo,ServicerC,2021
LN0003869,2018-08,254000,2.875,360,740-779,<=60,44-50,NH,Refinance,Primary,Multi-Family,ServicerA,2018
LN0003870,2022-08,281000,3.75,360,<620,96-100,37-43,SD,Purchase,Secondary,Single Family,ServicerA,2022
LN0003871,2018-07,615000,5.25,360,700-739,96-100,29-36,HI,Purchase,Primary,Multi-Family,ServicerC,2018
LN0003872,2019-04,319000,4.25,360,620-659,>100,37-43,ID,Refinance,Primary,Single Family,ServicerC,2019
LN0003873,2022-08,116000,2.625,360,620-659,<=60,<=28,NE,Refinance,Primary,Single Family,ServicerE,2022
LN0003874,2019-07,216000,5.0,120,780+,96-100,44-50,NE,Refinance,Primary,Multi-Family,ServicerE,2019
LN0003875,2020-03,59000,3.125,240,<620,96-100,>50,NM,Purchase,Primary,Multi-Family,ServicerC,2020
LN0003876,2021-12,363000,3.25,360,700-739,71-80,44-50,NV,Purchase,Primary,Multi-Family,ServicerE,2021
LN0003877,2019-11,224000,3.49,360,620-659,<=60,44-50,VT,Refinance,Secondary,Single Family,ServicerC,2019
LN0003878,2020-05,106000,3.375,120,780+,96-100,29-36,SD,Refinance,Investment,Single Family,ServicerD,2020
LN0003879,2019-06,107000,6.5,240,700-739,71-80,<=28,MT,Purchase,Primary,PUD,ServicerC,2019
LN0003880,2019-01,199000,7.125,240,660-699,<=60,<=28,NE,Purchase,Primary,PUD,ServicerC,2019
LN0003881,2022-01,121000,3.125,240,700-739,<=60,44-50,ID,Refinance,Primary,PUD,ServicerA,2022
LN0003882,2020-03,206000,11.24,360,740-779,71-80,,WV,Purchase,Primary,Single Family,ServicerC,2020
LN0003883,2018-08,88000,2.25,360,780+,71-80,44-50,ID,Purchase,Primary,Multi-Family,ServicerA,2018
LN0003884,2021-07,135000,2.375,180,660-699,<=60,>50,NE,Refinance,Investment,Single Family,ServicerA,2021
LN0003885,2019-06,71000,5.125,360,780+,81-90,37-43,SD,Purchase,Secondary,Single Family,ServicerD,2019
LN0003886,2019-05,140000,6.75,360,780+,<=60,37-43,ND,Refinance,Primary,Multi-Family,ServicerA,2019
LN0003887,2022-03,291000,2.99,360,780+,<=60,44-50,NV,Purchase,Primary,Single Family,ServicerC,2022
LN0003888,2022-03,91000,4.375,360,,61-70,37-43,ND,Purchase,Primary,Single Family,ServicerA,2022
LN0003889,2022-09,347000,2.75,360,740-779,61-70,37-43,NV,Other,Primary,Multi-Family,ServicerD,2022
LN0003890,2019-02,229000,2.937,360,700-739,61-70,44-50,ID,Purchase,Primary,Multi-Family,ServicerB,2019
LN0003891,2021-09,273000,3.25,360,740-779,71-80,37-43,SD,Purchase,Primary,PUD,ServicerA,2021
LN0003892,2021-04,237000,9.16,360,700-739,71-80,37-43,ID,Cash-Out Refinance,Primary,PUD,ServicerE,2021
LN0003893,2022-08,216000,3.625,360,740-779,<=60,<=28,,Cash-Out Refinance,Primary,Condo,ServicerA,2022
LN0003894,2021-05,115000,2.5,180,700-739,96-100,44-50,NV,Refinance,Primary,PUD,ServicerB,2021
LN0003895,2018-12,269000,3.75,180,740-779,>100,>50,DE,Purchase,Primary,Co-op,ServicerA,2018
LN0003896,2021-12,347000,5.99,180,780+,<=60,>50,SD,Refinance,Primary,Co-op,ServicerD,2021
LN0003897,2019-04,141000,2.5,360,620-659,96-100,37-43,ID,Purchase,Primary,Multi-Family,ServicerA,2019
LN0003898,2020-07,147000,2.875,240,780+,81-90,44-50,RI,Refinance,Primary,Co-op,ServicerA,2020
LN0003899,2022-04,127000,3.05,360,700-739,71-80,37-43,SD,Purchase,Primary,Co-op,ServicerD,2022
LN0003900,2022-03,196000,2.5,360,780+,71-80,>50,ID,Cash-Out Refinance,Primary,Multi-Family,ServicerA,2022
LN0003901,2022-01,193000,2.625,360,700-739,<=60,<=28,MT,Purchase,Primary,Co-op,ServicerD,2022
LN0003902,2021-01,165000,3.125,360,660-699,81-90,44-50,ID,Purchase,Primary,Multi-Family,ServicerD,2021
LN0003903,2018-08,333000,4.375,240,780+,91-95,37-43,NE,Refinance,Primary,Condo,ServicerD,2018
LN0003904,2022-01,128000,6.375,180,660-699,96-100,>50,AK,Purchase,Primary,Multi-Family,ServicerB,2022
LN0003905,2021-09,152000,2.75,360,780+,<=60,>50,AK,Cash-Out Refinance,Primary,Condo,ServicerA,2021
LN0003906,2021-08,183000,3.275,180,700-739,81-90,44-50,MT,Refinance,Primary,Multi-Family,ServicerC,2021
LN0003907,2018-08,186000,7.5,240,700-739,71-80,<=28,ID,Purchase,Primary,Multi-Family,ServicerD,2018
LN0003908,2021-04,560000,5.0,360,660-699,96-100,37-43,ID,Purchase,Primary,PUD,ServicerD,2021
LN0003909,2018-09,135000,3.25,360,700-739,<=60,<=28,KS,Cash-Out Refinance,Primary,Co-op,ServicerB,2018
LN0003910,2018-12,260000,5.375,240,660-699,61-70,37-43,ND,Purchase,Primary,PUD,ServicerE,2018
LN0003911,2021-04,363000,6.5,180,<620,71-80,37-43,SD,Purchase,Primary,Condo,ServicerD,2021
LN0003912,2019-06,91000,3.875,360,660-699,71-80,29-36,WV,Purchase,Primary,Single Family,ServicerC,2019
LN0003913,2020-04,311000,3.375,360,<620,71-80,37-43,ID,Purchase,Investment,Co-op,ServicerA,2020
LN0003914,2018-01,223000,7.0,360,780+,81-90,>50,NH,Purchase,Primary,Single Family,ServicerE,2018
LN0003915,2021-11,340000,6.125,240,780+,<=60,44-50,WV,Other,Primary,PUD,ServicerD,2021
LN0003916,2020-03,185000,2.625,240,700-739,81-90,37-43,NH,Refinance,Primary,Co-op,ServicerC,2020
LN0003917,2021-10,86000,4.0,360,740-779,<=60,>50,NM,Refinance,Primary,Single Family,ServicerE,2021
LN0003918,2022-01,309000,1.875,360,660-699,61-70,29-36,NH,Purchase,Primary,Co-op,ServicerA,2022
LN0003919,2021-08,222000,7.75,360,740-779,96-100,37-43,WY,Cash-Out Refinance,Primary,Co-op,ServicerE,2021
LN0003920,2019-12,286000,6.1,360,740-779,96-100,44-50,NE,Cash-Out Refinance,Primary,Multi-Family,ServicerE,2019
LN0003921,2021-03,40000,4.375,240,780+,71-80,37-43,DE,Cash-Out Refinance,Primary,Multi-Family,ServicerA,2021
LN0003922,2020-11,469000,3.0,360,700-739,,37-43,AK,Other,Primary,Single Family,ServicerD,2020
LN0003923,2021-12,325000,2.75,360,740-779,91-95,>50,NE,Purchase,Investment,Co-op,ServicerC,2021
LN0003924,2018-11,175000,2.875,360,660-699,96-100,44-50,ID,Refinance,Primary,Co-op,ServicerD,2018
LN0003925,2018-07,155000,4.625,360,780+,71-80,44-50,WV,Purchase,Primary,Multi-Family,ServicerB,2018
LN0003926,2020-09,119000,3.0,180,<620,<=60,37-43,ND,Refinance,Investment,Co-op,ServicerD,2020
LN0003927,2018-05,90000,4.99,360,740-779,81-90,37-43,ID,Purchase,Primary,Condo,ServicerC,2018
LN0003928,2021-05,216000,10.75,360,740-779,71-80,37-43,ID,Purchase,Primary,PUD,ServicerA,2021
LN0003929,2022-09,210000,3.75,360,740-779,91-95,29-36,WV,Refinance,Primary,Condo,ServicerB,2022
LN0003930,2022-04,175000,4.75,360,620-659,81-90,44-50,ID,Cash-Out Refinance,Primary,Condo,ServicerB,2022
LN0003931,2018-10,90000,2.625,360,780+,<=60,29-36,ID,Purchase,Primary,Multi-Family,ServicerD,2018
LN0003932,2020-12,87000,6.375,240,620-659,71-80,29-36,ND,Purchase,Primary,Condo,ServicerB,2020
LN0003933,2018-09,250000,9.25,360,740-779,96-100,37-43,WY,Purchase,Primary,PUD,ServicerC,2018
LN0003934,2020-01,170000,3.0,240,660-699,96-100,29-36,NE,Purchase,Primary,Single Family,ServicerC,2020
LN0003935,2018-07,201000,5.999,120,660-699,71-80,37-43,ID,Cash-Out Refinance,Primary,PUD,ServicerA,2018
LN0003936,2020-08,211000,2.75,120,700-739,91-95,<=28,VT,Purchase,Investment,Co-op,ServicerC,2020
LN0003937,2022-01,105000,3.5,360,700-739,<=60,>50,NE,Cash-Out Refinance,Primary,Multi-Family,ServicerB,2022
LN0003938,2020-06,96000,2.625,360,620-659,<=60,29-36,ID,Other,Primary,Condo,ServicerB,2020
LN0003939,2019-11,123000,5.625,360,620-659,<=60,44-50,NV,Refinance,Primary,Condo,ServicerE,2019
LN0003940,2022-12,94000,3.25,360,700-739,81-90,44-50,ND,Refinance,Primary,Multi-Family,ServicerB,2022
LN0003941,2018-09,179000,1.89,360,740-779,<=60,29-36,ID,Purchase,Primary,Single Family,ServicerD,2018
LN0003942,2019-03,646000,3.25,180,780+,<=60,37-43,NM,Refinance,Primary,Co-op,ServicerA,2019
LN0003943,2020-04,170000,2.75,360,620-659,<=60,37-43,ID,Purchase,Primary,Co-op,ServicerB,2020
LN0003944,2022-02,166000,3.0,360,700-739,71-80,37-43,ID,Refinance,Primary,Condo,ServicerE,2022
LN0003945,2021-12,54000,2.25,360,620-659,<=60,37-43,ID,Cash-Out Refinance,Primary,Multi-Family,ServicerB,2021
LN0003946,2022-12,197000,4.875,360,<620,71-80,>50,RI,Cash-Out Refinance,Investment,Condo,ServicerD,2022
LN0003947,2019-12,139000,7.75,360,740-779,91-95,29-36,NM,Purchase,Primary,Condo,ServicerA,2019
LN0003948,2019-06,144000,4.5,360,740-779,71-80,44-50,ID,Purchase,Secondary,Condo,ServicerB,2019
LN0003949,2020-05,205000,2.75,120,620-659,91-95,37-43,ID,Purchase,Primary,PUD,ServicerA,2020
LN0003950,2022-11,342000,2.999,240,660-699,<=60,37-43,NV,Cash-Out Refinance,Primary,Co-op,ServicerE,2022
LN0003951,2021-05,224000,5.0,360,<620,<=60,37-43,KS,Purchase,Primary,Condo,ServicerD,2021
LN0003952,2018-02,154000,7.5,360,780+,96-100,37-43,ID,Cash-Out Refinance,Primary,Condo,ServicerE,2018
LN0003953,2020-06,406000,2.875,360,780+,71-80,<=28,WY,Purchase,Primary,Condo,ServicerB,2020
LN0003954,2021-08,89000,5.875,360,620-659,96-100,44-50,AK,Refinance,Primary,PUD,ServicerB,2021
LN0003955,2022-09,262000,2.99,360,660-699,71-80,37-43,ID,Purchase,Investment,PUD,ServicerC,2022
LN0003956,2018-08,61000,3.0,360,780+,81-90,44-50,ID,Purchase,Primary,Condo,ServicerA,2018
LN0003957,2022-11,224000,2.75,360,780+,81-90,29-36,AK,Purchase,Primary,PUD,ServicerC,2022
LN0003958,2022-05,225000,6.188,360,700-739,>100,>50,MT,Refinance,Primary,Condo,ServicerE,2022
LN0003959,2021-10,226000,2.75,180,<620,61-70,44-50,NE,Cash-Out Refinance,Primary,Single Family,ServicerA,2021
LN0003960,2020-11,172000,3.625,360,<620,91-95,29-36,NE,Refinance,Primary,Multi-Family,ServicerB,2020
LN0003961,2018-04,411000,2.75,360,700-739,71-80,44-50,ID,Refinance,Primary,Condo,ServicerD,2018
LN0003962,2021-02,166000,3.625,360,700-739,81-90,<=28,ID,Refinance,Primary,Multi-Family,ServicerB,2021
LN0003963,2018-07,198000,3.375,180,<620,71-80,37-43,KS,Purchase,Primary,Multi-Family,ServicerB,2018
LN0003964,2019-05,136000,2.5,360,700-739,71-80,29-36,DE,Cash-Out Refinance,Primary,PUD,ServicerA,2019
LN0003965,2018-02,99000,4.75,240,<620,96-100,44-50,NM,Refinance,Primary,Co-op,ServicerE,2018
LN0003966,2019-05,271000,3.125,180,740-779,<=60,44-50,NE,Refinance,Primary,Single Family,ServicerA,2019
LN0003967,2018-12,64000,3.95,180,660-699,<=60,29-36,NE,Cash-Out Refinance,Primary,Condo,ServicerD,2018
LN0003968,2019-08,166000,3.0,360,<620,96-100,37-43,RI,Refinance,Primary,PUD,ServicerB,2019
LN0003969,2019-04,284000,2.25,360,700-739,>100,37-43,NH,Purchase,Primary,Condo,ServicerD,2019
LN0003970,2022-11,532000,2.875,360,700-739,<=60,37-43,VT,Refinance,Primary,Multi-Family,ServicerB,2022
LN0003971,2018-05,203000,6.0,360,780+,61-70,44-50,ID,Purchase,Primary,Condo,ServicerE,2018
LN0003972,2021-11,64000,2.25,360,700-739,91-95,37-43,ID,Purchase,Primary,PUD,ServicerB,2021
LN0003973,2022-03,155000,4.625,360,660-699,96-100,37-43,NE,Refinance,Primary,Condo,ServicerA,2022
LN0003974,2021-06,105000,5.875,360,740-779,61-70,37-43,MT,Refinance,Primary,Single Family,ServicerB,2021
LN0003975,2021-08,171000,6.0,360,660-699,<=60,<=28,NV,Purchase,Primary,Condo,ServicerB,2021
LN0003976,2018-05,161000,3.0,360,780+,61-70,>50,WY,Purchase,Primary,Co-op,ServicerC,2018
LN0003977,2019-02,185000,6.25,360,660-699,71-80,44-50,ID,Purchase,Primary,PUD,ServicerA,2019
LN0003978,2018-04,143000,5.0,180,700-739,61-70,44-50,,Refinance,Primary,Single Family,ServicerE,2018
LN0003979,2022-11,178000,3.99,360,,71-80,44-50,NE,Refinance,Primary,Single Family,ServicerD,2022
LN0003980,2020-07,296000,2.5,360,700-739,71-80,37-43,NH,Refinance,Primary,Multi-Family,ServicerB,2020
LN0003981,2022-06,80000,3.25,360,780+,61-70,44-50,SD,Refinance,Primary,Condo,ServicerD,2022
LN0003982,2020-08,422000,10.5,360,740-779,61-70,>50,DE,Refinance,Primary,PUD,ServicerA,2020
LN0003983,2022-11,94000,7.625,360,660-699,61-70,<=28,MS,Purchase,Primary,Single Family,ServicerD,2022
LN0003984,2022-09,156000,2.75,360,660-699,71-80,37-43,ND,Cash-Out Refinance,Primary,PUD,ServicerC,2022
LN0003985,2021-08,799000,5.999,360,740-779,71-80,37-43,NM,Refinance,Primary,Condo,ServicerC,2021
LN0003986,2020-10,229000,4.25,360,780+,96-100,37-43,MT,Purchase,Primary,Single Family,ServicerC,2020
LN0003987,2019-05,349000,2.625,360,,96-100,44-50,NE,Purchase,Primary,Condo,ServicerA,2019
LN0003988,2019-05,285000,6.625,360,700-739,81-90,37-43,HI,Refinance,Primary,PUD,ServicerA,2019
LN0003989,2019-08,73000,3.875,360,660-699,61-70,29-36,ID,Purchase,Primary,Multi-Family,ServicerD,2019
LN0003990,2020-05,234000,3.49,360,780+,71-80,37-43,MT,Purchase,Primary,PUD,ServicerA,2020
LN0003991,2018-03,192000,4.125,360,620-659,71-80,>50,DE,Purchase,Investment,PUD,ServicerB,2018
LN0003992,2020-05,233000,4.625,360,660-699,61-70,44-50,HI,Purchase,Primary,PUD,ServicerB,2020
LN0003993,2021-03,121000,2.625,360,740-779,96-100,37-43,NE,Purchase,Primary,Single Family,ServicerA,2021
LN0003994,2022-03,242000,2.5,360,<620,81-90,44-50,SD,Refinance,Primary,Multi-Family,ServicerD,2022
LN0003995,2022-05,141000,3.125,240,700-739,96-100,44-50,DE,Cash-Out Refinance,Primary,Single Family,ServicerC,2022
LN0003996,2019-03,223000,3.875,360,700-739,71-80,37-43,ID,Purchase,Primary,PUD,ServicerD,2019
LN0003997,2019-03,262000,2.875,360,660-699,<=60,37-43,HI,Refinance,Primary,Single Family,ServicerE,2019
LN0003998,2019-02,57000,2.625,360,700-739,71-80,44-50,SD,Refinance,Primary,Condo,ServicerB,2019
LN0003999,2018-06,77000,2.625,120,700-739,<=60,37-43,DE,Cash-Out Refinance,Primary,Co-op,ServicerE,2018
LN0004000,2022-03,706000,3.5,360,620-659,81-90,<=28,ID,Purchase,Primary,Single Family,ServicerD,2022
LN0004001,2021-05,147000,6.375,180,700-739,>100,37-43,NE,Refinance,Primary,Multi-Family,ServicerA,2021
LN0004002,2020-03,457000,6.625,360,740-779,<=60,29-36,NH,Cash-Out Refinance,Primary,Co-op,ServicerD,2020
LN0004003,2019-09,119000,3.625,360,740-779,71-80,>50,NM,Purchase,Investment,Single Family,ServicerB,2019
LN0004004,2018-11,266000,1.99,180,620-659,71-80,>50,NE,Purchase,Primary,Single Family,ServicerB,2018
LN0004005,2020-06,116000,3.75,360,620-659,96-100,29-36,VT,Purchase,Investment,Multi-Family,ServicerC,2020
LN0004006,2019-06,94000,4.75,180,660-699,61-70,44-50,NE,Purchase,Primary,Co-op,ServicerD,2019
LN0004007,2021-09,303000,3.5,360,660-699,<=60,<=28,NM,Purchase,Primary,Co-op,ServicerC,2021
LN0004008,2019-09,531000,5.5,240,700-739,>100,44-50,MT,Purchase,Primary,Multi-Family,ServicerB,2019
LN0004009,2020-02,354000,3.625,360,740-779,<=60,37-43,NE,Cash-Out Refinance,Primary,Multi-Family,ServicerB,2020
LN0004010,2018-07,182000,4.125,240,<620,71-80,44-50,WV,Purchase,Primary,Co-op,ServicerA,2018
LN0004011,2021-03,459000,2.49,240,<620,81-90,37-43,ND,Refinance,Primary,Co-op,ServicerA,2021
LN0004012,2021-06,110000,7.0,360,700-739,96-100,37-43,WY,Cash-Out Refinance,Primary,Condo,ServicerB,2021
LN0004013,2019-01,142000,3.87,360,740-779,,<=28,ID,Purchase,Investment,Multi-Family,ServicerA,2019
LN0004014,2022-09,99000,2.875,360,620-659,<=60,44-50,NM,Refinance,Primary,Condo,ServicerA,2022
LN0004015,2020-11,52000,6.5,180,740-779,71-80,37-43,MT,Refinance,Primary,Condo,ServicerB,2020
LN0004016,2020-08,260000,4.25,360,660-699,96-100,44-50,NM,Purchase,Primary,Single Family,ServicerD,2020
LN0004017,2020-10,111000,3.0,180,780+,<=60,37-43,,Purchase,Primary,Condo,ServicerD,2020
LN0004018,2019-10,192000,3.5,360,,61-70,>50,SD,Refinance,Primary,Condo,ServicerE,2019
LN0004019,2021-06,104000,6.75,360,660-699,71-80,44-50,NV,Other,Primary,Co-op,ServicerD,2021
LN0004020,2018-12,520000,4.75,360,660-699,96-100,37-43,,Purchase,Investment,Condo,ServicerE,2018
LN0004021,2021-01,131000,3.125,360,700-739,<=60,37-43,VT,Refinance,Primary,Single Family,ServicerB,2021
LN0004022,2019-11,626000,2.75,240,660-699,96-100,37-43,NE,Purchase,Primary,Multi-Family,ServicerD,2019
LN0004023,2022-02,131000,3.0,240,740-779,71-80,37-43,ND,Other,Primary,PUD,ServicerA,2022
LN0004024,2020-01,316000,5.375,180,780+,71-80,<=28,NE,Cash-Out Refinance,Primary,PUD,ServicerB,2020
LN0004025,2021-10,191000,2.5,360,740-779,61-70,37-43,MT,Other,Primary,Co-op,ServicerE,2021
LN0004026,2019-08,343000,3.99,360,780+,81-90,37-43,NE,Cash-Out Refinance,Primary,Condo,ServicerE,2019
LN0004027,2020-02,131000,4.75,360,700-739,71-80,37-43,RI,Cash-Out Refinance,Primary,Condo,ServicerE,2020
LN0004028,2020-01,198000,2.875,360,,96-100,37-43,ID,Purchase,Primary,Condo,ServicerB,2020
LN0004029,2022-11,396000,3.875,360,740-779,71-80,37-43,ID,Purchase,Secondary,Single Family,ServicerE,2022
LN0004030,2019-10,216000,4.1,360,660-699,71-80,44-50,ID,Refinance,Primary,Condo,ServicerE,2019
LN0004031,2022-04,268000,2.125,180,740-779,<=60,37-43,NH,Purchase,Primary,Multi-Family,ServicerB,2022
LN0004032,2020-04,200000,9.74,360,660-699,91-95,29-36,RI,Other,Primary,Single Family,ServicerD,2020
LN0004033,2018-02,207000,6.625,360,620-659,71-80,37-43,ID,Cash-Out Refinance,Primary,Condo,ServicerA,2018
LN0004034,2022-08,202000,1.75,360,780+,<=60,,HI,Refinance,Investment,Multi-Family,ServicerA,2022
LN0004035,2018-09,176000,2.25,360,620-659,<=60,37-43,NM,Purchase,Primary,PUD,ServicerC,2018
LN0004036,2021-04,288000,3.125,180,780+,>100,44-50,ID,Cash-Out Refinance,Primary,Condo,ServicerE,2021
LN0004037,2021-06,151000,2.625,360,780+,71-80,37-43,VT,Purchase,Investment,PUD,ServicerB,2021
LN0004038,2022-10,50000,8.66,180,740-779,61-70,37-43,RI,Refinance,Primary,Multi-Family,ServicerD,2022
LN0004039,2022-01,210000,4.625,240,740-779,91-95,>50,NE,Refinance,Primary,Multi-Family,ServicerB,2022
LN0004040,2020-07,217000,2.99,360,700-739,71-80,44-50,NM,Purchase,Primary,PUD,ServicerB,2020
LN0004041,2019-12,161000,3.0,360,,61-70,>50,WY,Purchase,Secondary,Single Family,ServicerC,2019
LN0004042,2021-06,113000,3.625,180,660-699,<=60,37-43,SD,Other,Primary,Single Family,ServicerB,2021
LN0004043,2021-06,147000,3.5,360,700-739,<=60,29-36,VT,Cash-Out Refinance,Primary,Co-op,ServicerD,2021
LN0004044,2018-05,114000,2.148,360,740-779,61-70,37-43,ID,Cash-Out Refinance,Secondary,Multi-Family,ServicerA,2018
LN0004045,2020-06,217000,3.125,240,700-739,96-100,<=28,VT,Refinance,Primary,PUD,ServicerB,2020
LN0004046,2020-08,297000,8.875,240,700-739,71-80,37-43,RI,Purchase,Primary,PUD,ServicerB,2020
LN0004047,2022-02,151000,3.125,180,660-699,96-100,44-50,RI,Other,Primary,Single Family,ServicerE,2022
LN0004048,2019-12,88000,6.999,360,700-739,<=60,44-50,NH,Purchase,Primary,Co-op,ServicerB,2019
LN0004049,2021-12,149000,3.375,180,780+,96-100,,NM,Cash-Out Refinance,Primary,Multi-Family,ServicerB,2021
LN0004050,2021-08,152000,4.75,360,,<=60,44-50,NM,Refinance,Primary,PUD,ServicerC,2021
LN0004051,2020-03,126000,6.15,360,780+,71-80,37-43,NH,Refinance,Primary,Multi-Family,ServicerB,2020
LN0004052,2021-12,132000,2.699,360,740-779,71-80,29-36,MS,Purchase,Primary,Multi-Family,ServicerB,2021
LN0004053,2021-03,149000,4.25,360,780+,71-80,37-43,WV,Cash-Out Refinance,Primary,Co-op,ServicerE,2021
LN0004054,2022-10,100000,3.625,360,700-739,<=60,37-43,WY,Purchase,Primary,PUD,ServicerE,2022
LN0004055,2018-03,220000,2.5,360,740-779,81-90,<=28,ND,Refinance,Primary,Multi-Family,ServicerA,2018
LN0004056,2019-05,286000,3.75,360,<620,96-100,37-43,NE,Refinance,Primary,Co-op,ServicerA,2019
LN0004057,2021-09,334000,3.25,360,740-779,71-80,37-43,SD,Purchase,Primary,Condo,ServicerE,2021
LN0004058,2020-02,168000,6.99,360,<620,71-80,29-36,NH,Purchase,Primary,Condo,ServicerC,2020
LN0004059,2022-07,196000,3.875,360,780+,<=60,>50,NV,Refinance,Primary,Multi-Family,ServicerB,2022
LN0004060,2018-01,65000,6.625,360,780+,71-80,37-43,NH,Purchase,Primary,Single Family,ServicerB,2018
LN0004061,2021-11,154000,3.125,360,660-699,91-95,29-36,NE,Refinance,Primary,Single Family,ServicerC,2021
LN0004062,2020-07,106000,6.125,360,660-699,<=60,<=28,SD,Cash-Out Refinance,Primary,Co-op,ServicerA,2020
LN0004063,2019-09,208000,4.125,240,740-779,71-80,44-50,NV,Cash-Out Refinance,Primary,PUD,ServicerE,2019
LN0004064,2021-12,92000,5.49,360,660-699,71-80,>50,WY,Purchase,Primary,Single Family,ServicerB,2021
LN0004065,2022-03,158000,3.25,120,780+,<=60,29-36,MT,Purchase,Primary,Co-op,ServicerA,2022
LN0004066,2019-03,177000,4.5,360,620-659,71-80,44-50,ND,Purchase,Investment,Co-op,ServicerB,2019
LN0004067,2021-05,126000,4.0,180,620-659,81-90,37-43,,Purchase,Primary,Condo,ServicerA,2021
LN0004068,2022-08,94000,3.875,360,780+,<=60,44-50,DE,Purchase,Primary,Condo,ServicerB,2022
LN0004069,2018-05,163000,4.25,180,740-779,61-70,,WV,Cash-Out Refinance,Primary,Single Family,ServicerB,2018
LN0004070,2022-05,165000,2.25,360,780+,<=60,44-50,SD,Cash-Out Refinance,Primary,Condo,ServicerD,2022
LN0004071,2021-09,168000,6.0,180,660-699,61-70,37-43,NM,Purchase,Primary,Co-op,ServicerA,2021
LN0004072,2021-04,138000,6.99,360,740-779,61-70,37-43,AK,Purchase,Secondary,Co-op,ServicerB,2021
LN0004073,2018-01,141000,2.875,360,700-739,<=60,37-43,NE,Cash-Out Refinance,Primary,Co-op,ServicerB,2018
LN0004074,2019-05,350000,6.125,180,740-779,91-95,>50,MT,Refinance,Primary,Multi-Family,ServicerE,2019
LN0004075,2020-11,114000,2.5,360,740-779,71-80,44-50,SD,Cash-Out Refinance,Secondary,Co-op,ServicerE,2020
LN0004076,2021-02,217000,3.0,180,700-739,71-80,44-50,ID,Purchase,Primary,Multi-Family,ServicerB,2021
LN0004077,2020-07,319000,4.125,360,700-739,96-100,37-43,KS,Purchase,Primary,Single Family,ServicerC,2020
LN0004078,2019-08,91000,3.0,360,660-699,71-80,29-36,SD,Purchase,Primary,Multi-Family,ServicerD,2019
LN0004079,2019-01,172000,3.25,360,740-779,91-95,>50,NE,Purchase,Primary,Multi-Family,ServicerA,2019
LN0004080,2018-05,108000,4.625,360,660-699,<=60,29-36,,Cash-Out Refinance,Primary,Condo,ServicerD,2018
LN0004081,2021-02,75000,3.125,360,740-779,71-80,37-43,NE,Refinance,Primary,PUD,ServicerD,2021
LN0004082,2022-12,884000,4.25,360,660-699,<=60,44-50,NH,Purchase,Primary,Condo,ServicerB,2022
LN0004083,2020-10,274000,2.5,360,740-779,71-80,37-43,NM,Purchase,Primary,Multi-Family,ServicerB,2020
LN0004084,2021-10,220000,3.0,360,740-779,71-80,37-43,ID,Refinance,Primary,Single Family,ServicerB,2021
LN0004085,2021-05,133000,10.5,360,660-699,71-80,37-43,MT,Refinance,Primary,PUD,ServicerD,2021
LN0004086,2021-12,85000,4.99,360,<620,71-80,37-43,NE,Refinance,Investment,Condo,ServicerD,2021
LN0004087,2018-06,120000,2.25,120,620-659,61-70,44-50,RI,Cash-Out Refinance,Primary,PUD,ServicerD,2018
LN0004088,2022-12,164000,7.5,360,740-779,96-100,37-43,NE,Purchase,Primary,Multi-Family,ServicerD,2022
LN0004089,2022-01,289000,2.75,360,,96-100,29-36,RI,Refinance,Primary,Co-op,ServicerB,2022
LN0004090,2020-03,137000,5.375,360,<620,<=60,29-36,ID,Refinance,Primary,PUD,ServicerC,2020
LN0004091,2022-01,178000,2.625,360,740-779,71-80,37-43,VT,Refinance,Primary,Co-op,ServicerD,2022
LN0004092,2019-06,65000,2.99,240,660-699,<=60,<=28,NE,Cash-Out Refinance,Primary,Multi-Family,ServicerE,2019
LN0004093,2021-12,102000,2.625,360,700-739,61-70,>50,NH,Refinance,Primary,Single Family,ServicerA,2021
LN0004094,2019-06,354000,4.0,360,780+,71-80,44-50,NM,Purchase,Primary,Co-op,ServicerC,2019
LN0004095,2019-01,170000,2.75,360,660-699,71-80,44-50,SD,Refinance,Primary,Condo,ServicerD,2019
LN0004096,2020-06,88000,3.75,360,700-739,71-80,37-43,NE,Cash-Out Refinance,Primary,Co-op,ServicerA,2020
LN0004097,2021-11,166000,2.625,360,<620,<=60,44-50,SD,Refinance,Primary,Single Family,ServicerE,2021
LN0004098,2020-01,93000,3.1,180,620-659,<=60,37-43,HI,Refinance,Investment,Multi-Family,ServicerE,2020
LN0004099,2020-05,43000,5.75,360,660-699,96-100,44-50,KS,Refinance,Primary,Condo,ServicerE,2020
LN0004100,2022-11,130000,3.875,360,<620,<=60,44-50,NM,Purchase,Primary,PUD,ServicerB,2022
LN0004101,2018-09,142000,3.5,180,740-779,96-100,37-43,HI,Purchase,Investment,Multi-Family,ServicerC,2018
LN0004102,2019-11,128000,2.5,360,700-739,71-80,37-43,NE,Refinance,Primary,Condo,ServicerE,2019
LN0004103,2019-02,348000,3.89,360,700-739,71-80,37-43,RI,Cash-Out Refinance,Investment,Multi-Family,ServicerA,2019
LN0004104,2022-03,276000,2.5,360,620-659,61-70,37-43,RI,Refinance,Primary,Co-op,ServicerC,2022
LN0004105,2022-06,70000,3.0,180,660-699,71-80,<=28,WY,Cash-Out Refinance,Primary,Multi-Family,ServicerD,2022
LN0004106,2020-11,275000,2.375,360,740-779,>100,<=28,SD,Refinance,Primary,Single Family,ServicerD,2020
LN0004107,2020-05,145000,4.25,360,780+,<=60,44-50,MT,Purchase,Investment,PUD,ServicerC,2020
LN0004108,2020-02,131000,7.25,180,<620,71-80,>50,NM,Refinance,Primary,Single Family,ServicerC,2020
LN0004109,2022-10,53000,9.25,360,780+,,44-50,KS,Purchase,Primary,Multi-Family,ServicerC,2022
LN0004110,2020-03,126000,4.375,360,700-739,71-80,44-50,NE,Purchase,Primary,Multi-Family,ServicerA,2020
LN0004111,2018-03,142000,2.875,360,700-739,71-80,29-36,HI,Refinance,Primary,PUD,ServicerB,2018
LN0004112,2022-05,96000,7.0,360,700-739,71-80,44-50,NE,Purchase,Primary,PUD,ServicerE,2022
LN0004113,2020-08,186000,1.75,360,<620,81-90,44-50,WV,Purchase,Primary,Single Family,ServicerE,2020
LN0004114,2021-06,155000,3.25,360,620-659,81-90,>50,SD,Purchase,Primary,Single Family,ServicerC,2021
LN0004115,2019-02,192000,4.125,360,740-779,71-80,44-50,ND,Refinance,Primary,Co-op,ServicerD,2019
LN0004116,2019-03,126000,5.75,360,660-699,91-95,44-50,NH,Purchase,Primary,Co-op,ServicerB,2019
LN0004117,2022-04,397000,2.49,180,780+,96-100,29-36,ID,Purchase,Primary,Co-op,ServicerB,2022
LN0004118,2019-09,399000,4.5,360,700-739,91-95,37-43,DE,Refinance,Primary,Condo,ServicerA,2019
LN0004119,2022-12,197000,2.375,360,620-659,81-90,29-36,HI,Refinance,Primary,PUD,ServicerC,2022
LN0004120,2022-09,360000,2.75,360,740-779,61-70,>50,NH,Cash-Out Refinance,Primary,Multi-Family,ServicerB,2022
LN0004121,2022-12,128000,3.25,360,660-699,96-100,>50,ND,Purchase,Primary,Condo,ServicerA,2022
LN0004122,2018-07,141000,3.375,360,700-739,96-100,44-50,KS,Purchase,Primary,Co-op,ServicerB,2018
LN0004123,2021-02,153000,2.5,360,740-779,96-100,37-43,RI,Purchase,Primary,Single Family,ServicerC,2021
LN0004124,2018-03,87000,3.625,180,780+,61-70,44-50,,Purchase,Primary,Multi-Family,ServicerD,2018
LN0004125,2018-08,272000,3.25,360,740-779,71-80,29-36,MT,Other,Primary,Condo,ServicerC,2018
LN0004126,2020-05,287000,2.999,360,740-779,61-70,29-36,WV,Purchase,Primary,Co-op,ServicerD,2020
LN0004127,2020-03,156000,3.0,180,740-779,71-80,44-50,WV,Purchase,Primary,Single Family,ServicerE,2020
LN0004128,2021-10,127000,2.625,180,780+,,29-36,VT,Purchase,Primary,Condo,ServicerE,2021
LN0004129,2022-06,381000,6.125,180,660-699,81-90,44-50,ID,Purchase,Secondary,Co-op,ServicerC,2022
LN0004130,2019-12,286000,3.75,360,<620,<=60,44-50,HI,Purchase,Primary,Multi-Family,ServicerC,2019
LN0004131,2020-01,275000,4.625,360,,<=60,>50,NV,Purchase,Primary,Single Family,ServicerE,2020
LN0004132,2018-04,274000,5.625,360,660-699,81-90,29-36,DE,Other,Investment,Single Family,ServicerE,2018
LN0004133,2019-12,213000,7.5,180,740-779,81-90,<=28,HI,Cash-Out Refinance,Primary,Single Family,ServicerC,2019
LN0004134,2019-12,236000,5.0,360,740-779,61-70,37-43,SD,Purchase,Primary,Single Family,ServicerD,2019
LN0004135,2019-05,100000,6.5,180,700-739,96-100,37-43,DE,Purchase,Primary,Co-op,ServicerD,2019
LN0004136,2019-04,58000,4.0,360,<620,71-80,37-43,NE,Purchase,Primary,Condo,ServicerE,2019
LN0004137,2019-02,127000,2.75,360,740-779,71-80,44-50,MT,Refinance,Primary,Co-op,ServicerB,2019
LN0004138,2021-12,752000,3.69,360,660-699,71-80,44-50,RI,Cash-Out Refinance,Primary,Multi-Family,ServicerE,2021
LN0004139,2018-02,80000,4.25,180,740-779,>100,37-43,SD,Purchase,Investment,PUD,ServicerD,2018
LN0004140,2018-08,172000,3.0,240,700-739,71-80,37-43,AK,Purchase,Primary,Single Family,ServicerE,2018
LN0004141,2021-01,205000,4.49,180,660-699,96-100,37-43,NE,Refinance,Primary,Multi-Family,ServicerA,2021
LN0004142,2019-02,326000,2.875,120,620-659,<=60,44-50,ID,Cash-Out Refinance,Primary,Condo,ServicerE,2019
LN0004143,2018-11,240000,2.25,240,620-659,71-80,44-50,ID,Purchase,Primary,Multi-Family,ServicerD,2018
LN0004144,2022-10,504000,6.5,360,780+,<=60,37-43,NE,Purchase,Primary,Single Family,ServicerD,2022
LN0004145,2018-08,216000,2.875,360,780+,96-100,37-43,NV,Other,Primary,Multi-Family,ServicerD,2018
LN0004146,2018-05,370000,4.25,360,740-779,71-80,,ND,Refinance,Primary,Multi-Family,ServicerB,2018
LN0004147,2018-02,535000,3.75,360,620-659,61-70,44-50,NM,Cash-Out Refinance,Primary,Single Family,ServicerB,2018
LN0004148,2020-11,241000,5.5,360,700-739,96-100,44-50,MT,Purchase,Investment,Co-op,ServicerE,2020
LN0004149,2018-02,151000,6.75,180,740-779,61-70,37-43,MS,Purchase,Primary,Multi-Family,ServicerC,2018
LN0004150,2018-10,244000,2.875,360,740-779,96-100,44-50,ID,Purchase,Primary,PUD,ServicerB,2018
LN0004151,2019-10,142000,6.0,360,620-659,61-70,37-43,NV,Other,Primary,Co-op,ServicerC,2019
LN0004152,2019-03,129000,5.625,360,<620,71-80,44-50,NM,Purchase,Primary,Single Family,ServicerE,2019
LN0004153,2020-01,418000,3.125,180,740-779,91-95,29-36,HI,Refinance,Primary,Co-op,ServicerB,2020
LN0004154,2018-03,236000,5.99,360,660-699,71-80,>50,RI,Purchase,Primary,PUD,ServicerB,2018
LN0004155,2020-10,268000,3.75,240,660-699,71-80,37-43,NE,Purchase,Primary,Co-op,ServicerD,2020
LN0004156,2020-06,215000,4.99,180,<620,81-90,<=28,DE,Purchase,Primary,Condo,ServicerA,2020
LN0004157,2019-09,241000,2.99,360,700-739,81-90,44-50,MS,Purchase,Primary,PUD,ServicerA,2019
LN0004158,2022-04,96000,5.375,240,780+,61-70,44-50,RI,Purchase,Primary,Multi-Family,ServicerE,2022
LN0004159,2022-10,98000,3.99,180,780+,61-70,37-43,VT,Cash-Out Refinance,Investment,Multi-Family,ServicerE,2022
LN0004160,2018-02,217000,3.0,180,,>100,44-50,VT,Purchase,Secondary,Condo,ServicerC,2018
LN0004161,2022-01,111000,3.5,180,700-739,91-95,37-43,RI,Refinance,Primary,Single Family,ServicerE,2022
LN0004162,2022-04,55000,2.875,180,620-659,81-90,44-50,ND,Refinance,Primary,Multi-Family,ServicerA,2022
LN0004163,2019-05,102000,3.375,360,700-739,71-80,29-36,NV,Purchase,Primary,Multi-Family,ServicerC,2019
LN0004164,2019-09,97000,2.99,240,660-699,,44-50,ID,Refinance,Investment,Multi-Family,ServicerB,2019
LN0004165,2018-12,253000,2.555,360,740-779,96-100,37-43,ND,Refinance,Primary,PUD,ServicerD,2018
LN0004166,2018-04,51000,6.625,360,700-739,91-95,37-43,NM,Purchase,Primary,Single Family,ServicerB,2018
LN0004167,2022-12,54000,3.0,360,660-699,71-80,44-50,HI,Refinance,Primary,Multi-Family,ServicerD,2022
LN0004168,2021-06,218000,2.625,120,620-659,<=60,37-43,NE,Purchase,Primary,Co-op,ServicerE,2021
LN0004169,2022-03,237000,10.81,360,660-699,61-70,>50,NM,Purchase,Primary,Condo,ServicerC,2022
LN0004170,2021-11,324000,4.99,360,620-659,81-90,37-43,NM,Cash-Out Refinance,Primary,Multi-Family,ServicerB,2021
LN0004171,2018-03,317000,7.365,360,620-659,<=60,29-36,NH,Refinance,Primary,Single Family,ServicerD,2018
LN0004172,2020-07,236000,6.75,360,780+,<=60,37-43,WY,Purchase,Primary,PUD,ServicerD,2020
LN0004173,2021-04,59000,2.375,360,700-739,71-80,37-43,HI,Purchase,Primary,PUD,ServicerE,2021
LN0004174,2022-04,124000,2.375,360,700-739,<=60,37-43,,Purchase,Primary,PUD,ServicerA,2022
LN0004175,2021-02,342000,2.5,240,780+,<=60,37-43,SD,Purchase,Primary,PUD,ServicerA,2021
LN0004176,2020-02,91000,3.625,120,780+,61-70,<=28,NE,Cash-Out Refinance,Primary,Single Family,ServicerE,2020
LN0004177,2021-02,260000,5.1,360,700-739,71-80,44-50,MT,Other,Primary,Condo,ServicerA,2021
LN0004178,2022-03,112000,2.25,360,740-779,<=60,44-50,ID,Purchase,Secondary,PUD,ServicerB,2022
LN0004179,2021-06,279000,7.75,360,660-699,96-100,37-43,NE,Purchase,Primary,Single Family,ServicerA,2021
LN0004180,2020-09,179000,3.75,360,660-699,<=60,37-43,NE,Cash-Out Refinance,Primary,Co-op,ServicerC,2020
LN0004181,2018-02,154000,2.375,360,700-739,<=60,29-36,NE,Purchase,Primary,Condo,ServicerE,2018
LN0004182,2020-08,317000,5.75,360,740-779,71-80,29-36,NV,Other,Primary,Co-op,ServicerB,2020
LN0004183,2018-07,247000,5.74,360,740-779,<=60,37-43,ID,Cash-Out Refinance,Primary,PUD,ServicerC,2018
LN0004184,2020-08,229000,4.375,360,660-699,81-90,29-36,NE,Cash-Out Refinance,Primary,Multi-Family,ServicerC,2020
LN0004185,2022-12,138000,6.125,180,620-659,81-90,44-50,WV,Refinance,Primary,Co-op,ServicerB,2022
LN0004186,2020-11,249000,3.75,360,740-779,61-70,29-36,,Cash-Out Refinance,Primary,Co-op,ServicerC,2020
LN0004187,2021-04,69000,8.3,360,620-659,96-100,37-43,SD,Purchase,Primary,Co-op,ServicerD,2021
LN0004188,2022-07,169000,4.0,360,700-739,91-95,>50,WV,Other,Primary,Co-op,ServicerC,2022
LN0004189,2020-07,153000,3.875,360,740-779,96-100,>50,DE,Refinance,Primary,Multi-Family,ServicerE,2020
LN0004190,2019-02,67000,6.75,180,740-779,71-80,37-43,HI,Refinance,Primary,Co-op,ServicerE,2019
LN0004191,2021-11,147000,4.375,360,740-779,<=60,>50,NM,Cash-Out Refinance,Primary,Single Family,ServicerD,2021
LN0004192,2020-03,234000,5.25,240,780+,61-70,44-50,WV,Purchase,Primary,PUD,ServicerD,2020
LN0004193,2018-11,118000,3.875,180,700-739,71-80,44-50,NH,Cash-Out Refinance,Primary,Co-op,ServicerD,2018
LN0004194,2021-11,291000,6.75,360,740-779,96-100,37-43,ID,Refinance,Primary,Multi-Family,ServicerC,2021
LN0004195,2018-07,480000,2.25,360,740-779,71-80,44-50,NH,Purchase,Primary,PUD,ServicerD,2018
LN0004196,2021-09,317000,5.75,360,620-659,96-100,29-36,SD,Purchase,Secondary,PUD,ServicerB,2021
LN0004197,2018-02,200000,5.25,180,<620,71-80,37-43,SD,Refinance,Primary,Multi-Family,ServicerB,2018
LN0004198,2019-07,182000,2.375,360,660-699,<=60,44-50,WV,Purchase,Primary,PUD,ServicerC,2019
LN0004199,2021-12,68000,3.45,360,700-739,71-80,<=28,NM,Purchase,Primary,Co-op,ServicerE,2021
LN0004200,2022-02,101000,3.875,180,740-779,81-90,29-36,WV,Refinance,Primary,Multi-Family,ServicerE,2022
LN0004201,2019-02,239000,2.25,120,780+,71-80,37-43,NE,Purchase,Primary,Single Family,ServicerD,2019
LN0004202,2020-04,142000,4.875,240,620-659,71-80,44-50,NH,Cash-Out Refinance,Primary,Multi-Family,ServicerE,2020
LN0004203,2020-04,118000,3.74,360,620-659,71-80,37-43,,Refinance,Primary,PUD,ServicerB,2020
LN0004204,2022-07,170000,4.875,360,780+,71-80,44-50,NH,Purchase,Primary,Single Family,ServicerA,2022
LN0004205,2018-04,207000,7.375,360,620-659,96-100,44-50,HI,Cash-Out Refinance,Primary,Single Family,ServicerC,2018
LN0004206,2021-12,77000,3.25,180,700-739,61-70,<=28,MT,Purchase,Secondary,PUD,ServicerA,2021
LN0004207,2021-05,260000,4.75,360,700-739,<=60,44-50,ID,Purchase,Primary,Single Family,ServicerE,2021
LN0004208,2022-10,91000,5.25,360,700-739,<=60,44-50,ID,Refinance,Primary,Condo,ServicerA,2022
LN0004209,2020-11,145000,6.4,360,620-659,91-95,44-50,WV,Purchase,Primary,Multi-Family,ServicerC,2020
LN0004210,2021-06,389000,3.625,360,,<=60,,RI,Refinance,Primary,Single Family,ServicerD,2021
LN0004211,2021-11,76000,2.75,360,620-659,61-70,37-43,MT,Purchase,Investment,Multi-Family,ServicerE,2021
LN0004212,2022-07,176000,2.875,360,700-739,71-80,<=28,MT,Purchase,Primary,Co-op,ServicerA,2022
LN0004213,2021-09,73000,3.125,360,700-739,71-80,37-43,KS,Purchase,Primary,PUD,ServicerD,2021
LN0004214,2020-03,168000,3.125,360,660-699,71-80,<=28,HI,Purchase,Primary,Single Family,ServicerC,2020
LN0004215,2021-02,230000,5.5,180,740-779,71-80,37-43,ID,Refinance,Primary,PUD,ServicerE,2021
LN0004216,2018-05,204000,3.025,360,780+,96-100,29-36,ID,Refinance,Primary,Co-op,ServicerA,2018
LN0004217,2021-08,81000,2.75,360,<620,71-80,37-43,MT,Refinance,Primary,Co-op,ServicerA,2021
LN0004218,2019-11,200000,3.375,360,700-739,61-70,>50,VT,Cash-Out Refinance,Primary,Multi-Family,ServicerE,2019
LN0004219,2019-01,79000,4.875,360,740-779,96-100,44-50,HI,Refinance,Primary,Condo,ServicerA,2019
LN0004220,2018-12,171000,6.99,360,660-699,91-95,29-36,ID,Purchase,Primary,Condo,ServicerA,2018
LN0004221,2018-02,48000,2.99,360,660-699,>100,37-43,MT,Cash-Out Refinance,Primary,Multi-Family,ServicerA,2018
LN0004222,2021-11,364000,2.375,240,740-779,<=60,37-43,WV,Purchase,Primary,Condo,ServicerE,2021
LN0004223,2018-03,149000,2.25,360,780+,91-95,44-50,SD,Purchase,Primary,Condo,ServicerE,2018
LN0004224,2021-10,140000,5.75,360,740-779,91-95,29-36,NE,Purchase,Primary,PUD,ServicerE,2021
LN0004225,2020-03,89000,3.0,360,700-739,81-90,29-36,ID,Cash-Out Refinance,Primary,Condo,ServicerA,2020
LN0004226,2020-10,254000,2.875,360,740-779,<=60,37-43,WV,Purchase,Primary,Co-op,ServicerD,2020
LN0004227,2022-02,99000,2.35,180,660-699,71-80,37-43,WV,Purchase,Investment,PUD,ServicerB,2022
LN0004228,2018-11,353000,2.75,120,,61-70,44-50,NM,Purchase,Primary,Single Family,ServicerB,2018
LN0004229,2022-08,137000,7.5,360,,<=60,44-50,AK,Refinance,Primary,Co-op,ServicerE,2022
LN0004230,2021-04,96000,2.875,360,620-659,,44-50,RI,Purchase,Primary,Multi-Family,ServicerA,2021
LN0004231,2020-11,78000,4.375,360,740-779,<=60,44-50,AK,Refinance,Primary,Co-op,ServicerD,2020
LN0004232,2021-08,170000,6.25,360,700-739,<=60,37-43,WY,Refinance,Primary,PUD,ServicerA,2021
LN0004233,2022-05,114000,3.4,360,660-699,96-100,44-50,NM,Cash-Out Refinance,Primary,Co-op,ServicerE,2022
LN0004234,2022-06,106000,6.125,360,780+,71-80,37-43,NH,Purchase,Investment,Condo,ServicerC,2022
LN0004235,2022-09,97000,2.99,360,<620,81-90,37-43,VT,Refinance,Primary,Multi-Family,ServicerB,2022
LN0004236,2018-01,242000,3.125,360,660-699,<=60,37-43,ID,Purchase,Primary,Multi-Family,ServicerA,2018
LN0004237,2021-02,119000,2.625,180,<620,61-70,29-36,NH,Refinance,Investment,Single Family,ServicerA,2021
LN0004238,2021-08,73000,6.375,360,740-779,71-80,>50,HI,Refinance,Primary,Single Family,ServicerD,2021
LN0004239,2020-07,61000,2.625,360,740-779,<=60,44-50,NH,Purchase,Primary,Condo,ServicerA,2020
LN0004240,2021-08,215000,2.5,240,660-699,91-95,44-50,WV,Purchase,Primary,Co-op,ServicerD,2021
LN0004241,2018-01,235000,5.625,360,740-779,<=60,44-50,NH,Purchase,Primary,Condo,ServicerB,2018
LN0004242,2019-09,291000,12.25,360,700-739,61-70,37-43,NM,Refinance,Primary,Multi-Family,ServicerB,2019
LN0004243,2020-12,418000,3.125,360,740-779,<=60,37-43,MT,Refinance,Primary,Condo,ServicerE,2020
LN0004244,2019-08,256000,3.625,360,700-739,96-100,44-50,KS,Other,Primary,Multi-Family,ServicerD,2019
LN0004245,2021-03,390000,3.25,180,700-739,<=60,37-43,NM,Refinance,Primary,Co-op,ServicerB,2021
LN0004246,2020-12,123000,2.75,360,780+,91-95,29-36,MT,Refinance,Primary,PUD,ServicerD,2020
LN0004247,2021-08,177000,3.25,360,660-699,71-80,>50,SD,Refinance,Primary,Co-op,ServicerB,2021
LN0004248,2018-10,128000,4.25,360,620-659,71-80,37-43,NE,Purchase,Primary,Multi-Family,ServicerD,2018
LN0004249,2021-11,145000,3.99,360,700-739,>100,37-43,NH,Cash-Out Refinance,Primary,PUD,ServicerB,2021
LN0004250,2022-11,76000,7.375,360,780+,71-80,44-50,WV,Refinance,Primary,Co-op,ServicerB,2022
LN0004251,2022-10,79000,6.125,360,660-699,96-100,37-43,DE,Refinance,Primary,Co-op,ServicerB,2022
LN0004252,2021-08,183000,5.99,360,<620,61-70,44-50,KS,Purchase,Primary,Condo,ServicerE,2021
LN0004253,2022-03,200000,3.125,360,660-699,71-80,37-43,KS,Purchase,Primary,PUD,ServicerE,2022
LN0004254,2022-01,252000,5.875,360,700-739,96-100,44-50,WY,Cash-Out Refinance,Primary,Condo,ServicerB,2022
LN0004255,2021-05,137000,2.125,360,620-659,71-80,>50,KS,Cash-Out Refinance,Primary,Multi-Family,ServicerB,2021
LN0004256,2021-10,121000,6.25,120,740-779,71-80,44-50,SD,Purchase,Primary,Multi-Family,ServicerC,2021
LN0004257,2021-10,127000,3.125,360,780+,91-95,29-36,KS,Refinance,Primary,Co-op,ServicerD,2021
LN0004258,2020-05,166000,2.75,180,700-739,<=60,<=28,NE,Purchase,Primary,Condo,ServicerA,2020
LN0004259,2020-01,159000,5.0,360,660-699,61-70,37-43,SD,Purchase,Primary,PUD,ServicerB,2020
LN0004260,2018-10,194000,5.5,360,700-739,<=60,37-43,RI,Purchase,Primary,PUD,ServicerA,2018
LN0004261,2018-03,196000,3.125,360,620-659,91-95,44-50,NM,Cash-Out Refinance,Primary,PUD,ServicerE,2018
LN0004262,2020-06,374000,4.875,360,780+,91-95,,SD,Purchase,Primary,Co-op,ServicerD,2020
LN0004263,2022-01,166000,6.7,180,700-739,<=60,>50,ND,Refinance,Primary,Condo,ServicerD,2022
LN0004264,2020-07,144000,3.25,360,700-739,71-80,29-36,RI,Refinance,Primary,Co-op,ServicerC,2020
LN0004265,2018-07,181000,6.125,360,740-779,96-100,44-50,,Cash-Out Refinance,Primary,PUD,ServicerB,2018
LN0004266,2020-06,275000,4.75,240,700-739,<=60,<=28,WY,Purchase,Primary,Condo,ServicerC,2020
LN0004267,2021-06,86000,6.944,180,740-779,61-70,37-43,AK,Refinance,Primary,Single Family,ServicerC,2021
LN0004268,2018-11,56000,4.75,360,<620,91-95,44-50,ID,Refinance,Primary,Single Family,ServicerC,2018
LN0004269,2019-04,221000,6.5,180,740-779,61-70,29-36,WV,Purchase,Primary,Condo,ServicerE,2019
LN0004270,2019-11,166000,3.75,240,780+,<=60,>50,NM,Refinance,Primary,Co-op,ServicerA,2019
LN0004271,2020-10,197000,5.625,180,740-779,<=60,,RI,Purchase,Primary,Multi-Family,ServicerD,2020
LN0004272,2018-12,131000,2.625,360,780+,81-90,37-43,ID,Purchase,Primary,Single Family,ServicerE,2018
LN0004273,2018-05,81000,3.25,240,620-659,96-100,44-50,ID,Purchase,Primary,Co-op,ServicerA,2018
LN0004274,2018-06,190000,2.747,360,700-739,61-70,>50,ID,Refinance,Primary,Co-op,ServicerA,2018
LN0004275,2019-01,259000,5.0,360,740-779,71-80,37-43,VT,Refinance,Primary,Co-op,ServicerD,2019
LN0004276,2022-06,85000,4.25,360,700-739,81-90,,ID,Cash-Out Refinance,Primary,Co-op,ServicerB,2022
LN0004277,2018-08,156000,2.25,360,700-739,96-100,37-43,ID,Cash-Out Refinance,Primary,PUD,ServicerE,2018
LN0004278,2021-10,155000,4.99,360,660-699,61-70,37-43,ID,Purchase,Primary,Condo,ServicerE,2021
LN0004279,2022-07,275000,2.875,360,620-659,96-100,37-43,NH,Refinance,Primary,Single Family,ServicerA,2022
LN0004280,2020-01,176000,3.0,360,700-739,71-80,44-50,VT,Refinance,Primary,Single Family,ServicerE,2020
LN0004281,2021-10,273000,6.75,180,620-659,91-95,<=28,WV,Refinance,Primary,Single Family,ServicerC,2021
LN0004282,2018-06,342000,7.79,240,740-779,81-90,29-36,NE,Other,Primary,Multi-Family,ServicerB,2018
LN0004283,2021-10,356000,3.875,360,660-699,96-100,29-36,,Refinance,Primary,Single Family,ServicerD,2021
LN0004284,2021-06,242000,3.125,360,<620,<=60,37-43,ND,Purchase,Primary,Condo,ServicerB,2021
LN0004285,2022-02,63000,2.875,360,700-739,91-95,44-50,HI,Refinance,Investment,Multi-Family,ServicerB,2022
LN0004286,2021-02,99000,8.25,240,700-739,61-70,37-43,HI,Purchase,Primary,Co-op,ServicerA,2021
LN0004287,2019-06,118000,5.375,360,780+,96-100,37-43,NH,Refinance,Primary,Condo,ServicerE,2019
LN0004288,2021-09,407000,4.74,360,700-739,<=60,>50,WV,Purchase,Primary,Co-op,ServicerD,2021
LN0004289,2020-03,91000,3.5,360,660-699,96-100,29-36,ID,Purchase,Primary,Condo,ServicerD,2020
LN0004290,2022-05,83000,5.375,360,740-779,71-80,37-43,,Other,Primary,PUD,ServicerE,2022
LN0004291,2020-07,106000,2.75,360,700-739,81-90,37-43,HI,Purchase,Secondary,Condo,ServicerB,2020
LN0004292,2019-08,311000,2.875,360,,71-80,37-43,NH,Cash-Out Refinance,Primary,Condo,ServicerE,2019
LN0004293,2018-09,197000,2.75,360,700-739,<=60,29-36,SD,Refinance,Primary,Single Family,ServicerE,2018
LN0004294,2019-05,84000,9.25,360,780+,61-70,44-50,KS,Purchase,Primary,Condo,ServicerA,2019
LN0004295,2020-01,203000,3.99,360,700-739,61-70,44-50,HI,Refinance,Primary,PUD,ServicerE,2020
LN0004296,2020-10,242000,3.25,360,660-699,96-100,37-43,NM,Purchase,Primary,Multi-Family,ServicerD,2020
LN0004297,2021-04,192000,5.25,360,620-659,71-80,29-36,NM,Refinance,Primary,Multi-Family,ServicerE,2021
LN0004298,2022-12,279000,2.875,360,,<=60,<=28,NV,Cash-Out Refinance,Primary,PUD,ServicerE,2022
LN0004299,2018-12,158000,6.889,180,700-739,71-80,37-43,WV,Refinance,Primary,Co-op,ServicerC,2018
LN0004300,2022-02,174000,3.375,360,700-739,81-90,37-43,HI,Purchase,Primary,Single Family,ServicerE,2022
LN0004301,2022-06,297000,3.125,360,620-659,96-100,>50,NE,Purchase,Primary,Co-op,ServicerA,2022
LN0004302,2020-02,398000,3.125,360,780+,71-80,29-36,RI,Purchase,Primary,Co-op,ServicerA,2020
LN0004303,2022-09,82000,6.5,180,740-779,<=60,44-50,HI,Cash-Out Refinance,Primary,Condo,ServicerC,2022
LN0004304,2021-07,139000,6.25,360,700-739,,44-50,NE,Refinance,Investment,PUD,ServicerC,2021
LN0004305,2019-06,299000,3.6,180,780+,91-95,44-50,ID,Purchase,Primary,Co-op,ServicerC,2019
LN0004306,2018-11,136000,2.375,180,620-659,71-80,37-43,SD,Refinance,Primary,PUD,ServicerE,2018
LN0004307,2020-09,142000,2.25,360,700-739,96-100,29-36,AK,Cash-Out Refinance,Primary,PUD,ServicerD,2020
LN0004308,2020-07,322000,3.25,360,740-779,71-80,37-43,NE,Refinance,Primary,Multi-Family,ServicerB,2020
LN0004309,2022-06,127000,6.0,360,780+,71-80,37-43,SD,Purchase,Primary,Co-op,ServicerC,2022
LN0004310,2019-07,283000,2.99,180,740-779,>100,44-50,WV,Refinance,Primary,Co-op,ServicerD,2019
LN0004311,2021-05,158000,4.875,240,660-699,71-80,44-50,MT,Cash-Out Refinance,Primary,Co-op,ServicerB,2021
LN0004312,2022-09,136000,2.625,360,780+,61-70,>50,HI,Cash-Out Refinance,Primary,Single Family,ServicerA,2022
LN0004313,2021-11,146000,3.125,240,620-659,61-70,,AK,Refinance,Primary,Single Family,ServicerC,2021
LN0004314,2022-03,199000,6.0,360,780+,71-80,<=28,ID,Purchase,Primary,Multi-Family,ServicerC,2022
LN0004315,2018-11,155000,2.25,120,780+,<=60,44-50,DE,Purchase,Primary,Multi-Family,ServicerD,2018
LN0004316,2022-03,125000,3.0,360,620-659,<=60,37-43,SD,Purchase,Primary,PUD,ServicerE,2022
LN0004317,2022-08,144000,5.0,360,740-779,71-80,44-50,KS,Cash-Out Refinance,Primary,Multi-Family,ServicerD,2022
LN0004318,2019-11,159000,5.375,360,<620,96-100,44-50,ID,Purchase,Primary,Multi-Family,ServicerA,2019
LN0004319,2021-05,101000,3.625,360,700-739,71-80,37-43,HI,Purchase,Primary,PUD,ServicerC,2021
LN0004320,2022-10,251000,4.25,360,700-739,96-100,44-50,NH,Purchase,Primary,Co-op,ServicerC,2022
LN0004321,2021-10,112000,6.25,120,700-739,71-80,37-43,NE,Refinance,Primary,PUD,ServicerC,2021
LN0004322,2018-09,103000,3.5,360,,91-95,,NE,Refinance,Primary,Co-op,ServicerC,2018
LN0004323,2019-06,422000,5.625,240,740-779,71-80,>50,NH,Purchase,Primary,Multi-Family,ServicerA,2019
LN0004324,2021-03,73000,2.75,360,700-739,71-80,37-43,NE,Purchase,Investment,Co-op,ServicerC,2021
LN0004325,2019-03,130000,3.88,360,740-779,71-80,29-36,ID,Cash-Out Refinance,Primary,Condo,ServicerB,2019
LN0004326,2020-07,456000,2.875,360,780+,81-90,37-43,VT,Purchase,Primary,Co-op,ServicerD,2020
LN0004327,2021-06,204000,7.0,240,<620,<=60,<=28,NH,Purchase,Primary,Multi-Family,ServicerD,2021
LN0004328,2018-11,230000,3.125,360,780+,71-80,37-43,WY,Refinance,Primary,Single Family,ServicerC,2018
LN0004329,2019-07,758000,3.375,360,620-659,<=60,>50,ID,Purchase,Primary,Condo,ServicerD,2019
LN0004330,2020-05,98000,6.25,360,740-779,71-80,44-50,NH,Purchase,Primary,PUD,ServicerE,2020
LN0004331,2019-05,76000,3.125,180,660-699,61-70,44-50,WV,Cash-Out Refinance,Primary,Co-op,ServicerE,2019
LN0004332,2022-04,214000,5.295,180,620-659,96-100,44-50,SD,Purchase,Primary,Single Family,ServicerE,2022
LN0004333,2021-04,362000,3.625,180,700-739,<=60,44-50,NH,Purchase,Primary,PUD,ServicerE,2021
LN0004334,2018-03,232000,3.0,360,740-779,81-90,29-36,NM,Purchase,Investment,Multi-Family,ServicerC,2018
LN0004335,2019-01,502000,5.125,360,700-739,71-80,44-50,NE,Purchase,Primary,Single Family,ServicerC,2019
LN0004336,2019-05,54000,5.125,360,<620,<=60,37-43,WY,Refinance,Primary,Co-op,ServicerC,2019
LN0004337,2021-08,471000,3.625,360,700-739,96-100,44-50,ND,Purchase,Primary,Co-op,ServicerC,2021
LN0004338,2022-07,65000,5.375,360,780+,71-80,<=28,NE,Purchase,Primary,Co-op,ServicerA,2022
LN0004339,2021-11,98000,6.5,360,700-739,81-90,37-43,NE,Purchase,Primary,Condo,ServicerA,2021
LN0004340,2018-04,388000,4.375,240,660-699,61-70,29-36,NH,Purchase,Primary,PUD,ServicerA,2018
LN0004341,2019-05,108000,2.875,360,700-739,61-70,,ID,Purchase,Primary,Condo,ServicerB,2019
LN0004342,2019-01,100000,3.625,360,<620,71-80,37-43,ID,Purchase,Primary,Condo,ServicerC,2019
LN0004343,2020-05,67000,2.25,360,780+,<=60,<=28,NH,Refinance,Primary,Condo,ServicerD,2020
LN0004344,2022-03,124000,6.125,360,780+,96-100,37-43,DE,Refinance,Primary,Co-op,ServicerB,2022
LN0004345,2018-12,167000,3.375,360,700-739,96-100,37-43,MT,Refinance,Secondary,Single Family,ServicerB,2018
LN0004346,2021-01,97000,7.49,360,660-699,71-80,<=28,ID,Purchase,Primary,Single Family,ServicerA,2021
LN0004347,2018-02,207000,6.75,360,740-779,>100,29-36,ND,Purchase,Primary,Condo,ServicerB,2018
LN0004348,2020-10,114000,4.553,180,700-739,71-80,44-50,NE,Refinance,Investment,PUD,ServicerD,2020
LN0004349,2020-02,79000,2.875,180,780+,71-80,29-36,KS,Purchase,Investment,Condo,ServicerC,2020
LN0004350,2021-06,97000,3.5,360,740-779,61-70,<=28,NH,Cash-Out Refinance,Primary,Condo,ServicerC,2021
LN0004351,2018-07,105000,2.875,180,740-779,71-80,44-50,DE,Purchase,Primary,PUD,ServicerC,2018
LN0004352,2019-04,170000,6.875,360,700-739,<=60,37-43,AK,Purchase,Primary,Condo,ServicerB,2019
LN0004353,2018-10,103000,6.125,180,700-739,61-70,29-36,KS,Purchase,Primary,PUD,ServicerC,2018
LN0004354,2022-02,79000,4.125,180,780+,61-70,,MS,Other,Primary,Co-op,ServicerA,2022
LN0004355,2022-11,78000,2.875,180,700-739,91-95,44-50,ID,Refinance,Primary,PUD,ServicerB,2022
LN0004356,2022-09,158000,3.375,180,740-779,61-70,44-50,ID,Cash-Out Refinance,Primary,PUD,ServicerC,2022
LN0004357,2020-08,331000,3.125,360,660-699,96-100,>50,RI,Refinance,Primary,Co-op,ServicerA,2020
LN0004358,2018-04,168000,2.99,240,740-779,61-70,37-43,AK,Refinance,Primary,Co-op,ServicerE,2018
LN0004359,2022-02,236000,5.5,360,700-739,<=60,44-50,ID,Cash-Out Refinance,Primary,PUD,ServicerC,2022
LN0004360,2020-06,124000,8.125,180,620-659,81-90,37-43,SD,Purchase,Primary,Co-op,ServicerB,2020
LN0004361,2022-12,141000,7.125,180,<620,>100,>50,RI,Refinance,Primary,PUD,ServicerC,2022
LN0004362,2021-12,103000,5.7,180,740-779,91-95,44-50,MS,Purchase,Primary,Multi-Family,ServicerC,2021
LN0004363,2019-07,75000,3.375,180,740-779,<=60,37-43,MT,Other,Primary,PUD,ServicerE,2019
LN0004364,2019-03,205000,4.125,360,700-739,71-80,29-36,NH,Purchase,Primary,Multi-Family,ServicerC,2019
LN0004365,2018-03,172000,3.0,240,660-699,71-80,>50,ID,Refinance,Primary,Condo,ServicerB,2018
LN0004366,2019-05,110000,3.25,120,740-779,81-90,37-43,DE,Purchase,Primary,Condo,ServicerA,2019
LN0004367,2021-07,94000,2.875,360,620-659,<=60,37-43,NM,Refinance,Primary,Single Family,ServicerA,2021
LN0004368,2020-10,135000,6.125,360,700-739,81-90,29-36,WV,Purchase,Primary,PUD,ServicerE,2020
LN0004369,2018-08,171000,2.875,240,620-659,,29-36,HI,Refinance,Primary,Co-op,ServicerD,2018
LN0004370,2022-06,228000,3.5,180,620-659,71-80,29-36,NM,Purchase,Investment,PUD,ServicerB,2022
LN0004371,2018-06,103000,4.875,180,660-699,<=60,<=28,ND,Refinance,Investment,Condo,ServicerA,2018
LN0004372,2022-07,78000,2.99,360,700-739,61-70,44-50,ID,Purchase,Primary,Condo,ServicerC,2022
LN0004373,2021-11,205000,3.625,360,<620,<=60,37-43,ID,Purchase,Secondary,Single Family,ServicerB,2021
LN0004374,2019-05,86000,8.25,360,700-739,81-90,37-43,ND,Refinance,Primary,Single Family,ServicerD,2019
LN0004375,2019-06,74000,4.99,180,700-739,81-90,,DE,Purchase,Primary,Multi-Family,ServicerD,2019
LN0004376,2021-12,466000,2.375,360,700-739,<=60,37-43,MT,Purchase,Primary,Co-op,ServicerC,2021
LN0004377,2020-05,122000,7.4,360,700-739,<=60,37-43,NH,Refinance,Primary,Co-op,ServicerB,2020
LN0004378,2018-11,189000,5.75,360,780+,<=60,,WY,Refinance,Primary,Condo,ServicerD,2018
LN0004379,2022-01,223000,2.75,360,620-659,,44-50,ID,Purchase,Primary,Condo,ServicerD,2022
LN0004380,2018-12,265000,3.0,360,700-739,71-80,29-36,AK,Purchase,Primary,Condo,ServicerC,2018
LN0004381,2019-05,107000,7.625,360,<620,<=60,44-50,WY,Other,Primary,Multi-Family,ServicerD,2019
LN0004382,2022-07,57000,2.625,360,<620,<=60,37-43,NH,Refinance,Primary,PUD,ServicerB,2022
LN0004383,2020-11,127000,8.0,360,700-739,<=60,29-36,ND,Purchase,Primary,Condo,ServicerE,2020
LN0004384,2020-11,247000,8.5,360,700-739,71-80,<=28,NH,Purchase,Primary,PUD,ServicerB,2020
LN0004385,2018-09,213000,3.0,360,780+,<=60,<=28,ND,Purchase,Primary,Multi-Family,ServicerA,2018
LN0004386,2019-08,129000,3.25,360,700-739,61-70,37-43,DE,Other,Secondary,Condo,ServicerE,2019
LN0004387,2021-01,131000,8.25,360,780+,<=60,37-43,HI,Purchase,Primary,Co-op,ServicerB,2021
LN0004388,2021-05,178000,4.0,360,<620,<=60,37-43,KS,Refinance,Primary,Multi-Family,ServicerB,2021
LN0004389,2020-02,261000,3.125,180,620-659,<=60,29-36,RI,Refinance,Primary,Multi-Family,ServicerC,2020
LN0004390,2019-05,347000,6.75,360,<620,<=60,29-36,SD,Refinance,Primary,Co-op,ServicerD,2019
LN0004391,2019-03,187000,7.375,360,,71-80,37-43,KS,Purchase,Primary,Co-op,ServicerA,2019
LN0004392,2021-11,86000,3.05,360,700-739,91-95,44-50,NH,Cash-Out Refinance,Primary,Co-op,ServicerD,2021
LN0004393,2020-11,133000,2.99,240,740-779,61-70,>50,SD,Purchase,Primary,Multi-Family,ServicerB,2020
LN0004394,2021-01,60000,7.375,360,<620,71-80,44-50,ID,Purchase,Primary,Single Family,ServicerD,2021
LN0004395,2020-02,73000,3.375,360,780+,81-90,37-43,NE,Purchase,Investment,Multi-Family,ServicerE,2020
LN0004396,2021-08,295000,3.125,360,780+,,37-43,MT,Purchase,Primary,Multi-Family,ServicerC,2021
LN0004397,2021-06,149000,4.99,180,660-699,71-80,37-43,SD,Refinance,Primary,Co-op,ServicerA,2021
LN0004398,2021-02,122000,5.625,360,<620,61-70,37-43,ID,Purchase,Primary,Single Family,ServicerE,2021
LN0004399,2019-12,201000,5.875,180,620-659,71-80,29-36,MT,Purchase,Secondary,Single Family,ServicerB,2019
LN0004400,2020-09,136000,2.625,360,620-659,<=60,44-50,ID,Cash-Out Refinance,Primary,PUD,ServicerA,2020
LN0004401,2018-06,489000,3.875,360,620-659,71-80,,ND,Refinance,Primary,PUD,ServicerD,2018
LN0004402,2021-10,105000,7.125,180,700-739,61-70,<=28,SD,Purchase,Investment,Multi-Family,ServicerD,2021
LN0004403,2022-12,132000,2.5,360,660-699,71-80,<=28,DE,Other,Primary,PUD,ServicerE,2022
LN0004404,2020-08,136000,3.375,360,660-699,<=60,29-36,SD,Cash-Out Refinance,Primary,PUD,ServicerB,2020
LN0004405,2018-01,132000,3.625,360,780+,91-95,29-36,DE,Purchase,Secondary,PUD,ServicerC,2018
LN0004406,2019-11,560000,3.125,360,,<=60,29-36,AK,Refinance,Secondary,Single Family,ServicerC,2019
LN0004407,2021-11,297000,7.625,360,780+,96-100,37-43,WY,Refinance,Primary,PUD,ServicerB,2021
LN0004408,2019-01,393000,9.25,180,620-659,71-80,37-43,RI,Cash-Out Refinance,Primary,PUD,ServicerB,2019
LN0004409,2021-04,217000,4.25,360,700-739,71-80,44-50,DE,Refinance,Primary,Multi-Family,ServicerC,2021
LN0004410,2020-06,182000,5.125,360,700-739,71-80,44-50,ND,Refinance,Primary,Multi-Family,ServicerD,2020
LN0004411,2022-02,250000,3.875,360,<620,91-95,37-43,RI,Purchase,Primary,Condo,ServicerE,2022
LN0004412,2018-03,45000,2.49,360,<620,<=60,37-43,ID,Purchase,Primary,Multi-Family,ServicerA,2018
LN0004413,2019-09,156000,3.875,180,740-779,71-80,44-50,ID,Cash-Out Refinance,Primary,Single Family,ServicerA,2019
LN0004414,2019-10,97000,4.5,360,740-779,81-90,37-43,ID,Refinance,Primary,Single Family,ServicerC,2019
LN0004415,2021-06,123000,4.5,360,700-739,96-100,37-43,MT,Purchase,Primary,Single Family,ServicerE,2021
LN0004416,2021-08,153000,3.0,360,700-739,<=60,<=28,ID,Purchase,Primary,PUD,ServicerE,2021
LN0004417,2019-05,135000,3.99,360,700-739,71-80,44-50,NV,Purchase,Secondary,PUD,ServicerE,2019
LN0004418,2019-11,177000,3.5,360,<620,81-90,44-50,DE,Refinance,Primary,PUD,ServicerA,2019
LN0004419,2022-06,203000,3.25,360,660-699,<=60,<=28,MT,Cash-Out Refinance,Primary,Single Family,ServicerB,2022
LN0004420,2020-04,167000,3.125,360,620-659,71-80,44-50,NM,Refinance,Primary,Multi-Family,ServicerA,2020
LN0004421,2018-07,258000,2.625,360,620-659,81-90,37-43,MS,Other,Primary,Single Family,ServicerC,2018
LN0004422,2020-03,168000,3.875,360,780+,61-70,44-50,HI,Purchase,Primary,Multi-Family,ServicerA,2020
LN0004423,2021-07,175000,2.49,360,700-739,81-90,37-43,NH,Purchase,Primary,Multi-Family,ServicerA,2021
LN0004424,2022-04,196000,2.625,180,740-779,81-90,29-36,KS,Refinance,Investment,Multi-Family,ServicerA,2022
LN0004425,2018-01,93000,3.875,180,660-699,96-100,44-50,NH,Purchase,Secondary,Multi-Family,ServicerB,2018
LN0004426,2022-11,312000,4.999,360,700-739,71-80,44-50,RI,Refinance,Secondary,Condo,ServicerC,2022
LN0004427,2022-11,189000,5.99,180,660-699,<=60,29-36,WV,Refinance,Primary,Single Family,ServicerD,2022
LN0004428,2019-02,76000,6.24,240,620-659,81-90,37-43,NE,Purchase,Primary,PUD,ServicerB,2019
LN0004429,2021-04,50000,4.5,360,620-659,61-70,44-50,AK,Cash-Out Refinance,Primary,Multi-Family,ServicerA,2021
LN0004430,2020-12,46000,2.5,360,740-779,71-80,,NH,Cash-Out Refinance,Primary,Condo,ServicerC,2020
LN0004431,2019-01,397000,6.125,360,740-779,<=60,44-50,SD,Purchase,Primary,Co-op,ServicerD,2019
LN0004432,2021-10,197000,2.875,360,700-739,96-100,29-36,,Purchase,Primary,Single Family,ServicerA,2021
LN0004433,2021-10,204000,3.25,360,,61-70,>50,WV,Purchase,Investment,Co-op,ServicerA,2021
LN0004434,2020-03,129000,4.49,360,780+,71-80,>50,MS,Purchase,Primary,Co-op,ServicerD,2020
LN0004435,2018-06,224000,5.25,360,<620,71-80,29-36,,Cash-Out Refinance,Investment,Single Family,ServicerC,2018
LN0004436,2019-10,695000,2.5,360,660-699,96-100,37-43,AK,Refinance,Primary,Condo,ServicerC,2019
LN0004437,2018-01,124000,3.125,120,660-699,96-100,44-50,ND,Purchase,Primary,Condo,ServicerD,2018
LN0004438,2022-07,134000,2.125,360,740-779,96-100,44-50,ID,Refinance,Primary,Multi-Family,ServicerE,2022
LN0004439,2021-11,371000,3.0,360,780+,<=60,44-50,NV,Purchase,Primary,PUD,ServicerA,2021
LN0004440,2021-02,190000,4.75,180,660-699,<=60,44-50,NE,Cash-Out Refinance,Primary,PUD,ServicerB,2021
LN0004441,2019-12,74000,4.375,180,780+,>100,44-50,ID,Purchase,Primary,Co-op,ServicerB,2019
LN0004442,2019-04,216000,2.5,360,780+,<=60,>50,ID,Purchase,Primary,Multi-Family,ServicerA,2019
LN0004443,2020-05,178000,3.25,360,660-699,<=60,29-36,NM,Purchase,Primary,Co-op,ServicerE,2020
LN0004444,2021-07,345000,3.5,360,700-739,91-95,44-50,ID,Other,Primary,Condo,ServicerB,2021
LN0004445,2019-07,210000,8.125,360,700-739,91-95,37-43,NE,Purchase,Primary,Co-op,ServicerB,2019
LN0004446,2019-10,107000,6.625,360,780+,61-70,29-36,NE,Purchase,Investment,Multi-Family,ServicerB,2019
LN0004447,2019-05,71000,4.45,360,620-659,81-90,29-36,NE,Refinance,Primary,Single Family,ServicerB,2019
LN0004448,2019-07,80000,6.99,180,740-779,71-80,44-50,RI,Refinance,Primary,Co-op,ServicerD,2019
LN0004449,2019-07,340000,2.0,360,660-699,81-90,44-50,NM,Refinance,Primary,Single Family,ServicerE,2019
LN0004450,2019-01,84000,5.0,360,740-779,<=60,>50,NH,Refinance,Secondary,Co-op,ServicerB,2019
LN0004451,2020-05,256000,3.125,240,700-739,71-80,37-43,ND,Cash-Out Refinance,Primary,Condo,ServicerD,2020
LN0004452,2019-10,44000,3.625,120,700-739,96-100,29-36,NH,Purchase,Primary,Co-op,ServicerC,2019
LN0004453,2021-04,80000,2.875,360,780+,91-95,44-50,AK,Purchase,Investment,Multi-Family,ServicerD,2021
LN0004454,2020-10,122000,3.75,360,740-779,71-80,<=28,NH,Refinance,Primary,Single Family,ServicerE,2020
LN0004455,2021-02,95000,5.625,360,780+,<=60,,MT,Purchase,Primary,Single Family,ServicerE,2021
LN0004456,2018-08,692000,3.625,360,<620,,44-50,NM,Purchase,Primary,Multi-Family,ServicerC,2018
LN0004457,2019-06,134000,3.5,180,740-779,71-80,>50,NE,Purchase,Primary,Condo,ServicerC,2019
LN0004458,2021-11,71000,4.75,180,620-659,91-95,37-43,ID,Purchase,Primary,Multi-Family,ServicerA,2021
LN0004459,2019-12,225000,4.125,360,700-739,,37-43,HI,Refinance,Primary,PUD,ServicerE,2019
LN0004460,2021-12,256000,2.75,360,700-739,91-95,44-50,MT,Refinance,Primary,PUD,ServicerE,2021
LN0004461,2021-12,349000,2.5,360,700-739,<=60,37-43,ID,Purchase,Primary,Single Family,ServicerA,2021
LN0004462,2022-05,254000,11.25,360,700-739,96-100,37-43,RI,Refinance,Primary,Single Family,ServicerA,2022
LN0004463,2018-02,49000,5.75,120,780+,<=60,37-43,NH,Refinance,Primary,Single Family,ServicerC,2018
LN0004464,2022-01,259000,3.0,360,620-659,96-100,29-36,NV,Purchase,Primary,PUD,ServicerA,2022
LN0004465,2018-06,213000,4.5,180,740-779,<=60,>50,ID,Cash-Out Refinance,Primary,Condo,ServicerE,2018
LN0004466,2019-08,79000,2.875,360,700-739,71-80,44-50,ID,Cash-Out Refinance,Primary,Multi-Family,ServicerD,2019
LN0004467,2020-10,156000,2.75,180,620-659,<=60,29-36,ID,Purchase,Primary,PUD,ServicerB,2020
LN0004468,2022-12,76000,3.125,240,620-659,<=60,37-43,NH,Refinance,Primary,Condo,ServicerD,2022
LN0004469,2018-01,65000,8.045,180,780+,71-80,<=28,NV,Purchase,Investment,Co-op,ServicerA,2018
LN0004470,2020-09,238000,3.125,120,780+,71-80,37-43,VT,Purchase,Primary,Condo,ServicerA,2020
LN0004471,2022-07,166000,9.0,180,780+,71-80,37-43,NH,Purchase,Primary,Multi-Family,ServicerA,2022
LN0004472,2020-07,207000,3.994,360,780+,<=60,>50,RI,Refinance,Primary,Multi-Family,ServicerE,2020
LN0004473,2020-03,191000,6.0,360,660-699,<=60,<=28,WY,Refinance,Primary,Single Family,ServicerE,2020
LN0004474,2022-01,120000,5.75,360,660-699,<=60,37-43,ID,Purchase,Primary,Condo,ServicerE,2022
LN0004475,2022-03,89000,3.75,180,740-779,71-80,29-36,NH,Cash-Out Refinance,Secondary,Single Family,ServicerD,2022
LN0004476,2020-03,738000,5.99,360,700-739,81-90,29-36,ID,Purchase,Primary,Single Family,ServicerC,2020
LN0004477,2022-08,87000,3.25,180,700-739,<=60,<=28,ID,Cash-Out Refinance,Primary,Multi-Family,ServicerA,2022
LN0004478,2020-08,216000,6.25,360,660-699,<=60,44-50,MT,Purchase,Primary,PUD,ServicerC,2020
LN0004479,2019-02,371000,2.75,180,700-739,71-80,>50,ID,Other,Primary,Co-op,ServicerE,2019
LN0004480,2020-12,416000,3.5,360,700-739,61-70,29-36,ID,Refinance,Primary,Co-op,ServicerD,2020
LN0004481,2022-07,327000,3.375,360,620-659,71-80,>50,ID,Refinance,Primary,Single Family,ServicerB,2022
LN0004482,2019-05,114000,6.99,360,700-739,71-80,44-50,ID,Purchase,Investment,Single Family,ServicerC,2019
LN0004483,2018-06,128000,8.125,360,,71-80,37-43,NV,Purchase,Primary,Multi-Family,ServicerB,2018
LN0004484,2018-03,118000,5.5,180,700-739,71-80,44-50,VT,Cash-Out Refinance,Primary,Single Family,ServicerE,2018
LN0004485,2021-05,128000,5.375,360,660-699,81-90,44-50,,Purchase,Primary,Multi-Family,ServicerB,2021
LN0004486,2020-07,194000,3.25,360,740-779,96-100,44-50,SD,Refinance,Primary,Condo,ServicerC,2020
LN0004487,2020-05,134000,2.625,240,<620,<=60,37-43,MS,Cash-Out Refinance,Primary,PUD,ServicerD,2020
LN0004488,2022-05,303000,7.25,240,660-699,71-80,<=28,NV,Purchase,Primary,Multi-Family,ServicerD,2022
LN0004489,2022-06,172000,2.625,360,740-779,<=60,37-43,ID,Purchase,Primary,Single Family,ServicerD,2022
LN0004490,2021-03,339000,2.875,360,700-739,<=60,37-43,SD,Refinance,Primary,Co-op,ServicerD,2021
LN0004491,2020-12,163000,2.95,360,660-699,96-100,37-43,ID,Refinance,Primary,PUD,ServicerD,2020
LN0004492,2021-03,140000,5.45,360,740-779,,37-43,NH,Refinance,Primary,PUD,ServicerC,2021
LN0004493,2022-11,193000,3.625,360,700-739,91-95,37-43,NM,Purchase,Investment,PUD,ServicerA,2022
LN0004494,2021-01,733000,2.875,360,740-779,<=60,37-43,AK,Refinance,Primary,Co-op,ServicerB,2021
LN0004495,2019-03,236000,2.875,120,740-779,61-70,37-43,ID,Refinance,Primary,Single Family,ServicerE,2019
LN0004496,2018-04,100000,4.75,360,740-779,81-90,44-50,NH,Cash-Out Refinance,Primary,Condo,ServicerE,2018
LN0004497,2019-01,427000,2.99,360,700-739,71-80,37-43,VT,Cash-Out Refinance,Primary,Co-op,ServicerB,2019
LN0004498,2021-05,276000,2.625,180,620-659,<=60,29-36,NE,Cash-Out Refinance,Primary,Single Family,ServicerD,2021
LN0004499,2019-12,107000,2.25,360,660-699,96-100,37-43,SD,Cash-Out Refinance,Primary,Multi-Family,ServicerA,2019
LN0004500,2021-07,282000,2.375,360,700-739,61-70,29-36,NE,Refinance,Primary,PUD,ServicerA,2021
LN0004501,2018-08,86000,3.125,360,700-739,81-90,>50,DE,Refinance,Primary,PUD,ServicerA,2018
LN0004502,2018-08,164000,2.875,240,700-739,81-90,44-50,NE,Cash-Out Refinance,Primary,Co-op,ServicerA,2018
LN0004503,2020-12,113000,3.875,360,660-699,>100,37-43,NM,Purchase,Primary,PUD,ServicerA,2020
LN0004504,2022-08,102000,4.375,360,<620,81-90,29-36,NH,Purchase,Primary,Condo,ServicerE,2022
LN0004505,2021-08,107000,5.0,360,700-739,<=60,<=28,KS,Refinance,Primary,Multi-Family,ServicerD,2021
LN0004506,2018-12,151000,3.375,360,660-699,81-90,44-50,ID,Refinance,Primary,PUD,ServicerB,2018
LN0004507,2019-02,313000,2.75,360,740-779,71-80,37-43,NM,Purchase,Primary,Single Family,ServicerB,2019
LN0004508,2020-02,135000,2.75,360,<620,>100,29-36,NH,Purchase,Primary,PUD,ServicerB,2020
LN0004509,2019-05,378000,7.125,360,700-739,71-80,29-36,NM,Cash-Out Refinance,Primary,Single Family,ServicerD,2019
LN0004510,2019-03,211000,6.75,360,780+,71-80,37-43,MT,Refinance,Primary,Single Family,ServicerC,2019
LN0004511,2022-05,168000,4.75,360,620-659,61-70,44-50,AK,Refinance,Primary,PUD,ServicerB,2022
LN0004512,2022-11,137000,3.75,360,700-739,71-80,44-50,NM,Refinance,Secondary,Co-op,ServicerB,2022
LN0004513,2022-04,290000,3.625,360,620-659,<=60,37-43,KS,Purchase,Primary,Condo,ServicerA,2022
LN0004514,2022-01,212000,2.999,360,740-779,81-90,44-50,,Purchase,Primary,Multi-Family,ServicerC,2022
LN0004515,2022-10,303000,2.999,360,700-739,<=60,37-43,ID,Cash-Out Refinance,Primary,Single Family,ServicerA,2022
LN0004516,2019-07,343000,3.375,360,700-739,81-90,37-43,WV,Purchase,Primary,Co-op,ServicerB,2019
LN0004517,2018-04,150000,6.75,360,700-739,<=60,>50,NE,Cash-Out Refinance,Primary,Co-op,ServicerD,2018
LN0004518,2021-11,157000,6.625,360,780+,96-100,37-43,NM,Refinance,Primary,Condo,ServicerC,2021
LN0004519,2018-06,356000,3.625,360,620-659,96-100,37-43,NE,Purchase,Primary,PUD,ServicerA,2018
LN0004520,2018-05,316000,2.625,360,<620,61-70,,VT,Refinance,Primary,Condo,ServicerD,2018
LN0004521,2018-07,207000,5.99,180,780+,61-70,37-43,ID,Refinance,Primary,Co-op,ServicerB,2018
LN0004522,2020-10,304000,10.5,360,700-739,<=60,37-43,NE,Purchase,Primary,Multi-Family,ServicerC,2020
LN0004523,2018-06,237000,2.75,240,780+,<=60,<=28,ID,Cash-Out Refinance,Primary,Co-op,ServicerE,2018
LN0004524,2019-01,105000,5.5,180,700-739,71-80,>50,NH,Purchase,Primary,Condo,ServicerD,2019
LN0004525,2018-08,242000,2.875,360,740-779,71-80,29-36,NM,Refinance,Primary,Single Family,ServicerE,2018
LN0004526,2021-08,119000,3.0,360,700-739,<=60,44-50,NV,Refinance,Primary,Condo,ServicerE,2021
LN0004527,2020-10,313000,3.375,360,740-779,71-80,<=28,NE,Purchase,Primary,Multi-Family,ServicerD,2020
LN0004528,2018-06,92000,3.875,240,780+,71-80,37-43,WV,Purchase,Primary,Co-op,ServicerC,2018
LN0004529,2018-11,308000,6.466,360,700-739,81-90,>50,KS,Purchase,Primary,PUD,ServicerB,2018
LN0004530,2022-08,227000,4.5,360,620-659,71-80,29-36,NH,Refinance,Secondary,PUD,ServicerB,2022
LN0004531,2020-12,233000,7.125,360,660-699,71-80,44-50,NH,Refinance,Primary,Co-op,ServicerD,2020
LN0004532,2022-03,186000,3.25,360,620-659,96-100,44-50,,Purchase,Primary,PUD,ServicerB,2022
LN0004533,2019-01,160000,3.5,360,660-699,<=60,44-50,WV,Other,Primary,Single Family,ServicerC,2019
LN0004534,2020-06,148000,2.875,240,660-699,61-70,>50,AK,Other,Primary,Multi-Family,ServicerA,2020
LN0004535,2018-12,278000,3.875,360,700-739,,44-50,ND,Refinance,Primary,Multi-Family,ServicerB,2018
LN0004536,2018-09,131000,4.25,360,700-739,<=60,<=28,NH,Refinance,Primary,Co-op,ServicerD,2018
LN0004537,2022-07,109000,6.375,360,700-739,<=60,29-36,NH,Refinance,Primary,Single Family,ServicerD,2022
LN0004538,2018-07,96000,2.625,360,740-779,81-90,<=28,NH,Purchase,Primary,PUD,ServicerD,2018
LN0004539,2020-03,208000,2.5,360,620-659,61-70,44-50,SD,Refinance,Primary,Multi-Family,ServicerB,2020
LN0004540,2019-07,99000,2.875,360,620-659,96-100,44-50,ID,Refinance,Primary,PUD,ServicerD,2019
LN0004541,2018-01,328000,2.49,180,620-659,91-95,44-50,AK,Cash-Out Refinance,Primary,Multi-Family,ServicerA,2018
LN0004542,2019-03,136000,9.44,360,700-739,<=60,44-50,RI,Refinance,Primary,Co-op,ServicerC,2019
LN0004543,2021-07,156000,3.0,180,660-699,91-95,37-43,ID,Other,Primary,PUD,ServicerB,2021
LN0004544,2020-11,106000,3.625,360,660-699,61-70,29-36,WV,Purchase,Primary,Co-op,ServicerA,2020
LN0004545,2019-02,191000,2.625,360,700-739,71-80,<=28,RI,Purchase,Primary,Condo,ServicerC,2019
LN0004546,2020-08,137000,5.125,120,740-779,96-100,37-43,ND,Purchase,Secondary,Single Family,ServicerA,2020
LN0004547,2021-12,132000,5.65,240,<620,<=60,29-36,KS,Cash-Out Refinance,Primary,Co-op,ServicerA,2021
LN0004548,2020-11,258000,2.75,360,740-779,91-95,44-50,DE,Cash-Out Refinance,Primary,Single Family,ServicerD,2020
LN0004549,2022-03,279000,2.875,360,740-779,71-80,44-50,ID,Cash-Out Refinance,Primary,Co-op,ServicerB,2022
LN0004550,2020-11,231000,5.49,120,740-779,,,NH,Purchase,Primary,PUD,ServicerC,2020
LN0004551,2018-06,120000,4.2,360,780+,,44-50,VT,Cash-Out Refinance,Primary,Condo,ServicerC,2018
LN0004552,2022-04,108000,5.75,360,<620,<=60,29-36,DE,Cash-Out Refinance,Primary,Single Family,ServicerA,2022
LN0004553,2021-08,92000,3.125,180,620-659,61-70,37-43,ID,Refinance,Primary,PUD,ServicerE,2021
LN0004554,2021-08,62000,5.125,360,780+,81-90,37-43,MT,Cash-Out Refinance,Primary,Multi-Family,ServicerD,2021
LN0004555,2020-10,134000,5.25,360,700-739,81-90,29-36,WV,Purchase,Primary,Condo,ServicerB,2020
LN0004556,2022-07,234000,4.125,360,700-739,<=60,37-43,MT,Other,Primary,Multi-Family,ServicerB,2022
LN0004557,2018-07,204000,2.25,360,740-779,<=60,29-36,KS,Cash-Out Refinance,Primary,Multi-Family,ServicerB,2018
LN0004558,2020-10,97000,3.875,360,740-779,96-100,44-50,NH,Cash-Out Refinance,Primary,PUD,ServicerC,2020
LN0004559,2019-07,349000,3.375,360,780+,71-80,44-50,MT,Cash-Out Refinance,Primary,Multi-Family,ServicerB,2019
LN0004560,2021-02,488000,2.99,120,780+,<=60,44-50,WV,Purchase,Primary,Condo,ServicerA,2021
LN0004561,2018-09,109000,3.25,360,740-779,71-80,<=28,WV,Other,Secondary,Co-op,ServicerC,2018
LN0004562,2020-08,69000,7.125,360,660-699,<=60,44-50,RI,Purchase,Primary,Single Family,ServicerE,2020
LN0004563,2019-11,249000,3.375,360,780+,>100,37-43,SD,Refinance,Primary,PUD,ServicerA,2019
LN0004564,2019-08,134000,9.5,360,<620,61-70,>50,KS,Purchase,Primary,Co-op,ServicerE,2019
LN0004565,2022-11,256000,5.5,360,660-699,91-95,37-43,NE,Cash-Out Refinance,Primary,Single Family,ServicerB,2022
LN0004566,2022-02,273000,3.125,240,780+,<=60,29-36,ID,Refinance,Investment,Co-op,ServicerA,2022
LN0004567,2020-08,212000,5.5,360,660-699,81-90,37-43,NE,Purchase,Primary,Multi-Family,ServicerA,2020
LN0004568,2021-02,146000,3.75,360,660-699,81-90,37-43,NV,Refinance,Primary,PUD,ServicerA,2021
LN0004569,2021-05,287000,3.875,180,620-659,71-80,44-50,NH,Refinance,Primary,Condo,ServicerA,2021
LN0004570,2019-03,114000,2.5,360,780+,<=60,37-43,WV,Cash-Out Refinance,Primary,Multi-Family,ServicerC,2019
LN0004571,2020-04,118000,4.25,180,700-739,>100,<=28,WY,Purchase,Primary,PUD,ServicerE,2020
LN0004572,2022-07,106000,4.625,360,740-779,71-80,,VT,Refinance,Primary,Single Family,ServicerD,2022
LN0004573,2020-10,290000,3.25,360,660-699,61-70,44-50,NH,Cash-Out Refinance,Primary,Single Family,ServicerB,2020
LN0004574,2018-09,144000,3.0,360,740-779,71-80,44-50,MT,Refinance,Primary,Co-op,ServicerB,2018
LN0004575,2018-01,122000,3.875,360,740-779,61-70,>50,MT,Cash-Out Refinance,Primary,Single Family,ServicerE,2018
LN0004576,2022-02,360000,3.875,360,660-699,<=60,>50,NE,Cash-Out Refinance,Primary,Single Family,ServicerC,2022
LN0004577,2022-07,58000,6.75,360,700-739,61-70,<=28,NE,Refinance,Primary,Condo,ServicerE,2022
LN0004578,2021-02,97000,5.75,360,660-699,71-80,29-36,NV,Purchase,Primary,Multi-Family,ServicerB,2021
LN0004579,2021-11,177000,5.625,180,780+,81-90,37-43,NE,Cash-Out Refinance,Primary,PUD,ServicerB,2021
LN0004580,2022-05,250000,4.25,360,740-779,81-90,29-36,MT,Purchase,Primary,Condo,ServicerC,2022
LN0004581,2020-05,222000,3.0,360,780+,<=60,44-50,MS,Purchase,Primary,Co-op,ServicerD,2020
LN0004582,2022-02,78000,3.55,180,660-699,81-90,>50,RI,Other,Primary,PUD,ServicerA,2022
LN0004583,2022-01,243000,11.24,180,740-779,71-80,29-36,AK,Purchase,Primary,PUD,ServicerA,2022
LN0004584,2018-12,206000,7.5,360,740-779,61-70,37-43,NH,Purchase,Primary,Co-op,ServicerB,2018
LN0004585,2021-03,123000,5.625,360,740-779,61-70,<=28,RI,Other,Primary,Co-op,ServicerA,2021
LN0004586,2019-07,435000,4.125,360,780+,>100,44-50,NE,Purchase,Primary,Multi-Family,ServicerA,2019
LN0004587,2018-02,234000,4.0,360,700-739,91-95,37-43,NH,Purchase,Primary,Single Family,ServicerE,2018
LN0004588,2021-12,292000,3.5,360,620-659,71-80,>50,NM,Refinance,Primary,Single Family,ServicerC,2021
LN0004589,2020-06,204000,5.125,120,740-779,71-80,37-43,ID,Refinance,Primary,Single Family,ServicerA,2020
LN0004590,2022-12,235000,5.0,240,740-779,81-90,29-36,ND,Purchase,Primary,PUD,ServicerD,2022
LN0004591,2021-11,165000,3.75,360,700-739,71-80,>50,DE,Purchase,Primary,Multi-Family,ServicerA,2021
LN0004592,2021-10,98000,4.25,360,660-699,91-95,<=28,MT,Refinance,Primary,PUD,ServicerE,2021
LN0004593,2020-06,259000,4.125,360,700-739,61-70,37-43,ID,Refinance,Primary,Single Family,ServicerD,2020
LN0004594,2019-04,106000,2.625,360,660-699,96-100,37-43,NE,Purchase,Primary,PUD,ServicerA,2019
LN0004595,2019-02,225000,3.0,360,700-739,96-100,<=28,VT,Cash-Out Refinance,Primary,PUD,ServicerA,2019
LN0004596,2022-05,272000,3.84,360,740-779,81-90,37-43,MS,Purchase,Secondary,Multi-Family,ServicerA,2022
LN0004597,2018-07,162000,9.25,360,740-779,71-80,<=28,NE,Purchase,Primary,PUD,ServicerC,2018
LN0004598,2022-01,207000,5.375,360,660-699,96-100,37-43,NE,Purchase,Primary,Condo,ServicerC,2022
LN0004599,2018-07,164000,6.75,360,700-739,81-90,44-50,NM,Purchase,Primary,PUD,ServicerB,2018
LN0004600,2018-01,37000,2.75,360,660-699,>100,37-43,NM,Refinance,Primary,PUD,ServicerC,2018
LN0004601,2019-11,149000,3.625,360,620-659,71-80,44-50,NH,Refinance,Primary,Co-op,ServicerE,2019
LN0004602,2021-08,154000,2.75,180,740-779,<=60,<=28,NM,Refinance,Primary,Condo,ServicerA,2021
LN0004603,2021-11,111000,5.99,240,780+,96-100,<=28,NH,Refinance,Primary,Single Family,ServicerA,2021
LN0004604,2022-12,166000,5.5,360,660-699,71-80,37-43,NE,Cash-Out Refinance,Primary,Multi-Family,ServicerC,2022
LN0004605,2021-05,398000,2.49,360,740-779,<=60,29-36,ID,Cash-Out Refinance,Primary,Multi-Family,ServicerE,2021
LN0004606,2022-10,132000,6.25,360,780+,91-95,<=28,MT,Cash-Out Refinance,Primary,Single Family,ServicerB,2022
LN0004607,2020-12,210000,2.75,360,780+,81-90,<=28,NE,Refinance,Primary,Multi-Family,ServicerE,2020
LN0004608,2021-05,259000,8.45,360,620-659,<=60,37-43,SD,Cash-Out Refinance,Primary,Multi-Family,ServicerB,2021
LN0004609,2018-03,85000,2.375,240,780+,71-80,29-36,HI,Purchase,Primary,PUD,ServicerA,2018
LN0004610,2019-01,123000,7.125,360,660-699,91-95,44-50,NH,Refinance,Primary,Condo,ServicerE,2019
LN0004611,2019-02,68000,3.44,360,660-699,71-80,37-43,NM,Refinance,Primary,Condo,ServicerE,2019
LN0004612,2018-12,524000,5.99,360,<620,71-80,>50,NE,Cash-Out Refinance,Primary,Co-op,ServicerC,2018
LN0004613,2019-01,67000,4.25,360,700-739,71-80,44-50,ND,Refinance,Primary,Condo,ServicerD,2019
LN0004614,2019-08,161000,3.5,360,620-659,71-80,29-36,ID,Cash-Out Refinance,Primary,Multi-Family,ServicerC,2019
LN0004615,2019-11,415000,6.75,360,660-699,<=60,29-36,WY,Refinance,Primary,Multi-Family,ServicerE,2019
LN0004616,2019-07,171000,3.0,120,660-699,71-80,<=28,NH,Other,Primary,PUD,ServicerA,2019
LN0004617,2022-04,184000,2.875,360,740-779,71-80,37-43,RI,Cash-Out Refinance,Primary,Co-op,ServicerD,2022
LN0004618,2018-05,88000,3.0,120,780+,96-100,37-43,AK,Refinance,Primary,Single Family,ServicerD,2018
LN0004619,2021-03,86000,2.375,360,660-699,96-100,37-43,ID,Purchase,Primary,Co-op,ServicerD,2021
LN0004620,2021-07,174000,2.625,360,780+,<=60,29-36,ND,Refinance,Primary,Co-op,ServicerA,2021
LN0004621,2018-02,209000,5.625,360,780+,71-80,29-36,WY,Refinance,Primary,PUD,ServicerA,2018
LN0004622,2019-03,197000,4.75,360,740-779,<=60,37-43,DE,Purchase,Primary,PUD,ServicerC,2019
LN0004623,2021-08,316000,2.75,360,620-659,81-90,37-43,WV,Purchase,Primary,Single Family,ServicerC,2021
LN0004624,2021-01,95000,3.25,360,740-779,<=60,37-43,ID,Refinance,Primary,PUD,ServicerB,2021
LN0004625,2021-10,106000,2.766,360,780+,71-80,29-36,ID,Refinance,Primary,Condo,ServicerD,2021
LN0004626,2019-04,213000,4.125,360,740-779,81-90,37-43,,Purchase,Primary,PUD,ServicerE,2019
LN0004627,2020-10,110000,3.279,240,660-699,61-70,44-50,WY,Purchase,Primary,Condo,ServicerD,2020
LN0004628,2021-01,89000,3.375,240,700-739,>100,37-43,RI,Purchase,Primary,Multi-Family,ServicerE,2021
LN0004629,2020-01,106000,7.0,360,740-779,91-95,44-50,NM,Other,Primary,Single Family,ServicerB,2020
LN0004630,2018-11,61000,4.875,360,700-739,,37-43,NM,Purchase,Primary,Co-op,ServicerE,2018
LN0004631,2021-07,142000,2.25,180,620-659,<=60,37-43,DE,Refinance,Primary,Multi-Family,ServicerB,2021
LN0004632,2021-12,104000,5.875,180,660-699,<=60,<=28,ND,Purchase,Primary,Single Family,ServicerE,2021
LN0004633,2022-10,323000,3.125,360,740-779,96-100,<=28,RI,Refinance,Primary,Condo,ServicerB,2022
LN0004634,2022-05,150000,2.875,360,780+,91-95,44-50,MS,Other,Primary,PUD,ServicerB,2022
LN0004635,2018-08,51000,4.375,360,620-659,91-95,37-43,NM,Purchase,Primary,Condo,ServicerB,2018
LN0004636,2021-08,214000,6.875,360,780+,91-95,37-43,WV,Purchase,Primary,Single Family,ServicerD,2021
LN0004637,2022-10,146000,1.875,360,660-699,<=60,>50,HI,Purchase,Primary,PUD,ServicerD,2022
LN0004638,2022-11,176000,4.99,360,740-779,<=60,<=28,AK,Refinance,Primary,Co-op,ServicerE,2022
LN0004639,2021-04,137000,4.25,360,740-779,96-100,<=28,RI,Purchase,Primary,Multi-Family,ServicerE,2021
LN0004640,2018-09,402000,6.375,360,740-779,81-90,44-50,ID,Refinance,Primary,PUD,ServicerC,2018
LN0004641,2018-07,380000,3.0,360,780+,<=60,<=28,MT,Refinance,Primary,PUD,ServicerB,2018
LN0004642,2022-06,220000,3.375,180,660-699,71-80,44-50,NE,Refinance,Primary,Multi-Family,ServicerE,2022
LN0004643,2022-02,296000,4.125,360,780+,61-70,44-50,NM,Refinance,Primary,Co-op,ServicerD,2022
LN0004644,2020-11,140000,2.875,360,620-659,91-95,44-50,DE,Purchase,Primary,Multi-Family,ServicerA,2020
LN0004645,2021-08,325000,4.25,360,740-779,71-80,37-43,MT,Purchase,Primary,Single Family,ServicerB,2021
LN0004646,2018-08,574000,2.5,360,740-779,61-70,44-50,AK,Purchase,Primary,PUD,ServicerC,2018
LN0004647,2022-11,341000,7.49,120,740-779,<=60,29-36,ID,Purchase,Primary,Multi-Family,ServicerA,2022
LN0004648,2020-08,105000,2.625,360,660-699,61-70,44-50,RI,Purchase,Primary,Single Family,ServicerE,2020
LN0004649,2021-01,169000,6.375,360,780+,96-100,37-43,ID,Refinance,Primary,Multi-Family,ServicerD,2021
LN0004650,2019-05,198000,2.25,360,620-659,61-70,44-50,DE,Refinance,Primary,Co-op,ServicerD,2019
LN0004651,2019-08,144000,7.49,360,<620,71-80,37-43,NE,Purchase,Primary,Condo,ServicerD,2019
LN0004652,2020-08,84000,3.5,360,740-779,61-70,<=28,WY,Cash-Out Refinance,Primary,Multi-Family,ServicerD,2020
LN0004653,2019-09,130000,3.375,180,700-739,81-90,29-36,ID,Purchase,Primary,PUD,ServicerC,2019
LN0004654,2019-10,238000,4.375,360,780+,81-90,37-43,ID,Refinance,Primary,Multi-Family,ServicerE,2019
LN0004655,2020-10,459000,4.5,180,700-739,81-90,44-50,VT,Refinance,Primary,PUD,ServicerC,2020
LN0004656,2021-03,68000,4.5,180,620-659,61-70,<=28,ID,Purchase,Primary,Condo,ServicerD,2021
LN0004657,2020-12,101000,3.625,360,780+,91-95,44-50,NH,Purchase,Primary,Condo,ServicerE,2020
LN0004658,2021-07,196000,2.75,360,700-739,91-95,37-43,VT,Refinance,Primary,Condo,ServicerC,2021
LN0004659,2020-08,84000,3.45,360,620-659,71-80,37-43,WV,Purchase,Primary,Single Family,ServicerD,2020
LN0004660,2019-10,150000,2.875,180,740-779,71-80,29-36,DE,Refinance,Primary,PUD,ServicerB,2019
LN0004661,2019-05,318000,3.375,360,700-739,71-80,29-36,KS,Purchase,Primary,Multi-Family,ServicerC,2019
LN0004662,2018-11,45000,2.5,360,740-779,91-95,29-36,SD,Cash-Out Refinance,Primary,Condo,ServicerA,2018
LN0004663,2021-03,103000,4.0,360,700-739,81-90,<=28,NM,Purchase,Primary,Multi-Family,ServicerC,2021
LN0004664,2019-04,438000,9.0,360,780+,<=60,37-43,ID,Refinance,Primary,Single Family,ServicerE,2019
LN0004665,2019-10,30000,2.99,360,780+,61-70,44-50,NH,Cash-Out Refinance,Primary,Single Family,ServicerA,2019
LN0004666,2021-02,96000,3.5,360,740-779,91-95,>50,ND,Cash-Out Refinance,Primary,Single Family,ServicerC,2021
LN0004667,2021-08,238000,5.5,240,620-659,71-80,37-43,WV,Purchase,Primary,Co-op,ServicerD,2021
LN0004668,2020-04,368000,10.75,360,780+,96-100,37-43,ID,Cash-Out Refinance,Primary,Condo,ServicerD,2020
LN0004669,2019-09,253000,7.125,120,740-779,81-90,37-43,NM,Purchase,Primary,Multi-Family,ServicerA,2019
LN0004670,2018-01,146000,3.375,180,740-779,81-90,29-36,NE,Cash-Out Refinance,Primary,Single Family,ServicerD,2018
LN0004671,2020-05,105000,3.625,360,660-699,,37-43,DE,Purchase,Primary,Condo,ServicerE,2020
LN0004672,2020-11,143000,3.249,360,780+,<=60,44-50,NH,Cash-Out Refinance,Primary,Single Family,ServicerC,2020
LN0004673,2019-03,202000,3.75,360,740-779,91-95,29-36,MS,Purchase,Primary,Multi-Family,ServicerA,2019
LN0004674,2022-01,264000,5.5,360,620-659,<=60,,NV,Refinance,Primary,Multi-Family,ServicerB,2022
LN0004675,2018-06,79000,2.75,180,700-739,96-100,44-50,NE,Purchase,Primary,Co-op,ServicerC,2018
LN0004676,2021-02,399000,3.0,360,780+,>100,37-43,RI,Refinance,Primary,PUD,ServicerB,2021
LN0004677,2022-04,173000,4.375,120,<620,81-90,<=28,MT,Purchase,Primary,Multi-Family,ServicerE,2022
LN0004678,2018-09,153000,3.25,360,780+,91-95,44-50,NE,Refinance,Primary,Single Family,ServicerA,2018
LN0004679,2019-08,104000,3.0,360,740-779,91-95,>50,WV,Purchase,Primary,Co-op,ServicerB,2019
LN0004680,2020-06,87000,3.0,360,740-779,71-80,37-43,NH,Refinance,Primary,PUD,ServicerC,2020
LN0004681,2020-01,143000,3.5,360,660-699,96-100,,DE,Refinance,Primary,Co-op,ServicerE,2020
LN0004682,2022-05,143000,4.375,360,,<=60,37-43,VT,Purchase,Investment,Single Family,ServicerB,2022
LN0004683,2019-12,143000,7.875,360,780+,96-100,44-50,WV,Purchase,Primary,PUD,ServicerB,2019
LN0004684,2022-10,156000,3.625,180,660-699,96-100,>50,NE,Purchase,Investment,Condo,ServicerA,2022
LN0004685,2018-12,274000,9.0,360,740-779,71-80,29-36,NE,Cash-Out Refinance,Primary,Multi-Family,ServicerE,2018
LN0004686,2018-08,587000,4.625,360,700-739,71-80,37-43,NH,Refinance,Primary,Multi-Family,ServicerA,2018
LN0004687,2021-02,441000,3.25,360,620-659,<=60,37-43,NH,Refinance,Primary,Single Family,ServicerE,2021
LN0004688,2018-10,428000,6.25,360,<620,71-80,37-43,DE,Purchase,Investment,Multi-Family,ServicerA,2018
LN0004689,2022-02,65000,2.75,360,700-739,71-80,44-50,ND,Purchase,Primary,Single Family,ServicerB,2022
LN0004690,2022-01,76000,3.99,360,780+,96-100,44-50,AK,Purchase,Primary,Multi-Family,ServicerB,2022
LN0004691,2022-02,325000,2.625,360,660-699,<=60,44-50,ID,Refinance,Primary,Co-op,ServicerC,2022
LN0004692,2019-11,439000,2.75,360,660-699,81-90,37-43,ID,Refinance,Primary,Condo,ServicerB,2019
LN0004693,2018-04,462000,5.25,360,660-699,71-80,44-50,ID,Purchase,Primary,Single Family,ServicerD,2018
LN0004694,2020-03,164000,2.875,360,700-739,71-80,37-43,NE,Purchase,Primary,Multi-Family,ServicerB,2020
LN0004695,2020-12,318000,6.5,120,700-739,71-80,44-50,ID,Purchase,Primary,Condo,ServicerB,2020
LN0004696,2021-09,406000,4.125,360,780+,71-80,37-43,NH,Cash-Out Refinance,Primary,Co-op,ServicerC,2021
LN0004697,2021-12,79000,6.5,360,700-739,91-95,44-50,SD,Cash-Out Refinance,Primary,Single Family,ServicerD,2021
LN0004698,2018-03,123000,7.75,360,700-739,96-100,29-36,AK,Cash-Out Refinance,Primary,PUD,ServicerC,2018
LN0004699,2020-06,187000,5.625,240,620-659,96-100,29-36,MT,Cash-Out Refinance,Primary,Single Family,ServicerD,2020
LN0004700,2019-02,180000,2.99,360,780+,<=60,37-43,MT,Purchase,Primary,Condo,ServicerB,2019
LN0004701,2019-08,157000,6.5,360,660-699,<=60,,NH,Cash-Out Refinance,Primary,Co-op,ServicerB,2019
LN0004702,2021-01,287000,3.75,360,,<=60,37-43,MT,Refinance,Primary,Co-op,ServicerA,2021
LN0004703,2019-08,170000,3.0,240,740-779,61-70,44-50,NH,Refinance,Primary,PUD,ServicerB,2019
LN0004704,2020-05,288000,6.875,360,700-739,81-90,37-43,DE,Refinance,Primary,Condo,ServicerD,2020
LN0004705,2022-03,158000,7.5,240,700-739,96-100,44-50,NH,Refinance,Primary,Single Family,ServicerB,2022
LN0004706,2018-05,321000,6.875,360,700-739,61-70,<=28,ID,Cash-Out Refinance,Primary,Single Family,ServicerB,2018
LN0004707,2020-12,244000,2.875,360,740-779,61-70,37-43,ND,Cash-Out Refinance,Primary,Co-op,ServicerB,2020
LN0004708,2021-06,199000,2.5,360,620-659,<=60,44-50,WY,Purchase,Primary,PUD,ServicerC,2021
LN0004709,2019-03,211000,2.75,360,780+,61-70,44-50,NH,Refinance,Primary,Condo,ServicerD,2019
LN0004710,2022-07,165000,5.125,240,740-779,91-95,37-43,NE,Cash-Out Refinance,Primary,Multi-Family,ServicerB,2022
LN0004711,2019-03,291000,1.0,360,700-739,81-90,37-43,NE,Refinance,Primary,Co-op,ServicerA,2019
LN0004712,2021-07,236000,5.125,360,700-739,<=60,44-50,VT,Other,Primary,Co-op,ServicerA,2021
LN0004713,2021-08,193000,4.5,240,660-699,<=60,37-43,WV,Purchase,Primary,Co-op,ServicerE,2021
LN0004714,2022-11,217000,2.75,360,740-779,<=60,>50,NE,Purchase,Primary,Multi-Family,ServicerB,2022
LN0004715,2020-01,241000,3.625,360,700-739,<=60,,ID,Cash-Out Refinance,Primary,PUD,ServicerE,2020
LN0004716,2021-03,112000,6.625,360,660-699,,29-36,ND,Purchase,Primary,Multi-Family,ServicerB,2021
LN0004717,2018-12,115000,5.25,360,700-739,71-80,37-43,NM,Purchase,Primary,Condo,ServicerC,2018
LN0004718,2022-02,212000,5.625,360,780+,<=60,37-43,ID,Purchase,Primary,Multi-Family,ServicerC,2022
LN0004719,2018-06,141000,2.49,360,700-739,<=60,37-43,ND,Refinance,Primary,Single Family,ServicerD,2018
LN0004720,2020-07,75000,9.99,360,780+,,37-43,VT,Purchase,Primary,Condo,ServicerB,2020
LN0004721,2019-07,186000,2.5,360,660-699,<=60,44-50,ID,Cash-Out Refinance,Primary,PUD,ServicerD,2019
LN0004722,2018-07,134000,6.625,360,<620,96-100,44-50,NE,Refinance,Primary,PUD,ServicerD,2018
LN0004723,2018-11,165000,3.75,360,660-699,96-100,37-43,KS,Refinance,Primary,Single Family,ServicerD,2018
LN0004724,2019-10,47000,7.625,360,700-739,>100,<=28,WY,Purchase,Primary,PUD,ServicerD,2019
LN0004725,2018-11,126000,4.375,360,660-699,81-90,<=28,NE,Refinance,Primary,Multi-Family,ServicerE,2018
LN0004726,2022-05,593000,3.0,360,<620,<=60,29-36,ID,Refinance,Primary,Multi-Family,ServicerD,2022
LN0004727,2021-07,203000,10.75,360,780+,<=60,>50,NH,Purchase,Primary,Multi-Family,ServicerD,2021
LN0004728,2022-05,186000,3.75,360,780+,81-90,29-36,SD,Purchase,Primary,Multi-Family,ServicerC,2022
LN0004729,2020-06,230000,2.625,180,740-779,81-90,37-43,WY,Refinance,Primary,Condo,ServicerD,2020
LN0004730,2018-05,297000,4.125,360,620-659,96-100,29-36,ND,Purchase,Primary,PUD,ServicerE,2018
LN0004731,2022-10,86000,3.75,360,620-659,61-70,37-43,AK,Refinance,Primary,Single Family,ServicerD,2022
LN0004732,2019-12,143000,6.25,360,<620,81-90,37-43,VT,Refinance,Primary,Condo,ServicerA,2019
LN0004733,2021-08,467000,3.5,360,740-779,71-80,29-36,NE,Refinance,Primary,Co-op,ServicerD,2021
LN0004734,2019-09,90000,2.375,360,780+,81-90,>50,SD,Purchase,Primary,PUD,ServicerD,2019
LN0004735,2022-10,98000,2.25,360,700-739,61-70,<=28,WY,Cash-Out Refinance,Primary,Condo,ServicerE,2022
LN0004736,2021-12,392000,5.75,360,,81-90,37-43,ND,Refinance,Primary,Co-op,ServicerB,2021
LN0004737,2020-11,101000,3.0,180,700-739,81-90,,HI,Cash-Out Refinance,Primary,PUD,ServicerB,2020
LN0004738,2021-04,226000,3.125,120,660-699,96-100,37-43,ID,Refinance,Primary,Multi-Family,ServicerB,2021
LN0004739,2020-02,153000,6.125,360,660-699,61-70,44-50,NH,Purchase,Primary,Condo,ServicerB,2020
LN0004740,2018-09,227000,4.0,360,740-779,81-90,<=28,MT,Cash-Out Refinance,Investment,Condo,ServicerB,2018
LN0004741,2020-07,113000,6.625,360,740-779,61-70,44-50,DE,Other,Primary,Condo,ServicerA,2020
LN0004742,2019-09,132000,3.125,360,620-659,81-90,>50,NM,Purchase,Primary,Co-op,ServicerA,2019
LN0004743,2022-05,87000,2.75,180,<620,71-80,37-43,HI,Other,Investment,Single Family,ServicerE,2022
LN0004744,2019-02,30000,3.25,180,780+,96-100,44-50,KS,Purchase,Primary,Co-op,ServicerA,2019
LN0004745,2022-09,150000,5.5,360,660-699,61-70,37-43,NM,Purchase,Secondary,Co-op,ServicerB,2022
LN0004746,2020-09,96000,6.49,360,<620,96-100,29-36,SD,Purchase,Primary,Single Family,ServicerB,2020
LN0004747,2020-11,94000,6.5,360,620-659,96-100,44-50,ID,Refinance,Primary,Multi-Family,ServicerD,2020
LN0004748,2019-01,540000,2.75,180,<620,71-80,44-50,ID,Cash-Out Refinance,Primary,Single Family,ServicerC,2019
LN0004749,2018-09,123000,3.5,360,700-739,91-95,<=28,ID,Purchase,Primary,Condo,ServicerD,2018
LN0004750,2022-05,157000,3.25,360,740-779,71-80,37-43,AK,Purchase,Primary,Single Family,ServicerD,2022
LN0004751,2019-05,521000,7.85,360,660-699,<=60,37-43,KS,Purchase,Investment,Single Family,ServicerB,2019
LN0004752,2021-09,339000,6.5,360,700-739,71-80,37-43,NE,Purchase,Primary,Multi-Family,ServicerE,2021
LN0004753,2018-12,219000,5.0,360,740-779,<=60,37-43,NE,Refinance,Primary,Condo,ServicerA,2018
LN0004754,2018-06,101000,3.625,180,700-739,71-80,29-36,ND,Refinance,Primary,Co-op,ServicerA,2018
LN0004755,2020-11,557000,3.375,360,780+,<=60,44-50,NM,Purchase,Primary,Co-op,ServicerD,2020
LN0004756,2022-06,232000,3.75,360,780+,<=60,37-43,NE,Cash-Out Refinance,Primary,Co-op,ServicerB,2022
LN0004757,2018-01,199000,3.25,360,<620,61-70,<=28,ID,Purchase,Primary,PUD,ServicerA,2018
LN0004758,2018-08,40000,9.0,360,740-779,61-70,37-43,MT,Purchase,Primary,PUD,ServicerB,2018
LN0004759,2020-10,188000,3.124,360,700-739,<=60,44-50,ID,Cash-Out Refinance,Primary,Condo,ServicerE,2020
LN0004760,2018-08,243000,3.125,360,,71-80,44-50,WV,Purchase,Primary,PUD,ServicerC,2018
LN0004761,2020-04,119000,3.375,360,700-739,61-70,44-50,ID,Cash-Out Refinance,Primary,PUD,ServicerA,2020
LN0004762,2022-10,114000,2.875,120,780+,71-80,<=28,MT,Purchase,Investment,Condo,ServicerD,2022
LN0004763,2022-10,194000,5.085,240,,91-95,>50,NE,Refinance,Primary,PUD,ServicerB,2022
LN0004764,2019-06,165000,2.875,180,660-699,91-95,,ID,Purchase,Primary,Condo,ServicerE,2019
LN0004765,2020-05,198000,3.0,360,700-739,91-95,>50,ID,Cash-Out Refinance,Investment,Condo,ServicerC,2020
LN0004766,2022-11,181000,2.5,360,780+,71-80,37-43,NM,Purchase,Primary,Multi-Family,ServicerD,2022
LN0004767,2019-12,137000,3.25,360,780+,96-100,44-50,SD,Purchase,Primary,Co-op,ServicerB,2019
LN0004768,2021-09,50000,2.875,360,620-659,<=60,37-43,NE,Purchase,Primary,Multi-Family,ServicerB,2021
LN0004769,2019-02,149000,3.5,360,740-779,71-80,44-50,ID,Refinance,Primary,Single Family,ServicerD,2019
LN0004770,2020-09,106000,5.375,180,660-699,96-100,44-50,NH,Other,Primary,PUD,ServicerC,2020
LN0004771,2022-04,138000,2.875,360,<620,71-80,44-50,NM,Other,Primary,Condo,ServicerE,2022
LN0004772,2020-08,111000,3.625,180,700-739,,>50,NE,Purchase,Primary,Condo,ServicerE,2020
LN0004773,2018-03,97000,4.25,360,660-699,71-80,37-43,KS,Purchase,Primary,Co-op,ServicerB,2018
LN0004774,2021-07,369000,2.75,360,740-779,71-80,37-43,ID,Refinance,Secondary,PUD,ServicerE,2021
LN0004775,2018-02,212000,3.625,240,660-699,>100,37-43,SD,Refinance,Primary,PUD,ServicerC,2018
LN0004776,2018-07,78000,3.0,360,780+,71-80,44-50,NE,Purchase,Investment,Condo,ServicerE,2018
LN0004777,2019-08,318000,2.0,240,<620,71-80,<=28,NH,Other,Primary,PUD,ServicerB,2019
LN0004778,2019-08,344000,3.75,240,,71-80,44-50,NH,Purchase,Secondary,PUD,ServicerC,2019
LN0004779,2018-06,327000,3.75,180,660-699,71-80,44-50,AK,Purchase,Primary,Multi-Family,ServicerD,2018
LN0004780,2022-07,193000,2.99,360,660-699,71-80,37-43,NE,Refinance,Primary,Single Family,ServicerE,2022
LN0004781,2022-09,77000,7.49,360,<620,<=60,37-43,WY,Purchase,Primary,PUD,ServicerA,2022
LN0004782,2022-07,152000,2.99,180,620-659,96-100,37-43,NE,Purchase,Primary,Single Family,ServicerC,2022
LN0004783,2020-10,218000,2.875,360,700-739,81-90,37-43,NE,Refinance,Primary,Single Family,ServicerE,2020
LN0004784,2021-11,111000,4.341,360,660-699,71-80,,ID,Cash-Out Refinance,Primary,Single Family,ServicerB,2021
LN0004785,2021-08,184000,2.625,360,700-739,<=60,<=28,ND,Purchase,Primary,Multi-Family,ServicerC,2021
LN0004786,2021-12,142000,3.125,360,660-699,81-90,<=28,ID,Refinance,Primary,PUD,ServicerB,2021
LN0004787,2021-03,99000,3.875,360,780+,71-80,44-50,MT,Refinance,Investment,Co-op,ServicerD,2021
LN0004788,2019-09,100000,4.75,360,780+,<=60,37-43,VT,Purchase,Primary,Co-op,ServicerC,2019
LN0004789,2019-08,51000,2.99,360,700-739,>100,29-36,ND,Purchase,Investment,Condo,ServicerE,2019
LN0004790,2021-03,173000,3.0,360,660-699,96-100,44-50,NH,Cash-Out Refinance,Primary,Co-op,ServicerA,2021
LN0004791,2022-09,110000,4.875,360,620-659,61-70,37-43,ID,Cash-Out Refinance,Primary,Co-op,ServicerB,2022
LN0004792,2018-12,127000,3.1,360,780+,<=60,<=28,VT,Purchase,Primary,Multi-Family,ServicerC,2018
LN0004793,2019-08,292000,3.25,360,<620,81-90,37-43,WY,Refinance,Primary,PUD,ServicerE,2019
LN0004794,2021-01,158000,4.375,360,660-699,81-90,44-50,NH,Refinance,Primary,PUD,ServicerB,2021
LN0004795,2019-09,210000,6.0,360,660-699,71-80,37-43,NM,Purchase,Primary,Single Family,ServicerD,2019
LN0004796,2020-02,234000,8.125,360,660-699,61-70,,VT,Purchase,Primary,Co-op,ServicerD,2020
LN0004797,2022-07,147000,3.375,360,620-659,91-95,>50,MT,Other,Primary,Single Family,ServicerA,2022
LN0004798,2018-02,363000,3.0,360,740-779,81-90,<=28,DE,Purchase,Primary,Co-op,ServicerE,2018
LN0004799,2020-10,108000,2.25,180,620-659,96-100,>50,WV,Purchase,Primary,Condo,ServicerC,2020
LN0004800,2020-01,109000,2.5,120,740-779,61-70,29-36,ID,Purchase,Primary,PUD,ServicerC,2020
LN0004801,2022-03,773000,5.625,360,620-659,96-100,37-43,NV,Purchase,Primary,PUD,ServicerD,2022
LN0004802,2018-06,239000,5.25,360,<620,71-80,37-43,DE,Cash-Out Refinance,Primary,Co-op,ServicerD,2018
LN0004803,2020-06,199000,6.0,360,780+,81-90,37-43,KS,Purchase,Primary,Condo,ServicerA,2020
LN0004804,2020-05,157000,3.625,360,620-659,71-80,37-43,WV,Refinance,Primary,PUD,ServicerA,2020
LN0004805,2021-01,210000,8.24,180,780+,71-80,29-36,KS,Purchase,Investment,Condo,ServicerE,2021
LN0004806,2019-03,331000,2.5,360,700-739,81-90,29-36,ID,Purchase,Primary,Condo,ServicerE,2019
LN0004807,2022-07,114000,7.5,360,<620,<=60,<=28,MT,Cash-Out Refinance,Primary,Multi-Family,ServicerB,2022
LN0004808,2018-05,100000,3.5,360,780+,96-100,37-43,DE,Purchase,Primary,Co-op,ServicerA,2018
LN0004809,2020-04,489000,2.25,180,660-699,96-100,44-50,ID,Purchase,Primary,Co-op,ServicerE,2020
LN0004810,2019-12,177000,6.875,360,780+,91-95,44-50,WY,Cash-Out Refinance,Primary,PUD,ServicerC,2019
LN0004811,2021-01,276000,3.875,360,620-659,81-90,37-43,ID,Cash-Out Refinance,Primary,PUD,ServicerD,2021
LN0004812,2018-09,116000,2.75,360,780+,71-80,44-50,NE,Purchase,Primary,Condo,ServicerB,2018
LN0004813,2020-02,53000,2.5,360,<620,<=60,44-50,RI,Refinance,Primary,Co-op,ServicerE,2020
LN0004814,2018-07,86000,3.75,360,700-739,96-100,37-43,NV,Purchase,Primary,Co-op,ServicerE,2018
LN0004815,2021-10,125000,4.625,360,740-779,71-80,29-36,KS,Cash-Out Refinance,Primary,PUD,ServicerA,2021
LN0004816,2020-10,214000,2.75,180,780+,91-95,37-43,ID,Refinance,Primary,Co-op,ServicerA,2020
LN0004817,2021-06,294000,2.75,360,780+,96-100,29-36,AK,Purchase,Primary,PUD,ServicerC,2021
LN0004818,2021-08,144000,4.875,180,740-779,<=60,<=28,NH,Purchase,Secondary,Multi-Family,ServicerB,2021
LN0004819,2022-03,102000,2.125,360,,71-80,44-50,NH,Refinance,Primary,Multi-Family,ServicerD,2022
LN0004820,2019-09,377000,7.99,360,620-659,<=60,37-43,ID,Refinance,Primary,Condo,ServicerD,2019
LN0004821,2021-08,128000,5.99,120,660-699,96-100,29-36,DE,Purchase,Primary,PUD,ServicerE,2021
LN0004822,2021-03,286000,2.75,360,,<=60,29-36,NH,Purchase,Primary,PUD,ServicerD,2021
LN0004823,2020-02,76000,4.25,360,660-699,71-80,29-36,ID,Cash-Out Refinance,Primary,Single Family,ServicerE,2020
LN0004824,2022-11,386000,2.5,360,700-739,96-100,37-43,NM,Cash-Out Refinance,Investment,Multi-Family,ServicerC,2022
LN0004825,2022-07,149000,7.0,360,700-739,96-100,44-50,NE,Other,Investment,Condo,ServicerC,2022
LN0004826,2021-04,241000,4.25,360,620-659,81-90,44-50,NM,Purchase,Primary,Multi-Family,ServicerD,2021
LN0004827,2021-06,354000,2.375,360,740-779,71-80,37-43,ND,Purchase,Primary,Multi-Family,ServicerD,2021
LN0004828,2022-01,222000,3.625,360,620-659,61-70,>50,NH,Purchase,Primary,Single Family,ServicerD,2022
LN0004829,2021-12,144000,3.625,360,660-699,96-100,>50,KS,Refinance,Primary,PUD,ServicerA,2021
LN0004830,2020-11,65000,5.625,180,700-739,81-90,44-50,MT,Refinance,Primary,Co-op,ServicerB,2020
LN0004831,2018-03,140000,5.875,360,740-779,,37-43,ID,Purchase,Primary,Multi-Family,ServicerC,2018
LN0004832,2018-10,121000,6.75,360,740-779,81-90,37-43,ID,Refinance,Secondary,Co-op,ServicerA,2018
LN0004833,2020-09,239000,5.25,120,740-779,91-95,44-50,NV,Purchase,Primary,Single Family,ServicerD,2020
LN0004834,2018-11,67000,6.625,360,620-659,81-90,29-36,NM,Purchase,Primary,PUD,ServicerA,2018
LN0004835,2022-02,117000,3.75,360,700-739,71-80,37-43,AK,Refinance,Investment,Condo,ServicerA,2022
LN0004836,2019-10,190000,2.85,360,620-659,61-70,37-43,NM,Purchase,Primary,Single Family,ServicerB,2019
LN0004837,2022-10,625000,6.499,180,660-699,81-90,>50,ND,Cash-Out Refinance,Primary,Co-op,ServicerC,2022
LN0004838,2018-10,48000,3.5,360,700-739,<=60,37-43,NH,Purchase,Primary,Multi-Family,ServicerB,2018
LN0004839,2022-04,90000,8.8,360,<620,81-90,37-43,NH,Refinance,Primary,Co-op,ServicerD,2022
LN0004840,2021-09,195000,3.25,240,660-699,81-90,<=28,RI,Refinance,Primary,Co-op,ServicerC,2021
LN0004841,2018-02,69000,3.25,360,780+,96-100,>50,ID,Purchase,Primary,Co-op,ServicerC,2018
LN0004842,2022-03,80000,6.0,360,780+,61-70,29-36,NE,Cash-Out Refinance,Primary,PUD,ServicerE,2022
LN0004843,2018-05,305000,4.625,180,660-699,71-80,>50,MS,Purchase,Primary,Co-op,ServicerC,2018
LN0004844,2019-04,109000,4.5,180,<620,81-90,37-43,NE,Refinance,Primary,Condo,ServicerE,2019
LN0004845,2022-08,292000,3.99,180,620-659,,37-43,VT,Purchase,Primary,Single Family,ServicerE,2022
LN0004846,2018-09,198000,2.375,360,700-739,71-80,44-50,NH,Cash-Out Refinance,Primary,PUD,ServicerE,2018
LN0004847,2022-06,137000,2.375,360,780+,61-70,37-43,KS,Other,Primary,PUD,ServicerE,2022
LN0004848,2021-10,149000,6.625,360,620-659,,<=28,ND,Refinance,Primary,PUD,ServicerA,2021
LN0004849,2018-08,83000,4.75,360,740-779,,37-43,NM,Purchase,Primary,Multi-Family,ServicerC,2018
LN0004850,2018-06,126000,2.75,360,620-659,<=60,>50,HI,Other,Primary,PUD,ServicerC,2018
LN0004851,2021-03,185000,2.99,180,780+,71-80,37-43,VT,Cash-Out Refinance,Primary,PUD,ServicerB,2021
LN0004852,2021-01,132000,4.125,360,700-739,71-80,>50,MT,Purchase,Primary,Multi-Family,ServicerC,2021
LN0004853,2022-06,153000,4.75,360,740-779,61-70,37-43,ID,Cash-Out Refinance,Primary,Single Family,ServicerC,2022
LN0004854,2021-05,124000,2.875,360,660-699,61-70,<=28,AK,Purchase,Primary,Condo,ServicerD,2021
LN0004855,2018-02,130000,7.0,360,740-779,81-90,37-43,NE,Purchase,Primary,Multi-Family,ServicerE,2018
LN0004856,2018-09,59000,3.875,180,620-659,<=60,37-43,RI,Purchase,Primary,PUD,ServicerA,2018
LN0004857,2019-05,106000,5.75,360,620-659,96-100,<=28,VT,Refinance,Primary,PUD,ServicerE,2019
LN0004858,2019-03,74000,3.375,360,780+,<=60,44-50,NM,Refinance,Primary,PUD,ServicerE,2019
LN0004859,2020-02,384000,3.25,360,780+,61-70,44-50,MS,Purchase,Primary,Multi-Family,ServicerE,2020
LN0004860,2019-05,185000,3.25,360,780+,<=60,29-36,RI,Refinance,Primary,Single Family,ServicerC,2019
LN0004861,2021-11,118000,5.25,180,740-779,<=60,37-43,ID,Refinance,Secondary,Single Family,ServicerD,2021
LN0004862,2019-01,214000,2.625,360,740-779,81-90,<=28,RI,Purchase,Primary,Condo,ServicerB,2019
LN0004863,2022-06,140000,4.375,360,<620,81-90,29-36,NM,Purchase,Primary,PUD,ServicerC,2022
LN0004864,2019-01,144000,3.375,360,660-699,61-70,44-50,WV,Purchase,Primary,PUD,ServicerE,2019
LN0004865,2018-05,123000,7.05,360,660-699,<=60,37-43,MT,Purchase,Primary,Condo,ServicerD,2018
LN0004866,2021-02,60000,6.75,360,740-779,71-80,29-36,ID,Refinance,Primary,Single Family,ServicerB,2021
LN0004867,2020-03,373000,3.875,360,660-699,91-95,>50,HI,Purchase,Primary,Single Family,ServicerE,2020
LN0004868,2021-06,169000,3.5,120,620-659,91-95,37-43,NH,Cash-Out Refinance,Primary,Condo,ServicerB,2021
LN0004869,2020-07,333000,2.75,360,700-739,<=60,29-36,NM,Purchase,Primary,Single Family,ServicerC,2020
LN0004870,2018-01,115000,2.875,360,740-779,71-80,44-50,HI,Refinance,Investment,Multi-Family,ServicerA,2018
LN0004871,2019-04,83000,4.49,360,700-739,96-100,>50,NH,Cash-Out Refinance,Secondary,Condo,ServicerE,2019
LN0004872,2022-10,151000,2.749,360,620-659,71-80,37-43,ID,Purchase,Primary,Single Family,ServicerB,2022
LN0004873,2019-08,199000,3.5,360,620-659,>100,44-50,ID,Purchase,Primary,Condo,ServicerB,2019
LN0004874,2022-09,272000,7.74,240,660-699,<=60,>50,WV,Refinance,Primary,Condo,ServicerC,2022
LN0004875,2021-02,79000,4.875,360,660-699,71-80,37-43,DE,Refinance,Primary,PUD,ServicerE,2021
LN0004876,2020-01,139000,2.875,360,740-779,71-80,29-36,NM,Purchase,Primary,Condo,ServicerC,2020
LN0004877,2020-08,210000,4.99,360,,71-80,29-36,HI,Other,Primary,Single Family,ServicerD,2020
LN0004878,2022-07,369000,10.5,240,740-779,<=60,37-43,SD,Purchase,Primary,Single Family,ServicerB,2022
LN0004879,2018-08,160000,2.875,360,660-699,96-100,37-43,MT,Purchase,Secondary,Single Family,ServicerB,2018
LN0004880,2018-07,555000,3.75,360,780+,,44-50,WV,Purchase,Primary,Condo,ServicerC,2018
LN0004881,2019-01,280000,3.625,360,660-699,81-90,44-50,NM,Refinance,Primary,Condo,ServicerC,2019
LN0004882,2020-09,167000,2.5,360,700-739,<=60,44-50,ID,Purchase,Primary,Single Family,ServicerA,2020
LN0004883,2022-11,195000,3.75,360,740-779,61-70,37-43,MT,Refinance,Primary,Multi-Family,ServicerE,2022
LN0004884,2018-04,144000,4.0,360,620-659,61-70,37-43,RI,Cash-Out Refinance,Primary,Single Family,ServicerA,2018
LN0004885,2022-11,134000,4.55,360,620-659,81-90,44-50,RI,Purchase,Primary,Condo,ServicerA,2022
LN0004886,2019-05,208000,4.0,240,780+,61-70,37-43,RI,Refinance,Primary,Single Family,ServicerD,2019
LN0004887,2022-07,414000,5.25,360,660-699,96-100,37-43,ID,Refinance,Primary,PUD,ServicerB,2022
LN0004888,2021-02,88000,3.5,360,740-779,,37-43,ID,Refinance,Primary,Condo,ServicerC,2021
LN0004889,2022-04,98000,4.5,360,<620,71-80,37-43,NH,Refinance,Primary,Co-op,ServicerC,2022
LN0004890,2019-06,238000,2.75,360,740-779,96-100,44-50,AK,Purchase,Primary,Co-op,ServicerE,2019
LN0004891,2022-03,119000,5.825,360,660-699,>100,>50,NM,Other,Primary,Co-op,ServicerD,2022
LN0004892,2019-09,101000,4.25,180,<620,61-70,44-50,ND,Purchase,Primary,Multi-Family,ServicerC,2019
LN0004893,2021-09,240000,2.75,360,740-779,71-80,29-36,VT,Refinance,Primary,PUD,ServicerD,2021
LN0004894,2021-01,116000,6.499,240,660-699,<=60,37-43,NV,Cash-Out Refinance,Primary,Multi-Family,ServicerC,2021
LN0004895,2018-08,96000,3.375,240,700-739,91-95,37-43,DE,Purchase,Primary,PUD,ServicerD,2018
LN0004896,2022-05,134000,7.25,360,620-659,61-70,,KS,Purchase,Primary,PUD,ServicerB,2022
LN0004897,2019-01,91000,2.875,360,620-659,96-100,>50,NH,Cash-Out Refinance,Primary,Multi-Family,ServicerC,2019
LN0004898,2018-08,439000,4.5,360,660-699,71-80,44-50,VT,Refinance,Primary,Single Family,ServicerD,2018
LN0004899,2020-10,288000,2.5,360,,71-80,<=28,KS,Cash-Out Refinance,Primary,Single Family,ServicerB,2020
LN0004900,2020-11,392000,2.375,360,780+,81-90,29-36,ID,Purchase,Primary,PUD,ServicerE,2020
LN0004901,2021-06,116000,2.375,360,<620,81-90,37-43,KS,Refinance,Primary,Condo,ServicerD,2021
LN0004902,2019-10,123000,2.25,180,700-739,61-70,37-43,SD,Purchase,Primary,PUD,ServicerA,2019
LN0004903,2022-05,646000,7.125,360,620-659,<=60,44-50,NH,Cash-Out Refinance,Primary,Single Family,ServicerB,2022
LN0004904,2018-03,129000,6.39,360,660-699,61-70,29-36,KS,Purchase,Primary,Single Family,ServicerD,2018
LN0004905,2022-10,133000,3.5,180,780+,71-80,44-50,ID,Refinance,Primary,Multi-Family,ServicerA,2022
LN0004906,2018-05,150000,2.25,360,620-659,71-80,>50,NE,Purchase,Primary,Condo,ServicerB,2018
LN0004907,2018-07,264000,8.5,360,780+,81-90,44-50,NH,Cash-Out Refinance,Primary,Co-op,ServicerB,2018
LN0004908,2018-03,265000,3.375,360,660-699,<=60,37-43,ID,Purchase,Primary,Single Family,ServicerE,2018
LN0004909,2022-05,179000,5.625,360,740-779,91-95,>50,ID,Cash-Out Refinance,Primary,Single Family,ServicerA,2022
LN0004910,2021-04,330000,3.125,360,700-739,71-80,37-43,ND,Purchase,Primary,Co-op,ServicerA,2021
LN0004911,2022-09,159000,2.75,360,780+,71-80,>50,RI,Purchase,Primary,Condo,ServicerA,2022
LN0004912,2020-11,147000,3.5,360,700-739,71-80,37-43,AK,Purchase,Primary,Condo,ServicerC,2020
LN0004913,2020-11,109000,6.99,180,700-739,<=60,44-50,ID,Refinance,Primary,Multi-Family,ServicerB,2020
LN0004914,2020-12,191000,3.875,360,620-659,96-100,>50,RI,Refinance,Primary,PUD,ServicerB,2020
LN0004915,2021-05,125000,2.5,360,620-659,91-95,<=28,ND,Cash-Out Refinance,Primary,Single Family,ServicerD,2021
LN0004916,2019-11,107000,5.25,360,780+,96-100,44-50,ID,Refinance,Primary,PUD,ServicerB,2019
LN0004917,2020-06,284000,2.75,240,660-699,61-70,29-36,WY,Other,Primary,PUD,ServicerD,2020
LN0004918,2019-08,165000,3.0,180,660-699,<=60,44-50,ID,Cash-Out Refinance,Primary,Single Family,ServicerB,2019
LN0004919,2022-06,117000,6.0,180,740-779,61-70,29-36,NV,Other,Primary,Single Family,ServicerA,2022
LN0004920,2018-12,186000,5.11,360,660-699,<=60,29-36,ID,Purchase,Primary,Condo,ServicerC,2018
LN0004921,2019-11,96000,2.875,120,780+,91-95,29-36,ID,Refinance,Primary,Multi-Family,ServicerD,2019
LN0004922,2018-10,195000,4.0,360,740-779,61-70,<=28,ND,Refinance,Primary,Co-op,ServicerB,2018
LN0004923,2021-01,184000,3.625,360,700-739,91-95,>50,DE,Purchase,Primary,Multi-Family,ServicerD,2021
LN0004924,2018-11,34000,2.75,360,780+,71-80,<=28,AK,Purchase,Primary,PUD,ServicerC,2018
LN0004925,2019-07,90000,6.0,360,<620,,<=28,NH,Refinance,Primary,Condo,ServicerB,2019
LN0004926,2022-12,272000,6.0,360,660-699,91-95,<=28,ID,Refinance,Primary,Condo,ServicerD,2022
LN0004927,2021-07,58000,3.5,360,700-739,<=60,37-43,SD,Refinance,Primary,Multi-Family,ServicerB,2021
LN0004928,2022-02,225000,6.75,360,660-699,61-70,44-50,MT,Purchase,Primary,Single Family,ServicerE,2022
LN0004929,2018-09,166000,3.875,360,740-779,71-80,37-43,NH,Purchase,Primary,Condo,ServicerA,2018
LN0004930,2018-11,170000,5.625,360,780+,71-80,44-50,NH,Refinance,Primary,Condo,ServicerC,2018
LN0004931,2021-11,228000,2.875,360,700-739,71-80,37-43,AK,Purchase,Primary,Condo,ServicerA,2021
LN0004932,2018-06,82000,10.74,360,660-699,81-90,29-36,SD,Refinance,Primary,PUD,ServicerA,2018
LN0004933,2021-10,133000,5.875,360,780+,<=60,37-43,ID,Cash-Out Refinance,Primary,PUD,ServicerB,2021
LN0004934,2020-07,244000,2.75,360,700-739,81-90,37-43,SD,Cash-Out Refinance,Primary,PUD,ServicerD,2020
LN0004935,2019-12,70000,6.0,360,700-739,71-80,37-43,HI,Refinance,Primary,Condo,ServicerA,2019
LN0004936,2018-02,152000,3.5,240,660-699,71-80,29-36,KS,Purchase,Primary,Single Family,ServicerB,2018
LN0004937,2021-06,141000,10.5,360,780+,91-95,37-43,NE,Refinance,Investment,Condo,ServicerD,2021
LN0004938,2019-08,146000,2.875,360,700-739,71-80,37-43,HI,Purchase,Primary,Condo,ServicerB,2019
LN0004939,2018-04,123000,3.5,360,740-779,71-80,44-50,NH,Purchase,Primary,Multi-Family,ServicerC,2018
LN0004940,2018-05,226000,3.25,360,740-779,<=60,44-50,NH,Refinance,Primary,PUD,ServicerB,2018
LN0004941,2020-04,229000,5.75,360,660-699,96-100,29-36,ID,Refinance,Primary,Co-op,ServicerD,2020
LN0004942,2018-10,118000,3.75,360,700-739,71-80,>50,ID,Purchase,Primary,PUD,ServicerB,2018
LN0004943,2020-12,156000,7.625,240,780+,81-90,44-50,WV,Purchase,Primary,Condo,ServicerC,2020
LN0004944,2019-04,609000,3.25,360,660-699,81-90,29-36,WV,Purchase,Primary,Multi-Family,ServicerA,2019
LN0004945,2021-06,92000,7.75,360,740-779,71-80,44-50,ID,Cash-Out Refinance,Primary,Co-op,ServicerE,2021
LN0004946,2018-05,31000,3.99,360,780+,<=60,<=28,MT,Purchase,Primary,Condo,ServicerC,2018
LN0004947,2021-12,80000,3.24,360,740-779,61-70,37-43,MT,Cash-Out Refinance,Primary,Multi-Family,ServicerE,2021
LN0004948,2022-04,188000,7.75,360,740-779,71-80,<=28,ID,Refinance,Primary,Co-op,ServicerC,2022
LN0004949,2018-04,147000,3.99,360,740-779,71-80,>50,AK,Cash-Out Refinance,Primary,Co-op,ServicerD,2018
LN0004950,2021-02,221000,4.0,360,780+,96-100,44-50,NM,Purchase,Primary,PUD,ServicerC,2021
LN0004951,2020-10,480000,3.25,360,700-739,96-100,<=28,ND,Purchase,Primary,Multi-Family,ServicerE,2020
LN0004952,2022-08,89000,2.75,360,<620,91-95,44-50,MT,Refinance,Primary,Multi-Family,ServicerE,2022
LN0004953,2019-09,70000,5.5,360,700-739,>100,44-50,WY,Other,Primary,Multi-Family,ServicerD,2019
LN0004954,2019-11,57000,2.375,360,740-779,91-95,44-50,ND,Purchase,Primary,Co-op,ServicerA,2019
LN0004955,2022-11,174000,4.125,180,700-739,<=60,44-50,DE,Cash-Out Refinance,Primary,Single Family,ServicerA,2022
LN0004956,2022-10,149000,3.375,360,740-779,<=60,>50,,Refinance,Primary,PUD,ServicerB,2022
LN0004957,2019-02,324000,5.125,360,660-699,61-70,37-43,ID,Purchase,Primary,PUD,ServicerA,2019
LN0004958,2022-03,311000,3.5,360,740-779,71-80,44-50,VT,Cash-Out Refinance,Primary,Single Family,ServicerC,2022
LN0004959,2018-03,116000,3.5,360,620-659,96-100,37-43,ND,Purchase,Primary,Single Family,ServicerB,2018
LN0004960,2020-10,58000,6.0,180,740-779,91-95,37-43,ID,Refinance,Primary,Co-op,ServicerD,2020
LN0004961,2019-09,78000,3.5,360,700-739,<=60,44-50,ID,Cash-Out Refinance,Primary,Single Family,ServicerB,2019
LN0004962,2020-04,147000,7.25,360,660-699,91-95,<=28,ID,Purchase,Primary,Condo,ServicerB,2020
LN0004963,2018-12,387000,2.875,240,660-699,71-80,>50,ID,Cash-Out Refinance,Primary,Single Family,ServicerA,2018
LN0004964,2022-10,127000,3.625,180,740-779,<=60,37-43,ID,Cash-Out Refinance,Primary,Multi-Family,ServicerA,2022
LN0004965,2020-11,184000,2.99,360,700-739,71-80,37-43,DE,Refinance,Primary,Co-op,ServicerA,2020
LN0004966,2022-08,179000,11.15,360,660-699,71-80,29-36,DE,Cash-Out Refinance,Primary,Single Family,ServicerD,2022
LN0004967,2018-07,143000,3.125,360,780+,71-80,44-50,MT,Refinance,Primary,Single Family,ServicerA,2018
LN0004968,2018-06,710000,3.5,240,740-779,>100,44-50,ID,Refinance,Investment,Single Family,ServicerA,2018
LN0004969,2021-07,192000,5.09,360,780+,71-80,44-50,NH,Purchase,Primary,Condo,ServicerB,2021
LN0004970,2020-02,112000,6.75,360,700-739,71-80,44-50,NE,Refinance,Primary,Single Family,ServicerE,2020
LN0004971,2022-08,169000,4.99,360,700-739,<=60,29-36,DE,Cash-Out Refinance,Primary,Single Family,ServicerD,2022
LN0004972,2021-06,47000,2.25,240,780+,71-80,29-36,NM,Purchase,Primary,Condo,ServicerE,2021
LN0004973,2022-01,212000,3.25,360,700-739,96-100,29-36,RI,Cash-Out Refinance,Investment,Single Family,ServicerD,2022
LN0004974,2019-01,219000,2.99,360,740-779,<=60,44-50,WV,Purchase,Primary,Multi-Family,ServicerD,2019
LN0004975,2020-07,144000,3.99,180,660-699,>100,44-50,ID,Purchase,Investment,Single Family,ServicerA,2020
LN0004976,2022-08,121000,8.0,360,700-739,<=60,37-43,MT,Purchase,Primary,Condo,ServicerB,2022
LN0004977,2020-01,202000,2.5,240,620-659,81-90,37-43,ND,Cash-Out Refinance,Primary,Multi-Family,ServicerC,2020
LN0004978,2021-04,164000,3.625,240,660-699,61-70,44-50,MS,Purchase,Primary,Single Family,ServicerA,2021
LN0004979,2020-02,337000,2.625,360,<620,71-80,37-43,HI,Cash-Out Refinance,Primary,PUD,ServicerC,2020
LN0004980,2022-01,317000,3.75,120,<620,61-70,37-43,NV,Cash-Out Refinance,Primary,Single Family,ServicerB,2022
LN0004981,2019-12,52000,2.375,360,780+,81-90,29-36,NH,Purchase,Primary,Co-op,ServicerA,2019
LN0004982,2021-02,121000,6.75,360,660-699,71-80,44-50,ID,Refinance,Primary,PUD,ServicerA,2021
LN0004983,2019-04,104000,3.875,360,740-779,71-80,29-36,ID,Refinance,Primary,Condo,ServicerC,2019
LN0004984,2019-06,116000,3.0,360,780+,81-90,44-50,ID,Refinance,Primary,PUD,ServicerC,2019
LN0004985,2020-02,164000,2.25,180,700-739,81-90,29-36,MT,Refinance,Primary,Condo,ServicerA,2020
LN0004986,2018-01,120000,3.99,360,620-659,<=60,>50,NE,Purchase,Investment,Condo,ServicerA,2018
LN0004987,2021-07,255000,7.0,360,740-779,<=60,44-50,MT,Cash-Out Refinance,Primary,PUD,ServicerE,2021
LN0004988,2018-10,253000,5.25,180,740-779,<=60,37-43,WV,Refinance,Primary,Single Family,ServicerD,2018
LN0004989,2020-05,447000,2.25,360,740-779,61-70,44-50,NH,Cash-Out Refinance,Primary,Co-op,ServicerD,2020
LN0004990,2019-02,70000,6.75,360,740-779,<=60,44-50,ID,Cash-Out Refinance,Primary,Multi-Family,ServicerD,2019
LN0004991,2021-04,99000,3.5,360,780+,61-70,37-43,RI,Purchase,Primary,Co-op,ServicerD,2021
LN0004992,2020-01,300000,3.125,360,700-739,96-100,>50,NH,Purchase,Primary,Single Family,ServicerC,2020
LN0004993,2020-09,280000,7.625,360,660-699,<=60,44-50,NM,Purchase,Primary,PUD,ServicerC,2020
LN0004994,2019-02,385000,3.25,360,740-779,<=60,37-43,DE,Purchase,Primary,PUD,ServicerD,2019
LN0004995,2022-10,83000,7.75,360,<620,96-100,29-36,ID,Cash-Out Refinance,Primary,PUD,ServicerB,2022
LN0004996,2021-02,106000,4.875,120,780+,71-80,>50,DE,Refinance,Primary,Condo,ServicerE,2021
LN0004997,2021-10,334000,2.875,120,620-659,71-80,29-36,NM,Cash-Out Refinance,Primary,Multi-Family,ServicerD,2021
LN0004998,2018-02,147000,2.625,360,660-699,<=60,>50,ID,Refinance,Primary,Multi-Family,ServicerC,2018
LN0004999,2018-01,491000,3.25,360,740-779,71-80,37-43,KS,Refinance,Primary,PUD,ServicerC,2018
LN0005000,2021-06,229000,5.125,360,700-739,<=60,29-36,WY,Purchase,Investment,Single Family,ServicerB,2021
LN0005001,2018-03,400000,4.375,360,700-739,71-80,29-36,NV,Purchase,Primary,PUD,ServicerE,2018
LN0005002,2018-08,103000,2.75,360,700-739,81-90,44-50,AK,Purchase,Investment,Condo,ServicerB,2018
LN0005003,2018-05,127000,3.125,120,780+,71-80,37-43,KS,Refinance,Primary,Co-op,ServicerE,2018
LN0005004,2022-11,596000,2.25,180,660-699,71-80,44-50,NH,Cash-Out Refinance,Primary,Co-op,ServicerB,2022
LN0005005,2021-02,155000,6.625,360,780+,<=60,>50,WY,Purchase,Investment,Multi-Family,ServicerD,2021
LN0005006,2018-11,134000,1.99,360,620-659,71-80,<=28,VT,Refinance,Primary,Co-op,ServicerA,2018
LN0005007,2018-09,360000,3.375,360,740-779,96-100,44-50,NH,Refinance,Primary,PUD,ServicerB,2018
LN0005008,2018-05,184000,3.125,360,780+,71-80,<=28,MS,Refinance,Primary,Co-op,ServicerD,2018
LN0005009,2021-07,113000,2.875,360,620-659,61-70,<=28,ID,Purchase,Primary,Co-op,ServicerD,2021
LN0005010,2018-10,286000,1.99,360,700-739,96-100,37-43,AK,Purchase,Primary,Co-op,ServicerB,2018
LN0005011,2021-04,289000,5.25,360,620-659,71-80,44-50,RI,Purchase,Primary,Co-op,ServicerC,2021
LN0005012,2022-11,84000,2.625,360,740-779,96-100,29-36,RI,Refinance,Primary,Multi-Family,ServicerC,2022
LN0005013,2022-01,142000,2.75,360,700-739,<=60,37-43,HI,Cash-Out Refinance,Primary,Multi-Family,ServicerB,2022
LN0005014,2021-07,221000,2.25,360,740-779,61-70,37-43,HI,Refinance,Primary,Condo,ServicerB,2021
LN0005015,2021-07,147000,3.875,360,620-659,<=60,44-50,ID,Cash-Out Refinance,Primary,PUD,ServicerB,2021
LN0005016,2022-10,55000,2.5,360,660-699,91-95,44-50,AK,Cash-Out Refinance,Primary,PUD,ServicerA,2022
LN0005017,2018-06,56000,6.0,360,<620,<=60,44-50,MT,Purchase,Primary,Co-op,ServicerB,2018
LN0005018,2018-08,80000,5.99,240,660-699,>100,44-50,ID,Refinance,Primary,Condo,ServicerE,2018
LN0005019,2022-06,613000,3.5,360,700-739,96-100,>50,KS,Purchase,Primary,Multi-Family,ServicerC,2022
LN0005020,2022-04,204000,9.15,360,780+,91-95,37-43,MS,Purchase,Primary,Single Family,ServicerC,2022
LN0005021,2018-02,178000,11.7,360,740-779,61-70,37-43,DE,Cash-Out Refinance,Primary,Co-op,ServicerC,2018
LN0005022,2018-10,160000,6.24,360,700-739,81-90,>50,SD,Other,Secondary,PUD,ServicerC,2018
LN0005023,2018-10,283000,3.375,360,780+,71-80,>50,NE,Refinance,Primary,PUD,ServicerC,2018
LN0005024,2019-10,132000,5.44,360,740-779,91-95,37-43,DE,Other,Primary,Single Family,ServicerA,2019
LN0005025,2019-11,60000,6.125,360,780+,71-80,37-43,ID,Purchase,Primary,Single Family,ServicerD,2019
LN0005026,2022-05,151000,2.5,360,700-739,<=60,37-43,ID,Purchase,Primary,Condo,ServicerE,2022
LN0005027,2020-07,309000,10.01,360,660-699,71-80,37-43,NE,Refinance,Primary,Co-op,ServicerE,2020
LN0005028,2021-12,30000,4.25,120,<620,81-90,44-50,ID,Refinance,Primary,Condo,ServicerE,2021
LN0005029,2022-08,133000,2.99,360,740-779,>100,<=28,KS,Refinance,Primary,Condo,ServicerC,2022
LN0005030,2019-04,309000,3.75,180,620-659,81-90,44-50,AK,Purchase,Primary,PUD,ServicerD,2019
LN0005031,2019-01,227000,4.0,360,660-699,71-80,44-50,HI,Purchase,Investment,Condo,ServicerC,2019
LN0005032,2018-03,98000,2.625,180,700-739,<=60,44-50,ID,Purchase,Primary,Condo,ServicerA,2018
LN0005033,2020-10,210000,7.49,180,700-739,61-70,44-50,NE,Purchase,Primary,Multi-Family,ServicerB,2020
LN0005034,2021-09,209000,8.0,180,740-779,61-70,44-50,ID,Cash-Out Refinance,Primary,Condo,ServicerC,2021
LN0005035,2020-05,382000,3.625,360,620-659,91-95,37-43,HI,Purchase,Primary,Single Family,ServicerC,2020
LN0005036,2022-09,148000,3.61,360,660-699,71-80,29-36,ID,Cash-Out Refinance,Primary,Multi-Family,ServicerE,2022
LN0005037,2019-03,156000,3.125,360,740-779,71-80,<=28,NE,Purchase,Primary,Co-op,ServicerB,2019
LN0005038,2021-05,102000,2.99,360,780+,71-80,37-43,KS,Purchase,Primary,PUD,ServicerC,2021
LN0005039,2022-06,191000,3.125,360,740-779,>100,29-36,ID,Purchase,Secondary,Condo,ServicerD,2022
LN0005040,2020-06,102000,3.5,360,780+,<=60,37-43,NH,Refinance,Primary,Condo,ServicerA,2020
LN0005041,2018-09,123000,4.0,360,740-779,71-80,37-43,KS,Refinance,Primary,Co-op,ServicerE,2018
LN0005042,2022-11,77000,3.25,360,,<=60,29-36,MT,Purchase,Primary,PUD,ServicerB,2022
LN0005043,2019-01,219000,6.0,360,620-659,<=60,37-43,NM,Other,Primary,PUD,ServicerB,2019
LN0005044,2019-09,137000,4.75,360,740-779,,29-36,MT,Refinance,Primary,Co-op,ServicerD,2019
LN0005045,2022-01,73000,4.625,360,740-779,71-80,44-50,NM,Purchase,Primary,Co-op,ServicerA,2022
LN0005046,2021-06,264000,2.99,360,740-779,71-80,37-43,HI,Purchase,Primary,Multi-Family,ServicerE,2021
LN0005047,2019-04,51000,3.0,360,700-739,71-80,37-43,NE,Purchase,Primary,PUD,ServicerE,2019
LN0005048,2019-02,124000,3.875,360,700-739,91-95,37-43,ND,Refinance,Primary,PUD,ServicerD,2019
LN0005049,2020-04,373000,2.625,360,660-699,91-95,37-43,NE,Purchase,Primary,Single Family,ServicerB,2020
LN0005050,2021-12,82000,6.78,360,700-739,61-70,<=28,NH,Purchase,Secondary,Single Family,ServicerB,2021
LN0005051,2021-10,243000,9.49,240,620-659,81-90,44-50,NH,Purchase,Primary,PUD,ServicerA,2021
LN0005052,2020-10,232000,3.75,180,740-779,81-90,>50,MT,Other,Primary,PUD,ServicerD,2020
LN0005053,2022-06,78000,7.45,360,620-659,96-100,29-36,NM,Purchase,Primary,PUD,ServicerE,2022
LN0005054,2022-05,121000,3.75,360,620-659,71-80,37-43,MS,Refinance,Primary,Single Family,ServicerA,2022
LN0005055,2021-06,155000,4.5,180,700-739,71-80,37-43,ND,Purchase,Primary,Multi-Family,ServicerD,2021
LN0005056,2019-02,544000,6.49,180,740-779,91-95,37-43,ID,Purchase,Secondary,Co-op,ServicerB,2019
LN0005057,2021-01,98000,8.5,360,700-739,71-80,37-43,NE,Refinance,Primary,Condo,ServicerB,2021
LN0005058,2021-04,207000,2.75,360,660-699,71-80,37-43,RI,Refinance,Primary,PUD,ServicerD,2021
LN0005059,2018-11,421000,3.25,360,700-739,96-100,44-50,NH,Refinance,Primary,Multi-Family,ServicerA,2018
LN0005060,2019-12,123000,2.375,360,660-699,71-80,44-50,MT,Purchase,Primary,Multi-Family,ServicerA,2019
LN0005061,2019-08,429000,5.875,360,,71-80,37-43,ID,Cash-Out Refinance,Primary,PUD,ServicerB,2019
LN0005062,2022-04,42000,2.99,360,780+,91-95,37-43,HI,Purchase,Primary,Co-op,ServicerD,2022
LN0005063,2019-08,69000,3.25,360,700-739,<=60,29-36,,Refinance,Primary,PUD,ServicerD,2019
LN0005064,2020-12,128000,3.75,360,660-699,96-100,37-43,VT,Purchase,Primary,PUD,ServicerA,2020
LN0005065,2021-04,449000,2.875,360,740-779,71-80,37-43,WV,Cash-Out Refinance,Primary,Multi-Family,ServicerE,2021
LN0005066,2021-03,44000,4.25,240,<620,<=60,44-50,NV,Purchase,Primary,Single Family,ServicerA,2021
LN0005067,2018-06,364000,6.55,360,,<=60,29-36,NE,Other,Primary,Multi-Family,ServicerA,2018
LN0005068,2018-02,142000,3.99,360,660-699,61-70,>50,ID,Refinance,Primary,Condo,ServicerE,2018
LN0005069,2020-01,188000,6.875,360,780+,71-80,<=28,AK,Refinance,Primary,Co-op,ServicerE,2020
LN0005070,2022-02,314000,3.5,360,<620,<=60,37-43,ND,Refinance,Primary,Co-op,ServicerD,2022
LN0005071,2019-05,244000,6.375,360,700-739,61-70,44-50,RI,Refinance,Primary,Single Family,ServicerA,2019
LN0005072,2021-04,155000,3.25,360,740-779,61-70,44-50,ID,Purchase,Primary,Single Family,ServicerA,2021
LN0005073,2022-06,222000,3.375,180,700-739,81-90,44-50,NE,Refinance,Primary,PUD,ServicerB,2022
LN0005074,2018-01,108000,5.6,180,,96-100,37-43,ND,Cash-Out Refinance,Primary,Condo,ServicerE,2018
LN0005075,2019-04,185000,3.375,360,780+,71-80,<=28,SD,Purchase,Investment,PUD,ServicerA,2019
LN0005076,2020-03,159000,4.99,180,700-739,61-70,29-36,RI,Purchase,Primary,Multi-Family,ServicerC,2020
LN0005077,2019-05,175000,2.875,360,740-779,71-80,44-50,ID,Cash-Out Refinance,Primary,Multi-Family,ServicerD,2019
LN0005078,2019-06,602000,2.75,240,660-699,61-70,37-43,NM,Refinance,Primary,Multi-Family,ServicerC,2019
LN0005079,2022-04,275000,5.625,180,700-739,81-90,44-50,VT,Cash-Out Refinance,Secondary,Multi-Family,ServicerB,2022
LN0005080,2019-04,192000,3.5,360,700-739,96-100,44-50,MT,Cash-Out Refinance,Investment,PUD,ServicerE,2019
LN0005081,2018-03,222000,3.125,360,<620,71-80,>50,NH,Cash-Out Refinance,Primary,Condo,ServicerC,2018
LN0005082,2020-02,118000,2.75,360,620-659,71-80,44-50,NE,Cash-Out Refinance,Primary,Multi-Family,ServicerE,2020
LN0005083,2018-11,147000,6.25,360,780+,71-80,37-43,,Purchase,Primary,PUD,ServicerC,2018
LN0005084,2019-07,250000,3.75,360,660-699,81-90,37-43,ID,Refinance,Primary,Multi-Family,ServicerB,2019
LN0005085,2018-06,208000,2.875,360,620-659,96-100,29-36,VT,Refinance,Primary,PUD,ServicerC,2018
LN0005086,2019-05,190000,2.625,180,700-739,61-70,44-50,KS,Purchase,Primary,PUD,ServicerA,2019
LN0005087,2021-04,122000,2.25,360,740-779,<=60,<=28,NH,Purchase,Primary,Multi-Family,ServicerC,2021
LN0005088,2020-06,126000,2.875,120,<620,<=60,37-43,MT,Cash-Out Refinance,Investment,Condo,ServicerE,2020
LN0005089,2019-09,161000,2.625,180,700-739,71-80,44-50,NV,Purchase,Primary,Condo,ServicerC,2019
LN0005090,2022-07,90000,3.99,360,620-659,61-70,37-43,MT,Purchase,Primary,Co-op,ServicerB,2022
LN0005091,2018-02,43000,3.25,360,<620,96-100,44-50,AK,Purchase,Primary,PUD,ServicerD,2018
LN0005092,2019-03,233000,6.99,360,<620,<=60,44-50,WY,Refinance,Primary,Multi-Family,ServicerC,2019
LN0005093,2019-04,149000,5.0,180,780+,71-80,37-43,MT,Refinance,Primary,Multi-Family,ServicerA,2019
LN0005094,2022-07,137000,2.875,240,620-659,71-80,44-50,NH,Refinance,Primary,Single Family,ServicerA,2022
LN0005095,2020-06,205000,3.375,180,<620,96-100,37-43,KS,Purchase,Primary,Single Family,ServicerE,2020
LN0005096,2022-07,60000,2.25,180,700-739,61-70,44-50,NH,Cash-Out Refinance,Secondary,PUD,ServicerA,2022
LN0005097,2019-01,190000,7.5,120,780+,91-95,37-43,NV,Purchase,Investment,Single Family,ServicerD,2019
LN0005098,2022-10,57000,6.125,360,660-699,71-80,37-43,MT,Refinance,Primary,Condo,ServicerA,2022
LN0005099,2019-09,214000,5.125,360,700-739,<=60,44-50,HI,Cash-Out Refinance,Primary,Multi-Family,ServicerC,2019
LN0005100,2020-03,354000,2.999,360,,71-80,>50,NM,Cash-Out Refinance,Primary,Co-op,ServicerD,2020
LN0005101,2020-04,171000,6.49,360,700-739,61-70,37-43,NE,Purchase,Primary,Co-op,ServicerD,2020
LN0005102,2018-11,414000,3.25,360,700-739,71-80,44-50,NV,Purchase,Primary,Single Family,ServicerC,2018
LN0005103,2020-03,437000,3.25,180,700-739,71-80,37-43,AK,Purchase,Primary,Co-op,ServicerA,2020
LN0005104,2022-10,438000,4.875,180,660-699,<=60,29-36,NH,Purchase,Primary,Single Family,ServicerE,2022
LN0005105,2021-04,361000,3.375,360,660-699,<=60,44-50,MT,Refinance,Primary,Multi-Family,ServicerE,2021
LN0005106,2018-08,334000,2.75,360,620-659,81-90,44-50,NV,Other,Primary,Single Family,ServicerA,2018
LN0005107,2022-02,302000,2.75,360,660-699,81-90,37-43,WV,Cash-Out Refinance,Primary,PUD,ServicerB,2022
LN0005108,2019-09,127000,3.375,240,620-659,61-70,29-36,NM,Cash-Out Refinance,Primary,Multi-Family,ServicerD,2019
LN0005109,2021-11,143000,3.875,360,740-779,71-80,44-50,VT,Refinance,Primary,PUD,ServicerB,2021
LN0005110,2022-06,254000,8.8,360,780+,,44-50,DE,Cash-Out Refinance,Primary,Multi-Family,ServicerA,2022
LN0005111,2021-09,245000,1.99,360,780+,71-80,<=28,ID,Cash-Out Refinance,Secondary,PUD,ServicerE,2021
LN0005112,2021-03,53000,5.25,360,780+,<=60,37-43,NE,Purchase,Primary,PUD,ServicerC,2021
LN0005113,2020-12,174000,4.375,360,740-779,>100,29-36,ID,Refinance,Primary,Multi-Family,ServicerD,2020
LN0005114,2020-09,123000,3.5,360,,<=60,37-43,ID,Refinance,Primary,Condo,ServicerA,2020
LN0005115,2021-12,136000,5.0,360,660-699,<=60,37-43,ID,Cash-Out Refinance,Primary,PUD,ServicerE,2021
LN0005116,2021-08,380000,4.0,180,740-779,71-80,>50,NH,Other,Primary,Single Family,ServicerB,2021
LN0005117,2020-10,176000,2.625,360,700-739,,29-36,NH,Purchase,Primary,Condo,ServicerC,2020
LN0005118,2021-11,51000,5.3,360,700-739,91-95,<=28,NE,Cash-Out Refinance,Primary,PUD,ServicerB,2021
LN0005119,2022-11,213000,6.75,360,740-779,71-80,29-36,NM,Purchase,Primary,Condo,ServicerC,2022
LN0005120,2018-04,122000,6.625,240,660-699,<=60,>50,ID,Refinance,Primary,Condo,ServicerA,2018
LN0005121,2019-04,505000,2.25,180,660-699,61-70,37-43,ID,Purchase,Primary,PUD,ServicerB,2019
LN0005122,2021-04,365000,6.0,180,780+,71-80,37-43,NH,Cash-Out Refinance,Primary,PUD,ServicerA,2021
LN0005123,2021-04,159000,3.625,360,<620,<=60,29-36,RI,Refinance,Investment,Condo,ServicerC,2021
LN0005124,2020-07,275000,2.25,360,700-739,96-100,37-43,NM,Refinance,Primary,Co-op,ServicerD,2020
LN0005125,2021-10,105000,6.0,360,780+,61-70,44-50,ND,Purchase,Primary,Single Family,ServicerC,2021
LN0005126,2019-06,140000,7.99,360,740-779,<=60,44-50,MT,Purchase,Secondary,Co-op,ServicerD,2019
LN0005127,2020-09,259000,3.75,180,700-739,71-80,29-36,,Purchase,Primary,PUD,ServicerD,2020
LN0005128,2018-03,146000,3.625,360,660-699,96-100,44-50,MT,Purchase,Primary,Single Family,ServicerE,2018
LN0005129,2018-05,430000,3.125,360,660-699,96-100,<=28,NV,Purchase,Primary,Multi-Family,ServicerA,2018
LN0005130,2021-09,306000,4.0,360,780+,81-90,44-50,DE,Purchase,Primary,Condo,ServicerB,2021
LN0005131,2020-04,226000,6.625,360,700-739,91-95,44-50,NH,Refinance,Primary,PUD,ServicerC,2020
LN0005132,2022-01,123000,3.75,360,700-739,71-80,44-50,VT,Purchase,Primary,Single Family,ServicerA,2022
LN0005133,2021-09,91000,2.875,360,620-659,61-70,44-50,WV,Refinance,Primary,PUD,ServicerD,2021
LN0005134,2022-06,288000,2.375,360,,81-90,44-50,SD,Cash-Out Refinance,Primary,Co-op,ServicerA,2022
LN0005135,2021-08,458000,2.75,360,780+,61-70,44-50,NH,Purchase,Primary,PUD,ServicerE,2021
LN0005136,2021-07,215000,3.875,360,660-699,71-80,37-43,ID,Refinance,Primary,Condo,ServicerA,2021
LN0005137,2021-06,85000,3.0,360,,81-90,44-50,NM,Cash-Out Refinance,Primary,Co-op,ServicerD,2021
LN0005138,2021-06,163000,3.625,360,<620,81-90,29-36,ID,Refinance,Primary,PUD,ServicerD,2021
LN0005139,2020-07,187000,2.99,360,740-779,<=60,,KS,Purchase,Primary,Multi-Family,ServicerD,2020
LN0005140,2018-03,259000,6.5,360,780+,96-100,>50,NM,Purchase,Primary,Multi-Family,ServicerC,2018
LN0005141,2021-04,138000,3.625,360,700-739,<=60,,HI,Purchase,Secondary,Multi-Family,ServicerD,2021
LN0005142,2020-11,128000,3.124,240,620-659,91-95,37-43,ID,Refinance,Primary,PUD,ServicerC,2020
LN0005143,2018-06,102000,7.75,360,700-739,71-80,44-50,WY,Cash-Out Refinance,Primary,Single Family,ServicerC,2018
LN0005144,2018-05,220000,3.5,240,740-779,91-95,37-43,KS,Purchase,Primary,Condo,ServicerB,2018
LN0005145,2022-09,240000,3.125,240,700-739,,44-50,,Cash-Out Refinance,Primary,Co-op,ServicerB,2022
LN0005146,2022-11,76000,4.5,360,780+,81-90,29-36,DE,Purchase,Secondary,Single Family,ServicerD,2022
LN0005147,2018-05,197000,3.75,360,740-779,71-80,>50,KS,Purchase,Primary,Multi-Family,ServicerE,2018
LN0005148,2019-02,340000,3.625,240,780+,71-80,44-50,NE,Purchase,Primary,Co-op,ServicerB,2019
LN0005149,2018-02,255000,2.375,360,740-779,<=60,29-36,HI,Purchase,Primary,Co-op,ServicerB,2018
LN0005150,2020-01,207000,2.99,360,620-659,96-100,>50,NE,Purchase,Secondary,Co-op,ServicerA,2020
LN0005151,2022-04,302000,5.25,360,660-699,96-100,37-43,NE,Purchase,Primary,PUD,ServicerB,2022
LN0005152,2020-04,221000,5.875,360,660-699,91-95,29-36,MT,Refinance,Primary,Co-op,ServicerE,2020
LN0005153,2020-05,94000,4.5,180,780+,71-80,37-43,SD,Purchase,Primary,PUD,ServicerB,2020
LN0005154,2020-12,65000,2.5,360,740-779,71-80,<=28,ID,Cash-Out Refinance,Primary,PUD,ServicerE,2020
LN0005155,2020-04,124000,4.375,360,740-779,61-70,44-50,NH,Cash-Out Refinance,Primary,Condo,ServicerE,2020
LN0005156,2022-03,204000,3.95,360,660-699,<=60,37-43,WV,Purchase,Primary,Condo,ServicerB,2022
LN0005157,2022-05,129000,5.5,360,620-659,<=60,37-43,VT,Cash-Out Refinance,Primary,Single Family,ServicerA,2022
LN0005158,2018-05,149000,2.5,360,740-779,<=60,44-50,ID,Purchase,Primary,Condo,ServicerE,2018
LN0005159,2020-06,157000,4.25,360,700-739,96-100,<=28,NH,Cash-Out Refinance,Secondary,Co-op,ServicerD,2020
LN0005160,2021-07,110000,3.625,360,660-699,81-90,>50,NH,Purchase,Secondary,Single Family,ServicerC,2021
LN0005161,2022-11,97000,3.875,360,740-779,71-80,37-43,ND,Refinance,Primary,Multi-Family,ServicerB,2022
LN0005162,2018-08,116000,4.75,360,<620,96-100,>50,WV,Refinance,Primary,Condo,ServicerD,2018
LN0005163,2022-03,121000,2.75,120,660-699,61-70,37-43,MT,Purchase,Primary,Co-op,ServicerD,2022
LN0005164,2021-04,211000,2.25,360,700-739,71-80,37-43,ND,Purchase,Primary,PUD,ServicerA,2021
LN0005165,2019-12,30000,2.99,240,620-659,71-80,37-43,HI,Refinance,Primary,Multi-Family,ServicerD,2019
LN0005166,2019-08,370000,2.375,360,780+,71-80,44-50,HI,Refinance,Investment,Condo,ServicerD,2019
LN0005167,2019-09,224000,3.25,360,660-699,61-70,44-50,WV,Refinance,Primary,Multi-Family,ServicerB,2019
LN0005168,2022-09,190000,3.25,240,620-659,71-80,44-50,ID,Other,Primary,PUD,ServicerE,2022
LN0005169,2021-12,566000,6.625,360,660-699,61-70,37-43,ID,Refinance,Primary,Co-op,ServicerE,2021
LN0005170,2021-06,322000,9.375,360,740-779,,37-43,MS,Other,Primary,PUD,ServicerC,2021
LN0005171,2018-06,93000,4.5,180,700-739,<=60,,HI,Cash-Out Refinance,Primary,Condo,ServicerC,2018
LN0005172,2019-07,244000,7.49,360,700-739,<=60,37-43,HI,Refinance,Primary,PUD,ServicerB,2019
LN0005173,2021-04,196000,5.75,180,<620,<=60,<=28,ID,Purchase,Investment,Co-op,ServicerE,2021
LN0005174,2021-08,206000,3.375,360,<620,71-80,29-36,MS,Purchase,Primary,Multi-Family,ServicerC,2021
LN0005175,2022-01,286000,3.25,360,700-739,91-95,37-43,ID,Cash-Out Refinance,Investment,Condo,ServicerB,2022
LN0005176,2020-03,162000,3.25,360,740-779,61-70,37-43,NE,Purchase,Primary,Multi-Family,ServicerE,2020
LN0005177,2022-03,125000,3.75,240,780+,71-80,44-50,SD,Purchase,Primary,Single Family,ServicerC,2022
LN0005178,2020-12,91000,3.49,360,620-659,71-80,29-36,ID,Purchase,Primary,Co-op,ServicerA,2020
LN0005179,2018-08,86000,2.99,180,700-739,71-80,<=28,SD,Refinance,Investment,Multi-Family,ServicerC,2018
LN0005180,2020-06,85000,5.875,360,780+,71-80,>50,NV,Cash-Out Refinance,Primary,PUD,ServicerE,2020
LN0005181,2019-07,284000,3.0,360,700-739,96-100,44-50,WY,Purchase,Primary,Condo,ServicerB,2019
LN0005182,2021-11,259000,6.625,240,780+,<=60,37-43,NH,Refinance,Primary,Condo,ServicerB,2021
LN0005183,2021-12,117000,5.625,360,620-659,81-90,37-43,WV,Purchase,Primary,Single Family,ServicerB,2021
LN0005184,2022-05,271000,3.25,240,780+,<=60,>50,NE,Cash-Out Refinance,Primary,Single Family,ServicerD,2022
LN0005185,2020-10,129000,7.125,360,,71-80,44-50,WV,Cash-Out Refinance,Primary,Condo,ServicerE,2020
LN0005186,2018-10,81000,4.95,240,780+,<=60,>50,SD,Other,Primary,Single Family,ServicerC,2018
LN0005187,2018-03,324000,4.0,360,740-779,91-95,44-50,RI,Purchase,Primary,Single Family,ServicerA,2018
LN0005188,2019-06,189000,2.875,180,660-699,91-95,37-43,VT,Purchase,Primary,Single Family,ServicerE,2019
LN0005189,2022-11,189000,2.75,360,780+,71-80,44-50,MT,Cash-Out Refinance,Primary,Multi-Family,ServicerE,2022
LN0005190,2022-10,233000,4.99,360,660-699,<=60,>50,VT,Other,Primary,PUD,ServicerC,2022
LN0005191,2022-07,88000,2.75,360,660-699,71-80,37-43,NV,Purchase,Primary,Co-op,ServicerE,2022
LN0005192,2021-04,225000,10.84,240,740-779,71-80,37-43,KS,Cash-Out Refinance,Primary,PUD,ServicerB,2021
LN0005193,2021-02,87000,3.875,360,740-779,<=60,37-43,RI,Refinance,Primary,Co-op,ServicerB,2021
LN0005194,2022-07,278000,8.24,120,780+,61-70,44-50,ID,Purchase,Primary,Multi-Family,ServicerA,2022
LN0005195,2019-08,71000,3.74,360,660-699,<=60,37-43,WV,Purchase,Primary,PUD,ServicerE,2019
LN0005196,2018-06,301000,1.75,360,740-779,96-100,<=28,SD,Purchase,Primary,Multi-Family,ServicerC,2018
LN0005197,2022-08,383000,5.0,180,740-779,,37-43,WV,Purchase,Secondary,Single Family,ServicerC,2022
LN0005198,2020-02,106000,9.125,360,<620,61-70,>50,ID,Purchase,Primary,PUD,ServicerD,2020
LN0005199,2019-02,141000,2.5,360,700-739,<=60,<=28,NV,Purchase,Primary,Single Family,ServicerE,2019
LN0005200,2022-03,199000,3.0,360,660-699,71-80,44-50,HI,Refinance,Primary,PUD,ServicerA,2022
LN0005201,2018-12,241000,4.899,360,660-699,91-95,29-36,HI,Cash-Out Refinance,Primary,Multi-Family,ServicerD,2018
LN0005202,2022-08,386000,2.875,180,780+,<=60,44-50,NH,Cash-Out Refinance,Primary,Single Family,ServicerC,2022
LN0005203,2018-03,318000,3.125,360,740-779,61-70,37-43,DE,Purchase,Primary,Multi-Family,ServicerD,2018
LN0005204,2019-02,115000,3.625,360,740-779,96-100,44-50,KS,Purchase,Primary,Co-op,ServicerB,2019
LN0005205,2021-05,478000,3.375,360,780+,<=60,37-43,MT,Purchase,Primary,Condo,ServicerD,2021
LN0005206,2019-04,76000,4.0,360,660-699,,37-43,SD,Refinance,Primary,Condo,ServicerC,2019
LN0005207,2020-11,554000,12.75,360,740-779,61-70,37-43,NE,Purchase,Investment,Co-op,ServicerA,2020
LN0005208,2022-02,72000,4.25,180,700-739,<=60,37-43,ID,Purchase,Secondary,PUD,ServicerB,2022
LN0005209,2021-01,83000,6.25,180,780+,96-100,29-36,NV,Cash-Out Refinance,Primary,Single Family,ServicerE,2021
LN0005210,2020-09,76000,2.375,360,620-659,61-70,44-50,WY,Cash-Out Refinance,Primary,Multi-Family,ServicerD,2020
LN0005211,2018-03,74000,3.5,180,780+,71-80,37-43,NE,Purchase,Primary,Condo,ServicerA,2018
LN0005212,2020-07,141000,3.25,360,660-699,,44-50,NH,Purchase,Primary,Single Family,ServicerB,2020
LN0005213,2021-03,129000,3.875,360,660-699,<=60,44-50,VT,Cash-Out Refinance,Primary,Condo,ServicerE,2021
LN0005214,2018-03,141000,4.875,240,740-779,<=60,44-50,ND,Refinance,Primary,Co-op,ServicerD,2018
LN0005215,2022-07,137000,10.25,360,700-739,96-100,37-43,ID,Purchase,Primary,Single Family,ServicerC,2022
LN0005216,2021-12,403000,5.99,360,740-779,81-90,37-43,NM,Purchase,Primary,Single Family,ServicerC,2021
LN0005217,2018-07,155000,5.99,360,700-739,<=60,<=28,VT,Other,Primary,PUD,ServicerB,2018
LN0005218,2019-03,155000,3.375,360,740-779,91-95,37-43,NH,Refinance,Primary,Multi-Family,ServicerE,2019
LN0005219,2019-05,451000,2.25,360,660-699,<=60,44-50,NE,Purchase,Investment,PUD,ServicerD,2019
LN0005220,2021-12,74000,5.125,360,<620,96-100,44-50,RI,Purchase,Primary,Single Family,ServicerD,2021
LN0005221,2021-03,148000,3.5,360,660-699,71-80,44-50,NM,Purchase,Primary,Co-op,ServicerE,2021
LN0005222,2022-10,66000,5.75,240,700-739,<=60,37-43,NV,Purchase,Primary,Multi-Family,ServicerB,2022
LN0005223,2020-10,161000,3.25,360,620-659,61-70,44-50,RI,Cash-Out Refinance,Investment,Co-op,ServicerE,2020
LN0005224,2019-09,426000,2.25,360,660-699,<=60,44-50,KS,Refinance,Primary,Condo,ServicerC,2019
LN0005225,2021-05,65000,6.0,360,,96-100,29-36,NE,Purchase,Primary,Single Family,ServicerD,2021
LN0005226,2019-01,100000,7.625,360,<620,<=60,37-43,NH,Purchase,Primary,PUD,ServicerE,2019
LN0005227,2019-08,218000,2.375,360,700-739,71-80,44-50,NM,Purchase,Primary,Multi-Family,ServicerB,2019
LN0005228,2018-07,173000,6.875,180,780+,96-100,37-43,ND,Purchase,Primary,PUD,ServicerB,2018
LN0005229,2022-04,71000,3.0,360,620-659,61-70,37-43,NM,Purchase,Investment,Condo,ServicerA,2022
LN0005230,2022-06,201000,3.0,240,700-739,<=60,<=28,NE,Cash-Out Refinance,Primary,Single Family,ServicerB,2022
LN0005231,2022-08,160000,3.875,360,740-779,71-80,29-36,NV,Refinance,Primary,Multi-Family,ServicerE,2022
LN0005232,2021-08,266000,3.0,360,700-739,71-80,29-36,ID,Purchase,Primary,Single Family,ServicerD,2021
LN0005233,2022-01,213000,4.75,360,740-779,96-100,44-50,NM,Purchase,Primary,Condo,ServicerB,2022
LN0005234,2018-05,118000,4.5,360,700-739,61-70,>50,VT,Purchase,Primary,Condo,ServicerA,2018
LN0005235,2021-06,65000,8.125,360,700-739,<=60,,NM,Cash-Out Refinance,Primary,Single Family,ServicerE,2021
LN0005236,2020-07,149000,7.937,180,<620,<=60,37-43,NM,Refinance,Primary,Condo,ServicerE,2020
LN0005237,2022-03,155000,5.74,240,740-779,<=60,44-50,SD,Purchase,Primary,Multi-Family,ServicerC,2022
LN0005238,2021-04,139000,4.99,120,740-779,96-100,>50,NH,Purchase,Secondary,Single Family,ServicerE,2021
LN0005239,2019-10,117000,7.5,360,<620,96-100,<=28,ID,Purchase,Primary,PUD,ServicerC,2019
LN0005240,2021-08,137000,3.6,360,,71-80,29-36,DE,Purchase,Primary,PUD,ServicerB,2021
LN0005241,2021-11,167000,2.75,120,780+,81-90,44-50,KS,Purchase,Primary,PUD,ServicerA,2021
LN0005242,2019-12,80000,3.25,360,700-739,61-70,<=28,NV,Refinance,Primary,Multi-Family,ServicerC,2019
LN0005243,2022-02,182000,3.25,240,700-739,91-95,37-43,NH,Refinance,Primary,Multi-Family,ServicerC,2022
LN0005244,2021-12,265000,4.0,180,780+,<=60,<=28,ID,Refinance,Primary,Single Family,ServicerD,2021
LN0005245,2018-04,209000,5.875,240,740-779,71-80,<=28,SD,Refinance,Primary,Condo,ServicerB,2018
LN0005246,2019-05,130000,2.25,360,700-739,<=60,>50,ID,Refinance,Primary,Co-op,ServicerA,2019
LN0005247,2022-05,161000,7.0,360,740-779,71-80,>50,NM,Purchase,Primary,Single Family,ServicerE,2022
LN0005248,2018-12,117000,3.5,240,780+,96-100,37-43,WV,Purchase,Primary,PUD,ServicerE,2018
LN0005249,2019-08,135000,6.75,360,700-739,91-95,37-43,RI,Refinance,Primary,Condo,ServicerE,2019
LN0005250,2021-09,160000,5.5,360,700-739,<=60,>50,AK,Purchase,Primary,Condo,ServicerE,2021
LN0005251,2018-06,113000,3.74,360,700-739,71-80,>50,NM,Purchase,Primary,PUD,ServicerB,2018
LN0005252,2018-02,353000,3.625,360,780+,61-70,,ID,Cash-Out Refinance,Primary,PUD,ServicerE,2018
LN0005253,2022-06,86000,3.125,180,740-779,71-80,29-36,ID,Refinance,Primary,Single Family,ServicerE,2022
LN0005254,2021-08,195000,4.5,240,620-659,81-90,44-50,HI,Refinance,Primary,Multi-Family,ServicerC,2021
LN0005255,2019-05,203000,3.0,360,780+,96-100,37-43,WY,Refinance,Primary,Co-op,ServicerE,2019
LN0005256,2019-09,165000,3.0,180,700-739,<=60,37-43,WV,Other,Primary,Condo,ServicerD,2019
LN0005257,2018-08,201000,3.35,360,<620,81-90,44-50,MT,Cash-Out Refinance,Primary,Condo,ServicerB,2018
LN0005258,2018-02,94000,6.621,360,700-739,81-90,37-43,NE,Purchase,Primary,Condo,ServicerB,2018
LN0005259,2021-07,309000,3.0,360,700-739,96-100,<=28,,Cash-Out Refinance,Primary,Single Family,ServicerC,2021
LN0005260,2020-12,154000,2.875,240,780+,71-80,37-43,AK,Refinance,Primary,Multi-Family,ServicerC,2020
LN0005261,2021-04,122000,8.95,360,660-699,71-80,37-43,NM,Cash-Out Refinance,Investment,Multi-Family,ServicerB,2021
LN0005262,2021-01,112000,3.49,360,780+,96-100,44-50,ID,Refinance,Primary,Multi-Family,ServicerA,2021
LN0005263,2018-05,333000,2.99,360,700-739,71-80,44-50,WV,Purchase,Primary,Co-op,ServicerE,2018
LN0005264,2018-12,205000,1.75,360,<620,>100,37-43,MT,Refinance,Primary,PUD,ServicerA,2018
LN0005265,2019-06,76000,6.25,360,780+,61-70,29-36,WV,Cash-Out Refinance,Primary,PUD,ServicerA,2019
LN0005266,2021-08,328000,2.99,180,700-739,71-80,29-36,NE,Refinance,Primary,PUD,ServicerD,2021
LN0005267,2021-02,135000,3.75,360,660-699,61-70,29-36,NE,Refinance,Primary,PUD,ServicerC,2021
LN0005268,2018-09,253000,7.75,360,700-739,71-80,<=28,ID,Refinance,Primary,Condo,ServicerE,2018
LN0005269,2019-12,285000,3.375,360,780+,61-70,29-36,SD,Purchase,Investment,Co-op,ServicerC,2019
LN0005270,2021-03,213000,5.25,360,660-699,91-95,>50,KS,Cash-Out Refinance,Primary,PUD,ServicerC,2021
LN0005271,2021-05,366000,6.625,360,,81-90,29-36,DE,Purchase,Secondary,Single Family,ServicerD,2021
LN0005272,2019-03,108000,3.875,360,620-659,96-100,37-43,MT,Other,Primary,PUD,ServicerE,2019
LN0005273,2018-10,150000,3.5,360,660-699,71-80,37-43,SD,Refinance,Investment,Condo,ServicerE,2018
LN0005274,2018-03,250000,5.625,360,740-779,61-70,37-43,NE,Refinance,Primary,Condo,ServicerE,2018
LN0005275,2020-02,91000,6.0,240,700-739,<=60,37-43,NH,Purchase,Secondary,Condo,ServicerA,2020
LN0005276,2022-12,207000,5.25,180,660-699,71-80,29-36,NE,Refinance,Primary,Condo,ServicerE,2022
LN0005277,2021-03,158000,9.0,120,620-659,81-90,37-43,MT,Purchase,Investment,PUD,ServicerC,2021
LN0005278,2018-11,216000,2.75,240,660-699,91-95,37-43,ID,Cash-Out Refinance,Primary,PUD,ServicerD,2018
LN0005279,2018-11,109000,2.99,360,780+,71-80,29-36,ID,Cash-Out Refinance,Primary,Multi-Family,ServicerE,2018
LN0005280,2020-03,108000,8.5,360,660-699,91-95,,ID,Refinance,Primary,Single Family,ServicerE,2020
LN0005281,2021-06,124000,3.375,360,780+,71-80,44-50,VT,Refinance,Primary,Multi-Family,ServicerA,2021
LN0005282,2019-04,338000,6.99,360,700-739,71-80,44-50,MT,Purchase,Primary,PUD,ServicerD,2019
LN0005283,2018-11,91000,3.89,360,620-659,<=60,44-50,NM,Refinance,Primary,Single Family,ServicerA,2018
LN0005284,2022-04,185000,3.5,360,780+,71-80,<=28,NV,Purchase,Primary,Single Family,ServicerB,2022
LN0005285,2021-12,116000,3.125,360,700-739,,29-36,ID,Refinance,Primary,PUD,ServicerC,2021
LN0005286,2018-11,338000,3.5,180,740-779,71-80,29-36,NM,Purchase,Primary,Condo,ServicerE,2018
LN0005287,2022-11,135000,2.99,240,780+,91-95,44-50,NE,Refinance,Primary,Multi-Family,ServicerB,2022
LN0005288,2018-07,200000,3.75,360,<620,71-80,44-50,ID,Cash-Out Refinance,Primary,PUD,ServicerC,2018
LN0005289,2020-08,57000,5.5,360,620-659,91-95,37-43,DE,Cash-Out Refinance,Primary,Single Family,ServicerE,2020
LN0005290,2018-10,130000,4.29,240,740-779,81-90,37-43,MS,Refinance,Primary,Co-op,ServicerA,2018
LN0005291,2018-01,260000,6.125,360,660-699,<=60,37-43,KS,Purchase,Primary,Condo,ServicerD,2018
LN0005292,2021-04,170000,3.5,360,620-659,<=60,29-36,MT,Purchase,Primary,PUD,ServicerC,2021
LN0005293,2019-06,261000,5.375,360,<620,81-90,<=28,,Purchase,Primary,Multi-Family,ServicerE,2019
LN0005294,2019-04,201000,3.25,360,<620,71-80,37-43,NH,Purchase,Primary,Co-op,ServicerD,2019
LN0005295,2018-01,121000,4.25,360,740-779,71-80,>50,NM,Purchase,Primary,PUD,ServicerC,2018
LN0005296,2021-01,123000,2.875,360,620-659,91-95,37-43,MT,Refinance,Investment,Condo,ServicerD,2021
LN0005297,2018-06,102000,4.25,360,700-739,>100,37-43,NH,Cash-Out Refinance,Primary,Co-op,ServicerB,2018
LN0005298,2019-11,197000,2.375,360,740-779,<=60,29-36,ID,Cash-Out Refinance,Primary,PUD,ServicerA,2019
LN0005299,2018-04,156000,3.5,240,700-739,<=60,37-43,WY,Purchase,Primary,Multi-Family,ServicerE,2018
LN0005300,2018-11,190000,5.99,120,<620,91-95,>50,ID,Cash-Out Refinance,Primary,Single Family,ServicerE,2018
LN0005301,2019-12,334000,5.84,360,740-779,71-80,44-50,SD,Refinance,Primary,Condo,ServicerB,2019
LN0005302,2019-01,120000,2.625,180,<620,61-70,44-50,HI,Cash-Out Refinance,Primary,Multi-Family,ServicerB,2019
LN0005303,2021-09,115000,3.375,360,740-779,<=60,37-43,ID,Cash-Out Refinance,Primary,Single Family,ServicerB,2021
LN0005304,2018-06,167000,4.365,360,780+,71-80,>50,NE,Refinance,Primary,Multi-Family,ServicerE,2018
LN0005305,2020-09,93000,3.5,120,700-739,96-100,>50,NV,Purchase,Primary,PUD,ServicerB,2020
LN0005306,2019-10,84000,5.99,360,700-739,71-80,<=28,KS,Refinance,Primary,Multi-Family,ServicerC,2019
LN0005307,2019-09,101000,3.125,360,700-739,71-80,44-50,HI,Purchase,Primary,Co-op,ServicerD,2019
LN0005308,2021-07,328000,6.19,360,700-739,71-80,37-43,AK,Purchase,Primary,Condo,ServicerA,2021
LN0005309,2018-04,81000,3.75,360,780+,81-90,44-50,MS,Purchase,Primary,Single Family,ServicerB,2018
LN0005310,2019-02,262000,3.5,360,780+,<=60,37-43,ID,Purchase,Primary,Co-op,ServicerE,2019
LN0005311,2020-06,183000,5.374,180,660-699,<=60,44-50,RI,Refinance,Primary,Co-op,ServicerC,2020
LN0005312,2019-01,109000,4.125,360,740-779,71-80,37-43,SD,Purchase,Primary,Single Family,ServicerB,2019
LN0005313,2021-11,53000,2.875,360,780+,<=60,44-50,NE,Purchase,Investment,Multi-Family,ServicerB,2021
LN0005314,2020-01,286000,2.75,360,,61-70,44-50,ID,Purchase,Primary,Single Family,ServicerC,2020
LN0005315,2021-04,60000,5.375,360,700-739,<=60,44-50,WY,Cash-Out Refinance,Primary,Single Family,ServicerC,2021
LN0005316,2021-04,226000,5.75,360,700-739,71-80,37-43,DE,Refinance,Primary,Co-op,ServicerC,2021
LN0005317,2018-11,117000,3.0,360,,71-80,37-43,MT,Cash-Out Refinance,Primary,Multi-Family,ServicerB,2018
LN0005318,2020-11,233000,5.25,360,780+,<=60,,NH,Purchase,Primary,PUD,ServicerD,2020
LN0005319,2022-06,53000,3.0,360,620-659,71-80,,WV,Refinance,Primary,PUD,ServicerB,2022
LN0005320,2018-02,229000,3.25,240,700-739,81-90,,SD,Refinance,Primary,Condo,ServicerC,2018
LN0005321,2019-07,140000,4.625,120,660-699,71-80,37-43,ID,Purchase,Primary,Condo,ServicerE,2019
LN0005322,2020-10,470000,4.26,360,660-699,61-70,44-50,ID,Cash-Out Refinance,Investment,Condo,ServicerD,2020
LN0005323,2021-02,105000,1.99,360,700-739,71-80,<=28,ID,Refinance,Primary,Co-op,ServicerA,2021
LN0005324,2022-10,103000,2.488,240,780+,71-80,37-43,AK,Refinance,Primary,Single Family,ServicerC,2022
LN0005325,2019-05,178000,3.0,180,<620,71-80,37-43,ID,Cash-Out Refinance,Investment,Condo,ServicerA,2019
LN0005326,2018-10,310000,4.79,360,700-739,96-100,>50,NE,Cash-Out Refinance,Primary,Multi-Family,ServicerB,2018
LN0005327,2020-11,34000,6.125,360,620-659,<=60,37-43,NH,Refinance,Primary,Multi-Family,ServicerC,2020
LN0005328,2021-11,196000,2.75,360,620-659,71-80,44-50,SD,Purchase,Primary,PUD,ServicerB,2021
LN0005329,2019-06,88000,8.25,360,700-739,<=60,37-43,ID,Refinance,Primary,Multi-Family,ServicerA,2019
LN0005330,2019-11,97000,7.25,120,700-739,91-95,37-43,NH,Refinance,Primary,PUD,ServicerE,2019
LN0005331,2020-11,139000,2.75,180,660-699,96-100,29-36,ID,Purchase,Primary,Multi-Family,ServicerB,2020
LN0005332,2021-02,117000,2.25,360,660-699,71-80,<=28,MT,Cash-Out Refinance,Primary,PUD,ServicerD,2021
LN0005333,2020-01,236000,3.5,360,620-659,81-90,37-43,WY,Cash-Out Refinance,Primary,PUD,ServicerA,2020
LN0005334,2022-10,84000,3.75,180,660-699,<=60,37-43,KS,Purchase,Investment,PUD,ServicerE,2022
LN0005335,2021-07,351000,6.998,360,780+,61-70,29-36,ID,Purchase,Investment,Multi-Family,ServicerB,2021
LN0005336,2022-11,93000,2.95,360,780+,71-80,29-36,NH,Purchase,Primary,Co-op,ServicerA,2022
LN0005337,2019-09,201000,4.5,360,660-699,<=60,>50,,Refinance,Primary,Single Family,ServicerC,2019
LN0005338,2022-12,378000,4.1,180,700-739,81-90,37-43,WY,Purchase,Primary,Multi-Family,ServicerA,2022
LN0005339,2018-04,109000,3.5,120,780+,91-95,44-50,ID,Other,Primary,Single Family,ServicerC,2018
LN0005340,2018-10,133000,4.882,360,<620,96-100,44-50,NV,Purchase,Secondary,Condo,ServicerC,2018
LN0005341,2018-05,461000,4.25,360,740-779,<=60,>50,ID,Purchase,Primary,Condo,ServicerE,2018
LN0005342,2019-12,143000,2.625,360,780+,96-100,37-43,NH,Refinance,Primary,PUD,ServicerE,2019
LN0005343,2021-04,271000,2.75,360,620-659,81-90,,ID,Cash-Out Refinance,Primary,PUD,ServicerE,2021
LN0005344,2022-02,82000,4.39,240,,91-95,44-50,SD,Purchase,Primary,Co-op,ServicerD,2022
LN0005345,2018-03,129000,2.5,180,780+,61-70,<=28,SD,Refinance,Investment,Single Family,ServicerB,2018
LN0005346,2020-08,163000,3.375,360,700-739,<=60,44-50,RI,Refinance,Primary,Single Family,ServicerD,2020
LN0005347,2020-04,92000,3.875,180,<620,<=60,44-50,VT,Purchase,Primary,PUD,ServicerE,2020
LN0005348,2019-07,81000,2.375,240,660-699,61-70,44-50,ID,Purchase,Primary,Multi-Family,ServicerC,2019
LN0005349,2019-11,213000,3.59,180,700-739,61-70,,NV,Purchase,Primary,PUD,ServicerC,2019
LN0005350,2018-04,94000,3.5,360,740-779,91-95,>50,WY,Purchase,Primary,Multi-Family,ServicerD,2018
LN0005351,2022-08,208000,3.5,360,,61-70,44-50,NM,Refinance,Primary,Co-op,ServicerE,2022
LN0005352,2020-03,146000,2.75,180,780+,71-80,<=28,KS,Purchase,Primary,Condo,ServicerB,2020
LN0005353,2020-06,155000,8.0,360,660-699,71-80,37-43,ND,Refinance,Primary,Multi-Family,ServicerA,2020
LN0005354,2018-09,221000,2.875,360,700-739,96-100,>50,ND,Purchase,Primary,PUD,ServicerE,2018
LN0005355,2021-11,130000,5.2,180,700-739,<=60,>50,ID,Purchase,Primary,PUD,ServicerD,2021
LN0005356,2020-01,301000,7.25,360,700-739,71-80,37-43,ID,Refinance,Primary,Condo,ServicerD,2020
LN0005357,2019-12,76000,4.125,360,620-659,71-80,44-50,,Refinance,Primary,Co-op,ServicerD,2019
LN0005358,2020-06,202000,5.75,360,780+,<=60,44-50,NM,Refinance,Primary,Single Family,ServicerA,2020
LN0005359,2019-04,180000,3.375,180,780+,71-80,44-50,DE,Cash-Out Refinance,Primary,PUD,ServicerE,2019
LN0005360,2022-01,100000,4.175,360,700-739,71-80,44-50,MT,Cash-Out Refinance,Primary,Co-op,ServicerA,2022
LN0005361,2019-11,356000,2.75,360,740-779,<=60,29-36,ID,Purchase,Primary,Co-op,ServicerA,2019
LN0005362,2019-10,258000,7.75,360,660-699,71-80,37-43,ID,Purchase,Primary,Single Family,ServicerA,2019
LN0005363,2021-09,115000,6.25,180,700-739,71-80,37-43,RI,Purchase,Primary,Condo,ServicerB,2021
LN0005364,2020-03,417000,6.99,360,740-779,<=60,37-43,MT,Cash-Out Refinance,Primary,Co-op,ServicerC,2020
LN0005365,2021-11,472000,4.125,180,700-739,96-100,29-36,NE,Refinance,Primary,Multi-Family,ServicerB,2021
LN0005366,2018-02,104000,2.875,360,,81-90,37-43,DE,Other,Primary,Condo,ServicerE,2018
LN0005367,2021-02,183000,8.5,360,740-779,96-100,<=28,ID,Refinance,Primary,Single Family,ServicerB,2021
LN0005368,2019-01,226000,3.25,360,660-699,<=60,37-43,NE,Purchase,Primary,Co-op,ServicerD,2019
LN0005369,2019-04,193000,2.75,180,,71-80,44-50,ID,Cash-Out Refinance,Primary,Co-op,ServicerB,2019
LN0005370,2019-02,174000,3.5,120,620-659,71-80,29-36,VT,Refinance,Primary,PUD,ServicerA,2019
LN0005371,2019-10,90000,3.09,360,700-739,61-70,44-50,,Cash-Out Refinance,Primary,Multi-Family,ServicerC,2019
LN0005372,2022-04,169000,3.5,360,660-699,<=60,>50,RI,Refinance,Primary,Co-op,ServicerA,2022
LN0005373,2019-09,215000,2.875,180,700-739,96-100,44-50,RI,Cash-Out Refinance,Primary,Condo,ServicerE,2019
LN0005374,2018-07,165000,3.125,360,740-779,61-70,<=28,NM,Purchase,Primary,PUD,ServicerB,2018
LN0005375,2021-05,271000,2.49,180,700-739,81-90,37-43,MT,Refinance,Primary,Co-op,ServicerE,2021
LN0005376,2019-12,273000,2.5,360,740-779,71-80,44-50,ID,Purchase,Primary,Single Family,ServicerC,2019
LN0005377,2019-04,227000,9.64,240,700-739,61-70,44-50,NE,Refinance,Primary,PUD,ServicerB,2019
LN0005378,2021-03,242000,3.25,180,660-699,96-100,<=28,DE,Purchase,Secondary,Co-op,ServicerA,2021
LN0005379,2022-04,81000,5.25,360,740-779,96-100,37-43,KS,Cash-Out Refinance,Primary,Multi-Family,ServicerA,2022
LN0005380,2020-05,243000,5.0,360,660-699,<=60,44-50,KS,Refinance,Primary,Single Family,ServicerE,2020
LN0005381,2022-08,431000,3.99,360,660-699,81-90,<=28,NM,Cash-Out Refinance,Primary,Condo,ServicerB,2022
LN0005382,2019-05,164000,6.625,360,700-739,81-90,<=28,WV,Purchase,Investment,PUD,ServicerA,2019
LN0005383,2021-02,71000,3.75,180,,<=60,29-36,NE,Purchase,Primary,PUD,ServicerE,2021
LN0005384,2020-07,75000,2.125,360,<620,71-80,37-43,,Purchase,Primary,Co-op,ServicerB,2020
LN0005385,2021-03,167000,3.375,360,740-779,96-100,44-50,MT,Cash-Out Refinance,Primary,Multi-Family,ServicerE,2021
LN0005386,2021-08,110000,3.0,240,700-739,81-90,37-43,NE,Purchase,Primary,Co-op,ServicerC,2021
LN0005387,2021-09,225000,3.375,360,700-739,81-90,,MT,Cash-Out Refinance,Investment,Co-op,ServicerA,2021
LN0005388,2022-12,221000,5.0,240,780+,96-100,37-43,NH,Cash-Out Refinance,Primary,Co-op,ServicerA,2022
LN0005389,2021-03,387000,9.99,360,700-739,81-90,44-50,VT,Refinance,Secondary,Single Family,ServicerA,2021
LN0005390,2021-01,180000,7.125,360,780+,<=60,37-43,RI,Refinance,Primary,Single Family,ServicerC,2021
LN0005391,2021-07,143000,4.625,120,620-659,81-90,44-50,ID,Refinance,Primary,PUD,ServicerE,2021
LN0005392,2018-05,403000,4.375,360,700-739,96-100,>50,NM,Purchase,Primary,PUD,ServicerA,2018
LN0005393,2022-09,206000,3.74,360,780+,>100,37-43,KS,Purchase,Primary,Multi-Family,ServicerB,2022
LN0005394,2019-09,266000,3.125,360,700-739,96-100,44-50,ID,Purchase,Investment,Condo,ServicerD,2019
LN0005395,2019-05,68000,4.374,360,740-779,81-90,29-36,,Other,Investment,Co-op,ServicerE,2019
LN0005396,2021-08,109000,4.875,360,660-699,81-90,44-50,NM,Refinance,Investment,Single Family,ServicerE,2021
LN0005397,2020-08,98000,10.49,240,620-659,61-70,<=28,ID,Purchase,Investment,Single Family,ServicerC,2020
LN0005398,2020-07,88000,2.25,360,700-739,96-100,37-43,NM,Purchase,Primary,Single Family,ServicerA,2020
LN0005399,2022-10,516000,4.375,360,700-739,71-80,44-50,SD,Cash-Out Refinance,Primary,Single Family,ServicerC,2022
LN0005400,2021-02,232000,3.25,180,780+,71-80,44-50,WY,Purchase,Primary,Co-op,ServicerC,2021
LN0005401,2020-03,99000,1.99,240,660-699,91-95,44-50,,Purchase,Primary,Co-op,ServicerA,2020
LN0005402,2021-04,189000,3.625,360,780+,96-100,>50,ID,Cash-Out Refinance,Primary,PUD,ServicerC,2021
LN0005403,2019-04,184000,2.625,360,780+,71-80,37-43,ND,Cash-Out Refinance,Primary,Single Family,ServicerB,2019
LN0005404,2018-01,50000,4.0,240,660-699,<=60,37-43,ID,Cash-Out Refinance,Primary,PUD,ServicerE,2018
LN0005405,2022-12,197000,3.25,360,660-699,<=60,44-50,VT,Purchase,Primary,Co-op,ServicerD,2022
LN0005406,2020-08,98000,3.74,240,780+,81-90,>50,ID,Purchase,Primary,Single Family,ServicerE,2020
LN0005407,2021-07,137000,2.625,360,780+,91-95,37-43,HI,Refinance,Primary,PUD,ServicerC,2021
LN0005408,2021-12,141000,1.99,360,700-739,81-90,44-50,NH,Refinance,Primary,Multi-Family,ServicerB,2021
LN0005409,2020-07,98000,8.45,360,660-699,71-80,>50,ID,Purchase,Primary,Multi-Family,ServicerB,2020
LN0005410,2021-05,201000,3.25,360,700-739,>100,37-43,ID,Purchase,Secondary,Condo,ServicerB,2021
LN0005411,2022-02,55000,5.25,240,740-779,<=60,37-43,NH,Refinance,Primary,Single Family,ServicerD,2022
LN0005412,2021-01,108000,5.375,240,660-699,<=60,44-50,ND,Refinance,Primary,Condo,ServicerA,2021
LN0005413,2018-07,402000,6.0,360,740-779,<=60,37-43,ID,Refinance,Primary,Co-op,ServicerC,2018
LN0005414,2022-03,347000,3.375,360,<620,61-70,37-43,NM,Purchase,Primary,Single Family,ServicerC,2022
LN0005415,2019-07,199000,2.75,360,<620,71-80,29-36,NH,Refinance,Primary,Multi-Family,ServicerC,2019
LN0005416,2020-12,50000,2.99,240,700-739,61-70,44-50,NM,Refinance,Primary,Multi-Family,ServicerC,2020
LN0005417,2020-09,137000,7.0,360,660-699,<=60,<=28,NE,Purchase,Primary,Single Family,ServicerA,2020
LN0005418,2021-11,232000,3.5,180,660-699,91-95,37-43,VT,Purchase,Primary,Single Family,ServicerE,2021
LN0005419,2020-12,118000,2.75,360,700-739,81-90,37-43,KS,Purchase,Primary,Co-op,ServicerD,2020
LN0005420,2018-11,159000,2.376,180,660-699,61-70,44-50,NE,Refinance,Primary,PUD,ServicerC,2018
LN0005421,2021-07,86000,6.375,360,620-659,<=60,<=28,ID,Purchase,Primary,Condo,ServicerB,2021
LN0005422,2019-04,71000,4.825,360,660-699,81-90,37-43,DE,Refinance,Primary,Single Family,ServicerE,2019
LN0005423,2021-01,139000,3.75,360,780+,81-90,44-50,AK,Purchase,Primary,PUD,ServicerB,2021
LN0005424,2020-11,128000,5.0,360,700-739,,37-43,SD,Refinance,Primary,PUD,ServicerB,2020
LN0005425,2018-12,210000,4.5,360,700-739,<=60,>50,HI,Cash-Out Refinance,Primary,Co-op,ServicerA,2018
LN0005426,2019-05,131000,3.25,360,700-739,71-80,44-50,WV,Purchase,Primary,Co-op,ServicerC,2019
LN0005427,2022-08,252000,7.624,360,780+,61-70,<=28,ID,Purchase,Primary,Single Family,ServicerC,2022
LN0005428,2019-05,128000,6.5,180,660-699,96-100,29-36,NV,Purchase,Primary,Co-op,ServicerD,2019
LN0005429,2019-10,137000,6.875,180,740-779,91-95,44-50,KS,Purchase,Primary,Multi-Family,ServicerB,2019
LN0005430,2022-11,81000,3.25,360,740-779,81-90,>50,KS,Cash-Out Refinance,Primary,Condo,ServicerE,2022
LN0005431,2019-01,147000,2.99,360,740-779,71-80,37-43,NM,Cash-Out Refinance,Primary,Condo,ServicerD,2019
LN0005432,2018-02,805000,4.375,360,620-659,,<=28,MT,Cash-Out Refinance,Secondary,Condo,ServicerD,2018
LN0005433,2021-07,159000,4.622,360,740-779,<=60,44-50,KS,Purchase,Investment,Condo,ServicerE,2021
LN0005434,2022-02,55000,3.0,360,<620,61-70,37-43,MT,Purchase,Secondary,Condo,ServicerD,2022
LN0005435,2022-04,195000,6.25,360,700-739,81-90,37-43,NH,Purchase,Primary,Co-op,ServicerA,2022
LN0005436,2021-03,203000,5.375,360,740-779,61-70,29-36,ND,Cash-Out Refinance,Primary,Condo,ServicerD,2021
LN0005437,2021-05,256000,3.75,360,660-699,91-95,37-43,ND,Purchase,Primary,Multi-Family,ServicerC,2021
LN0005438,2020-09,149000,3.25,360,780+,<=60,29-36,DE,Purchase,Primary,Co-op,ServicerE,2020
LN0005439,2022-11,40000,3.25,360,<620,61-70,44-50,NV,Purchase,Primary,Single Family,ServicerB,2022
LN0005440,2021-10,190000,4.0,360,,<=60,<=28,NH,Purchase,Primary,Single Family,ServicerC,2021
LN0005441,2020-12,250000,6.625,120,700-739,71-80,29-36,NM,Purchase,Secondary,Single Family,ServicerC,2020
LN0005442,2021-12,140000,5.375,360,660-699,81-90,>50,NE,Refinance,Primary,Condo,ServicerC,2021
LN0005443,2018-02,98000,9.055,360,620-659,81-90,29-36,WY,Purchase,Primary,Condo,ServicerA,2018
LN0005444,2022-06,163000,7.0,360,780+,96-100,37-43,NM,Purchase,Primary,PUD,ServicerC,2022
LN0005445,2019-05,97000,2.375,360,<620,71-80,37-43,SD,Refinance,Primary,Single Family,ServicerA,2019
LN0005446,2019-12,380000,8.0,360,620-659,61-70,37-43,NH,Refinance,Primary,Multi-Family,ServicerE,2019
LN0005447,2021-12,140000,4.74,360,660-699,71-80,29-36,NH,Refinance,Primary,Co-op,ServicerA,2021
LN0005448,2020-01,175000,2.875,360,740-779,81-90,37-43,VT,Purchase,Primary,Multi-Family,ServicerD,2020
LN0005449,2019-08,176000,2.712,360,700-739,,44-50,NM,Purchase,Primary,PUD,ServicerD,2019
LN0005450,2018-02,211000,7.25,360,620-659,81-90,44-50,,Purchase,Secondary,Single Family,ServicerA,2018
LN0005451,2018-12,181000,2.25,360,660-699,91-95,<=28,,Cash-Out Refinance,Primary,Co-op,ServicerC,2018
LN0005452,2021-09,144000,10.125,360,660-699,71-80,<=28,MS,Purchase,Secondary,PUD,ServicerA,2021
LN0005453,2021-11,61000,3.15,360,660-699,71-80,37-43,NM,Purchase,Primary,Condo,ServicerA,2021
LN0005454,2020-12,318000,3.25,360,700-739,61-70,44-50,RI,Refinance,Primary,PUD,ServicerD,2020
LN0005455,2021-03,95000,2.75,180,740-779,71-80,37-43,AK,Purchase,Primary,Condo,ServicerE,2021
LN0005456,2019-06,215000,6.5,240,660-699,71-80,44-50,HI,Purchase,Primary,Condo,ServicerD,2019
LN0005457,2019-12,316000,4.549,360,660-699,96-100,29-36,NM,Refinance,Primary,Multi-Family,ServicerB,2019
LN0005458,2019-04,48000,4.0,360,,91-95,>50,NE,Purchase,Primary,Condo,ServicerD,2019
LN0005459,2021-03,332000,3.25,360,780+,<=60,37-43,NE,Purchase,Secondary,Multi-Family,ServicerD,2021
LN0005460,2022-02,188000,2.875,360,780+,<=60,44-50,NE,Purchase,Primary,PUD,ServicerB,2022
LN0005461,2021-10,251000,3.75,360,740-779,<=60,37-43,NE,Purchase,Primary,Multi-Family,ServicerE,2021
LN0005462,2019-03,146000,2.875,360,660-699,81-90,37-43,AK,Purchase,Primary,PUD,ServicerE,2019
LN0005463,2019-01,89000,3.5,360,<620,91-95,37-43,MT,Refinance,Primary,PUD,ServicerC,2019
LN0005464,2019-04,115000,3.875,360,660-699,81-90,>50,ID,Refinance,Primary,Multi-Family,ServicerE,2019
LN0005465,2020-07,500000,5.5,240,660-699,81-90,37-43,SD,Cash-Out Refinance,Primary,Multi-Family,ServicerC,2020
LN0005466,2021-11,59000,5.125,240,700-739,96-100,37-43,RI,Purchase,Primary,Single Family,ServicerA,2021
LN0005467,2022-02,178000,7.0,360,740-779,61-70,37-43,NE,Purchase,Primary,PUD,ServicerA,2022
LN0005468,2019-02,100000,2.375,120,780+,96-100,44-50,DE,Cash-Out Refinance,Primary,PUD,ServicerD,2019
LN0005469,2020-02,205000,6.125,360,780+,61-70,37-43,ID,Purchase,Primary,Condo,ServicerA,2020
LN0005470,2021-02,169000,6.75,360,660-699,81-90,37-43,VT,Cash-Out Refinance,Primary,Multi-Family,ServicerE,2021
LN0005471,2020-02,471000,5.625,360,740-779,<=60,>50,AK,Refinance,Primary,PUD,ServicerB,2020
LN0005472,2020-01,308000,2.25,360,660-699,71-80,<=28,ID,Cash-Out Refinance,Primary,Co-op,ServicerC,2020
LN0005473,2022-04,146000,3.24,360,<620,71-80,<=28,ID,Purchase,Primary,PUD,ServicerD,2022
LN0005474,2021-08,116000,3.625,240,740-779,81-90,37-43,NE,Refinance,Primary,Single Family,ServicerC,2021
LN0005475,2018-01,122000,3.125,360,<620,<=60,37-43,RI,Purchase,Investment,Condo,ServicerE,2018
LN0005476,2018-05,65000,3.25,360,700-739,96-100,44-50,ID,Purchase,Primary,Multi-Family,ServicerE,2018
LN0005477,2018-11,118000,2.79,360,660-699,71-80,37-43,NM,Purchase,Primary,Single Family,ServicerA,2018
LN0005478,2022-01,158000,2.375,360,740-779,71-80,44-50,WV,Other,Primary,Condo,ServicerE,2022
LN0005479,2018-04,150000,4.125,180,740-779,96-100,37-43,DE,Purchase,Primary,Condo,ServicerB,2018
LN0005480,2022-01,145000,3.125,360,660-699,,37-43,NM,Purchase,Primary,Multi-Family,ServicerC,2022
LN0005481,2021-10,99000,2.625,180,740-779,71-80,29-36,NE,Purchase,Primary,Multi-Family,ServicerE,2021
LN0005482,2022-05,131000,2.875,360,660-699,96-100,29-36,NH,Refinance,Primary,Multi-Family,ServicerE,2022
LN0005483,2021-08,232000,3.5,240,700-739,61-70,<=28,WY,Refinance,Investment,Single Family,ServicerE,2021
LN0005484,2020-10,292000,2.875,360,740-779,71-80,<=28,RI,Purchase,Investment,Co-op,ServicerC,2020
LN0005485,2021-06,137000,6.75,360,740-779,>100,37-43,ID,Refinance,Primary,Multi-Family,ServicerB,2021
LN0005486,2020-11,93000,4.874,360,780+,61-70,37-43,NH,Purchase,Primary,Condo,ServicerB,2020
LN0005487,2020-06,57000,5.625,180,660-699,71-80,<=28,VT,Refinance,Secondary,Multi-Family,ServicerE,2020
LN0005488,2019-06,190000,4.918,360,740-779,96-100,>50,WY,Refinance,Primary,PUD,ServicerD,2019
LN0005489,2021-07,270000,2.75,360,740-779,61-70,44-50,ND,Purchase,Primary,Condo,ServicerE,2021
LN0005490,2022-01,373000,7.75,360,780+,71-80,37-43,SD,Purchase,Primary,PUD,ServicerC,2022
LN0005491,2020-06,143000,2.875,360,620-659,71-80,37-43,NH,Other,Primary,Single Family,ServicerB,2020
LN0005492,2018-01,118000,2.99,360,740-779,71-80,>50,WV,Purchase,Primary,Co-op,ServicerE,2018
LN0005493,2021-12,190000,3.15,360,700-739,96-100,<=28,AK,Cash-Out Refinance,Primary,Co-op,ServicerB,2021
LN0005494,2021-12,80000,2.875,360,660-699,61-70,37-43,WY,Purchase,Investment,PUD,ServicerC,2021
LN0005495,2019-01,243000,6.875,360,700-739,81-90,29-36,RI,Purchase,Primary,Co-op,ServicerC,2019
LN0005496,2022-02,398000,3.375,180,660-699,71-80,44-50,MS,Cash-Out Refinance,Primary,PUD,ServicerE,2022
LN0005497,2022-05,93000,8.49,180,700-739,>100,37-43,NH,Refinance,Primary,Co-op,ServicerA,2022
LN0005498,2019-06,200000,4.125,360,,<=60,<=28,HI,Other,Primary,PUD,ServicerA,2019
LN0005499,2021-10,164000,3.0,360,700-739,81-90,44-50,NM,Purchase,Secondary,PUD,ServicerA,2021
LN0005500,2021-09,58000,3.25,360,740-779,<=60,44-50,NM,Purchase,Primary,Condo,ServicerD,2021
LN0005501,2021-11,302000,3.25,360,700-739,71-80,44-50,NH,Purchase,Primary,Co-op,ServicerA,2021
LN0005502,2019-01,219000,3.125,360,<620,71-80,29-36,ID,Cash-Out Refinance,Primary,Multi-Family,ServicerB,2019
LN0005503,2020-01,34000,6.25,360,660-699,71-80,>50,ND,Purchase,Investment,Condo,ServicerD,2020
LN0005504,2020-01,156000,3.625,360,700-739,<=60,44-50,KS,Refinance,Primary,PUD,ServicerB,2020
LN0005505,2020-11,234000,2.25,360,660-699,96-100,29-36,ID,Purchase,Primary,PUD,ServicerC,2020
LN0005506,2021-04,69000,5.75,360,620-659,81-90,44-50,MS,Purchase,Primary,PUD,ServicerE,2021
LN0005507,2022-08,136000,2.25,240,700-739,<=60,>50,KS,Refinance,Investment,PUD,ServicerC,2022
LN0005508,2021-12,209000,2.375,240,660-699,81-90,>50,NE,Refinance,Primary,PUD,ServicerB,2021
LN0005509,2022-02,193000,3.75,360,660-699,71-80,37-43,HI,Purchase,Primary,Co-op,ServicerE,2022
LN0005510,2020-07,175000,4.5,360,700-739,71-80,37-43,VT,Refinance,Investment,Condo,ServicerA,2020
LN0005511,2021-11,159000,9.49,360,620-659,81-90,<=28,MT,Purchase,Primary,Multi-Family,ServicerA,2021
LN0005512,2018-12,215000,2.25,360,780+,91-95,<=28,ID,Cash-Out Refinance,Primary,Co-op,ServicerB,2018
LN0005513,2021-05,258000,5.74,360,780+,96-100,37-43,ID,Purchase,Primary,Multi-Family,ServicerC,2021
LN0005514,2022-04,96000,2.875,360,740-779,71-80,37-43,NM,Refinance,Investment,Multi-Family,ServicerE,2022
LN0005515,2019-09,243000,9.75,360,620-659,<=60,<=28,NH,Refinance,Primary,Condo,ServicerD,2019
LN0005516,2022-12,248000,2.75,360,740-779,<=60,44-50,NV,Purchase,Primary,Co-op,ServicerC,2022
LN0005517,2022-01,414000,5.875,360,740-779,<=60,37-43,NM,Purchase,Primary,Single Family,ServicerA,2022
LN0005518,2019-08,347000,2.219,360,740-779,<=60,37-43,NE,Refinance,Primary,Multi-Family,ServicerB,2019
LN0005519,2018-05,285000,8.25,120,620-659,71-80,44-50,,Cash-Out Refinance,Primary,Condo,ServicerD,2018
LN0005520,2022-08,224000,2.488,360,740-779,96-100,44-50,VT,Purchase,Secondary,Single Family,ServicerA,2022
LN0005521,2019-08,82000,6.25,120,,71-80,44-50,RI,Refinance,Primary,Co-op,ServicerA,2019
LN0005522,2018-08,160000,2.75,180,700-739,71-80,44-50,WY,Cash-Out Refinance,Primary,Multi-Family,ServicerA,2018
LN0005523,2022-04,120000,8.25,360,740-779,<=60,37-43,SD,Refinance,Primary,Co-op,ServicerA,2022
LN0005524,2019-04,321000,3.0,180,700-739,91-95,37-43,KS,Other,Primary,Multi-Family,ServicerC,2019
LN0005525,2019-11,75000,6.25,360,700-739,71-80,29-36,ID,Refinance,Secondary,Condo,ServicerB,2019
LN0005526,2018-02,234000,2.25,360,<620,<=60,29-36,KS,Purchase,Primary,Single Family,ServicerE,2018
LN0005527,2021-12,149000,6.375,360,740-779,<=60,<=28,,Cash-Out Refinance,Primary,Condo,ServicerB,2021
LN0005528,2018-03,60000,4.89,180,620-659,<=60,>50,HI,Purchase,Primary,PUD,ServicerD,2018
LN0005529,2020-07,174000,2.875,240,700-739,96-100,37-43,NH,Other,Primary,Multi-Family,ServicerA,2020
LN0005530,2020-04,79000,5.125,360,660-699,61-70,>50,SD,Purchase,Primary,Multi-Family,ServicerC,2020
LN0005531,2020-11,429000,5.5,360,700-739,<=60,<=28,NE,Purchase,Primary,Condo,ServicerE,2020
LN0005532,2021-11,80000,3.19,240,620-659,71-80,37-43,VT,Purchase,Primary,Multi-Family,ServicerE,2021
LN0005533,2018-11,181000,3.75,240,740-779,71-80,44-50,ID,Other,Primary,Condo,ServicerD,2018
LN0005534,2019-09,148000,7.0,360,740-779,96-100,37-43,WY,Refinance,Primary,Condo,ServicerC,2019
LN0005535,2021-02,288000,2.27,360,620-659,91-95,44-50,WV,Cash-Out Refinance,Primary,Condo,ServicerD,2021
LN0005536,2020-04,65000,4.5,360,620-659,71-80,37-43,NE,Purchase,Primary,Multi-Family,ServicerE,2020
LN0005537,2022-10,617000,2.75,360,620-659,71-80,37-43,DE,Purchase,Primary,Multi-Family,ServicerE,2022
LN0005538,2018-11,140000,3.0,180,780+,61-70,37-43,ND,Purchase,Investment,Single Family,ServicerC,2018
LN0005539,2020-07,86000,6.5,360,700-739,71-80,44-50,ND,Other,Primary,Single Family,ServicerA,2020
LN0005540,2021-11,233000,2.5,120,700-739,71-80,44-50,ID,Refinance,Primary,Condo,ServicerD,2021
LN0005541,2022-07,166000,2.875,240,620-659,<=60,<=28,SD,Cash-Out Refinance,Primary,Condo,ServicerE,2022
LN0005542,2019-04,234000,4.125,180,740-779,96-100,37-43,NE,Cash-Out Refinance,Primary,Co-op,ServicerB,2019
LN0005543,2020-02,103000,5.893,360,780+,71-80,29-36,RI,Purchase,Primary,Condo,ServicerC,2020
LN0005544,2020-02,136000,3.5,360,780+,81-90,37-43,HI,Refinance,Primary,Multi-Family,ServicerD,2020
LN0005545,2018-02,138000,3.625,360,740-779,96-100,37-43,ID,Purchase,Primary,Single Family,ServicerA,2018
LN0005546,2020-12,198000,4.375,360,<620,61-70,<=28,WV,Refinance,Primary,Single Family,ServicerA,2020
LN0005547,2022-04,170000,3.75,240,620-659,61-70,37-43,ID,Other,Primary,Co-op,ServicerB,2022
LN0005548,2018-10,222000,2.5,360,<620,81-90,29-36,RI,Cash-Out Refinance,Primary,Co-op,ServicerA,2018
LN0005549,2020-03,129000,4.75,360,,<=60,>50,SD,Cash-Out Refinance,Investment,Single Family,ServicerC,2020
LN0005550,2020-07,321000,2.25,180,620-659,71-80,37-43,NM,Cash-Out Refinance,Primary,Single Family,ServicerE,2020
LN0005551,2022-12,157000,2.75,360,660-699,<=60,37-43,RI,Purchase,Investment,Single Family,ServicerB,2022
LN0005552,2018-05,63000,3.625,360,700-739,71-80,29-36,WV,Purchase,Primary,Single Family,ServicerE,2018
LN0005553,2018-10,123000,4.625,360,780+,71-80,37-43,NE,Purchase,Primary,Single Family,ServicerB,2018
LN0005554,2022-04,186000,3.0,360,740-779,71-80,37-43,NM,Refinance,Primary,PUD,ServicerA,2022
LN0005555,2021-07,174000,2.875,360,780+,71-80,>50,ND,Purchase,Investment,Multi-Family,ServicerC,2021
LN0005556,2020-06,380000,3.125,360,740-779,96-100,<=28,AK,Purchase,Primary,Condo,ServicerB,2020
LN0005557,2019-09,305000,6.625,360,620-659,71-80,44-50,AK,Purchase,Primary,Single Family,ServicerD,2019
LN0005558,2022-10,131000,3.875,360,740-779,81-90,,WV,Cash-Out Refinance,Primary,Co-op,ServicerD,2022
LN0005559,2019-02,77000,6.49,360,660-699,<=60,29-36,HI,Cash-Out Refinance,Primary,Single Family,ServicerE,2019
LN0005560,2021-01,96000,7.625,360,740-779,91-95,44-50,NE,Purchase,Primary,Multi-Family,ServicerE,2021
LN0005561,2022-08,211000,3.25,360,660-699,96-100,44-50,ID,Refinance,Primary,Single Family,ServicerC,2022
LN0005562,2020-03,86000,4.25,360,780+,71-80,37-43,DE,Purchase,Primary,Co-op,ServicerC,2020
LN0005563,2020-04,73000,3.99,180,660-699,61-70,<=28,RI,Purchase,Primary,Co-op,ServicerB,2020
LN0005564,2021-11,172000,4.99,360,660-699,71-80,37-43,AK,Refinance,Primary,Single Family,ServicerD,2021
LN0005565,2021-03,119000,2.99,180,780+,71-80,37-43,MT,Refinance,Primary,Condo,ServicerA,2021
LN0005566,2022-05,183000,3.375,360,<620,<=60,37-43,MT,Purchase,Primary,Multi-Family,ServicerB,2022
LN0005567,2019-12,99000,3.0,360,740-779,<=60,29-36,ID,Cash-Out Refinance,Primary,Single Family,ServicerE,2019
LN0005568,2018-10,199000,4.0,360,740-779,81-90,44-50,WV,Refinance,Investment,Multi-Family,ServicerE,2018
LN0005569,2020-05,149000,6.25,240,780+,71-80,37-43,NM,Purchase,Primary,Condo,ServicerB,2020
LN0005570,2022-12,177000,2.875,360,780+,81-90,37-43,,Cash-Out Refinance,Primary,Condo,ServicerA,2022
LN0005571,2018-05,140000,3.15,360,780+,91-95,44-50,ID,Refinance,Primary,Multi-Family,ServicerB,2018
LN0005572,2022-08,117000,3.99,360,<620,<=60,,NM,Purchase,Primary,Single Family,ServicerE,2022
LN0005573,2019-08,181000,3.125,360,780+,<=60,37-43,ID,Purchase,Primary,Co-op,ServicerB,2019
LN0005574,2020-12,275000,6.75,360,740-779,81-90,44-50,ID,Purchase,Investment,Single Family,ServicerD,2020
LN0005575,2021-01,209000,5.25,360,740-779,,37-43,ID,Purchase,Primary,Co-op,ServicerA,2021
LN0005576,2020-03,192000,5.75,360,620-659,<=60,44-50,NH,Purchase,Primary,Single Family,ServicerA,2020
LN0005577,2019-12,161000,4.375,360,740-779,71-80,<=28,NH,Purchase,Primary,PUD,ServicerD,2019
LN0005578,2019-12,226000,3.5,360,780+,96-100,37-43,NH,Refinance,Primary,Co-op,ServicerA,2019
LN0005579,2018-03,164000,4.125,360,780+,81-90,29-36,ID,Purchase,Primary,Single Family,ServicerA,2018
LN0005580,2021-12,98000,3.125,360,700-739,<=60,29-36,SD,Purchase,Primary,Co-op,ServicerE,2021
LN0005581,2021-05,295000,6.0,180,<620,71-80,44-50,WV,Purchase,Primary,Co-op,ServicerA,2021
LN0005582,2019-01,188000,2.75,360,660-699,96-100,44-50,KS,Purchase,Primary,PUD,ServicerB,2019
LN0005583,2022-07,261000,2.75,360,780+,96-100,37-43,NV,Purchase,Secondary,Single Family,ServicerE,2022
LN0005584,2020-07,379000,3.875,360,740-779,81-90,37-43,KS,Refinance,Primary,Co-op,ServicerE,2020
LN0005585,2021-06,293000,2.375,120,700-739,71-80,37-43,DE,Purchase,Primary,Multi-Family,ServicerC,2021
LN0005586,2021-07,200000,4.75,360,<620,71-80,29-36,HI,Purchase,Primary,Co-op,ServicerA,2021
LN0005587,2018-09,113000,2.625,360,700-739,71-80,37-43,NH,Purchase,Primary,Condo,ServicerE,2018
LN0005588,2020-05,231000,4.5,360,700-739,<=60,44-50,MT,Purchase,Primary,Multi-Family,ServicerC,2020
LN0005589,2019-12,137000,4.75,240,780+,96-100,37-43,VT,Purchase,Primary,Single Family,ServicerB,2019
LN0005590,2022-07,134000,2.75,360,740-779,>100,37-43,ID,Refinance,Primary,Co-op,ServicerE,2022
LN0005591,2018-03,270000,3.25,360,660-699,96-100,>50,SD,Purchase,Primary,Multi-Family,ServicerC,2018
LN0005592,2020-10,105000,3.375,180,700-739,81-90,37-43,SD,Cash-Out Refinance,Primary,Co-op,ServicerD,2020
LN0005593,2018-12,50000,5.2,360,<620,91-95,44-50,VT,Refinance,Primary,Multi-Family,ServicerB,2018
LN0005594,2020-08,389000,3.625,360,780+,<=60,44-50,WY,Refinance,Investment,Multi-Family,ServicerC,2020
LN0005595,2019-10,167000,3.375,360,660-699,91-95,29-36,DE,Purchase,Primary,Condo,ServicerE,2019
LN0005596,2019-08,102000,3.125,240,700-739,<=60,<=28,NV,Purchase,Primary,Multi-Family,ServicerE,2019
LN0005597,2021-05,163000,6.74,360,660-699,71-80,44-50,ND,Refinance,Primary,Condo,ServicerE,2021
LN0005598,2019-04,298000,4.09,360,740-779,61-70,37-43,AK,Purchase,Primary,PUD,ServicerB,2019
LN0005599,2019-12,78000,4.0,360,740-779,<=60,29-36,NM,Purchase,Primary,Condo,ServicerB,2019
LN0005600,2019-12,393000,3.25,360,740-779,96-100,44-50,ND,Purchase,Primary,Co-op,ServicerE,2019
LN0005601,2018-06,449000,2.75,240,660-699,71-80,44-50,ID,Purchase,Primary,Multi-Family,ServicerE,2018
LN0005602,2022-02,210000,3.875,360,660-699,96-100,>50,NM,Purchase,Primary,Single Family,ServicerD,2022
LN0005603,2019-07,203000,2.99,360,620-659,91-95,44-50,ND,Refinance,Primary,Co-op,ServicerA,2019
LN0005604,2021-11,148000,2.875,360,740-779,<=60,29-36,ID,Purchase,Primary,PUD,ServicerB,2021
LN0005605,2019-01,234000,2.875,180,<620,91-95,37-43,NH,Other,Primary,Multi-Family,ServicerC,2019
LN0005606,2018-06,321000,3.0,360,700-739,91-95,44-50,WV,Refinance,Primary,Multi-Family,ServicerD,2018
LN0005607,2021-03,49000,2.875,360,780+,91-95,29-36,ID,Refinance,Primary,Co-op,ServicerC,2021
LN0005608,2018-02,268000,3.375,360,780+,<=60,37-43,HI,Cash-Out Refinance,Secondary,Multi-Family,ServicerC,2018
LN0005609,2022-11,109000,4.125,360,700-739,<=60,29-36,NV,Purchase,Primary,Condo,ServicerC,2022
LN0005610,2020-10,63000,3.25,240,700-739,<=60,44-50,ND,Refinance,Primary,Condo,ServicerB,2020
LN0005611,2021-03,274000,3.25,360,<620,<=60,44-50,ID,Cash-Out Refinance,Primary,Single Family,ServicerA,2021
LN0005612,2021-04,252000,4.25,180,740-779,<=60,>50,ID,Purchase,Primary,Multi-Family,ServicerA,2021
LN0005613,2018-02,262000,6.875,180,780+,71-80,>50,ID,Purchase,Primary,Single Family,ServicerD,2018
LN0005614,2019-07,351000,3.625,120,660-699,,<=28,ID,Other,Primary,Single Family,ServicerB,2019
LN0005615,2021-05,70000,12.625,360,700-739,<=60,37-43,ID,Purchase,Investment,PUD,ServicerA,2021
LN0005616,2022-03,106000,3.25,180,780+,<=60,<=28,SD,Purchase,Primary,Condo,ServicerC,2022
LN0005617,2021-12,270000,2.5,360,780+,61-70,29-36,RI,Refinance,Primary,Multi-Family,ServicerC,2021
LN0005618,2018-08,135000,3.0,360,660-699,<=60,29-36,ND,Refinance,Primary,Condo,ServicerC,2018
LN0005619,2021-05,142000,6.875,360,700-739,71-80,37-43,AK,Cash-Out Refinance,Primary,Multi-Family,ServicerD,2021
LN0005620,2021-06,64000,3.5,360,620-659,71-80,,RI,Purchase,Primary,Co-op,ServicerD,2021
LN0005621,2018-02,246000,4.875,360,620-659,61-70,37-43,NH,Purchase,Primary,Single Family,ServicerD,2018
LN0005622,2018-02,285000,7.75,360,780+,<=60,37-43,ID,Cash-Out Refinance,Primary,PUD,ServicerA,2018
LN0005623,2018-08,63000,3.5,360,780+,71-80,44-50,AK,Cash-Out Refinance,Primary,Multi-Family,ServicerC,2018
LN0005624,2022-04,135000,10.75,240,740-779,<=60,,MT,Purchase,Primary,Multi-Family,ServicerD,2022
LN0005625,2018-10,157000,3.625,360,<620,71-80,29-36,WV,Purchase,Primary,PUD,ServicerC,2018
LN0005626,2022-10,98000,3.0,240,780+,81-90,44-50,ID,Other,Primary,PUD,ServicerA,2022
LN0005627,2021-05,199000,2.375,360,700-739,61-70,,ID,Purchase,Primary,Single Family,ServicerE,2021
LN0005628,2018-10,141000,2.75,360,660-699,71-80,37-43,ID,Refinance,Primary,PUD,ServicerD,2018
LN0005629,2019-07,91000,3.99,360,700-739,96-100,37-43,DE,Other,Primary,Multi-Family,ServicerA,2019
LN0005630,2021-11,89000,3.875,360,620-659,91-95,>50,ID,Cash-Out Refinance,Primary,Multi-Family,ServicerC,2021
LN0005631,2021-05,173000,6.75,360,740-779,61-70,37-43,MS,Cash-Out Refinance,Primary,Co-op,ServicerE,2021
LN0005632,2022-03,202000,3.5,360,700-739,91-95,>50,NH,Purchase,Primary,Condo,ServicerB,2022
LN0005633,2018-06,206000,3.5,180,620-659,81-90,29-36,ID,Cash-Out Refinance,Primary,PUD,ServicerE,2018
LN0005634,2018-12,176000,3.99,360,620-659,61-70,37-43,NE,Purchase,Primary,Co-op,ServicerB,2018
LN0005635,2022-03,213000,5.7,360,620-659,96-100,37-43,ID,Refinance,Primary,Single Family,ServicerD,2022
LN0005636,2021-12,109000,5.087,360,,81-90,>50,WY,Purchase,Primary,Condo,ServicerE,2021
LN0005637,2018-07,100000,6.25,360,700-739,96-100,44-50,NE,Purchase,Primary,Co-op,ServicerA,2018
LN0005638,2022-09,161000,2.5,360,780+,61-70,,ID,Cash-Out Refinance,Primary,Multi-Family,ServicerE,2022
LN0005639,2022-08,225000,2.75,360,<620,,44-50,HI,Purchase,Primary,Condo,ServicerB,2022
LN0005640,2018-09,135000,3.125,240,<620,71-80,29-36,ID,Refinance,Primary,Single Family,ServicerC,2018
LN0005641,2022-09,107000,3.375,360,700-739,96-100,>50,KS,Purchase,Investment,Condo,ServicerC,2022
LN0005642,2018-04,283000,3.0,180,740-779,<=60,<=28,NE,Purchase,Primary,PUD,ServicerD,2018
LN0005643,2018-03,193000,4.0,360,660-699,<=60,44-50,AK,Cash-Out Refinance,Primary,Co-op,ServicerE,2018
LN0005644,2022-12,84000,7.25,360,660-699,81-90,29-36,WV,Purchase,Primary,Multi-Family,ServicerE,2022
LN0005645,2019-01,140000,2.375,360,700-739,71-80,37-43,NH,Purchase,Primary,Condo,ServicerE,2019
LN0005646,2022-08,136000,5.5,360,660-699,61-70,44-50,SD,Purchase,Primary,Condo,ServicerB,2022
LN0005647,2020-02,174000,2.375,240,<620,<=60,44-50,MS,Purchase,Primary,PUD,ServicerC,2020
LN0005648,2018-03,92000,2.875,360,740-779,81-90,29-36,,Purchase,Primary,PUD,ServicerD,2018
LN0005649,2022-04,118000,4.875,360,740-779,<=60,44-50,MS,Refinance,Primary,Multi-Family,ServicerC,2022
LN0005650,2019-02,113000,2.5,360,700-739,81-90,44-50,ID,Refinance,Primary,Multi-Family,ServicerE,2019
LN0005651,2022-05,80000,3.75,120,,96-100,37-43,NM,Refinance,Primary,PUD,ServicerB,2022
LN0005652,2018-02,221000,2.5,360,740-779,91-95,44-50,NE,Refinance,Primary,Condo,ServicerC,2018
LN0005653,2018-09,126000,2.8,360,660-699,71-80,44-50,HI,Purchase,Primary,PUD,ServicerA,2018
LN0005654,2020-06,194000,4.75,360,660-699,<=60,44-50,SD,Refinance,Primary,Co-op,ServicerE,2020
LN0005655,2022-03,152000,4.5,360,620-659,91-95,37-43,NH,Refinance,Primary,Condo,ServicerE,2022
LN0005656,2021-11,464000,3.25,360,620-659,96-100,44-50,NM,Other,Primary,Multi-Family,ServicerD,2021
LN0005657,2018-04,94000,2.99,180,740-779,<=60,29-36,ID,Cash-Out Refinance,Primary,Single Family,ServicerC,2018
LN0005658,2020-01,189000,4.99,360,780+,61-70,37-43,ID,Purchase,Primary,PUD,ServicerE,2020
LN0005659,2022-05,147000,2.875,360,780+,71-80,,ND,Refinance,Primary,PUD,ServicerD,2022
LN0005660,2022-08,193000,3.0,360,740-779,71-80,37-43,NH,Refinance,Primary,Condo,ServicerA,2022
LN0005661,2019-10,294000,3.5,360,620-659,61-70,<=28,WY,Purchase,Primary,Single Family,ServicerE,2019
LN0005662,2021-12,263000,2.75,360,620-659,81-90,<=28,ID,Other,Primary,Co-op,ServicerC,2021
LN0005663,2020-09,223000,3.5,360,740-779,71-80,37-43,NE,Refinance,Primary,PUD,ServicerD,2020
LN0005664,2020-10,176000,6.0,360,700-739,71-80,29-36,KS,Purchase,Primary,Condo,ServicerE,2020
LN0005665,2022-09,354000,6.625,360,740-779,<=60,29-36,SD,Refinance,Investment,Single Family,ServicerA,2022
LN0005666,2019-12,75000,2.99,120,740-779,96-100,37-43,WY,Refinance,Primary,Multi-Family,ServicerE,2019
LN0005667,2018-11,167000,6.75,360,740-779,61-70,37-43,WY,Purchase,Investment,Condo,ServicerD,2018
LN0005668,2018-04,232000,4.375,240,780+,71-80,29-36,ID,Cash-Out Refinance,Primary,Co-op,ServicerA,2018
LN0005669,2018-04,306000,5.68,360,<620,71-80,44-50,SD,Refinance,Primary,Single Family,ServicerD,2018
LN0005670,2019-05,92000,2.75,360,740-779,61-70,44-50,AK,Cash-Out Refinance,Primary,PUD,ServicerB,2019
LN0005671,2019-03,253000,2.75,360,780+,<=60,37-43,AK,Purchase,Primary,Single Family,ServicerE,2019
LN0005672,2022-09,100000,3.125,360,660-699,61-70,>50,AK,Purchase,Primary,Single Family,ServicerA,2022
LN0005673,2019-10,124000,2.75,360,740-779,91-95,44-50,MT,Refinance,Primary,Multi-Family,ServicerA,2019
LN0005674,2020-05,122000,2.99,360,660-699,71-80,37-43,WV,Purchase,Primary,Multi-Family,ServicerC,2020
LN0005675,2019-12,305000,5.44,360,780+,71-80,44-50,ID,Cash-Out Refinance,Primary,Condo,ServicerC,2019
LN0005676,2022-07,280000,3.25,360,<620,96-100,37-43,NH,Purchase,Primary,Condo,ServicerC,2022
LN0005677,2018-09,193000,5.09,180,700-739,<=60,44-50,WY,Purchase,Primary,Condo,ServicerC,2018
LN0005678,2020-05,367000,2.375,360,620-659,<=60,44-50,ID,Purchase,Primary,Multi-Family,ServicerD,2020
LN0005679,2021-11,91000,3.99,360,740-779,71-80,,MT,Other,Primary,Co-op,ServicerC,2021
LN0005680,2019-07,389000,4.5,360,620-659,71-80,37-43,NH,Cash-Out Refinance,Primary,Co-op,ServicerC,2019
LN0005681,2021-02,105000,6.875,360,660-699,>100,44-50,HI,Cash-Out Refinance,Primary,Multi-Family,ServicerA,2021
LN0005682,2020-11,180000,5.5,360,,71-80,44-50,AK,Cash-Out Refinance,Primary,PUD,ServicerB,2020
LN0005683,2021-12,447000,4.21,360,,81-90,<=28,MT,Purchase,Primary,Condo,ServicerC,2021
LN0005684,2019-09,81000,4.125,360,660-699,71-80,37-43,DE,Refinance,Primary,PUD,ServicerE,2019
LN0005685,2019-02,207000,8.99,360,620-659,91-95,29-36,MT,Purchase,Primary,PUD,ServicerB,2019
LN0005686,2020-11,170000,7.85,360,740-779,71-80,44-50,NM,Refinance,Primary,PUD,ServicerC,2020
LN0005687,2019-12,353000,3.25,360,700-739,61-70,37-43,NH,Purchase,Primary,PUD,ServicerE,2019
LN0005688,2020-10,203000,7.0,240,780+,81-90,44-50,RI,Purchase,Investment,Multi-Family,ServicerC,2020
LN0005689,2022-10,208000,6.99,360,620-659,81-90,44-50,KS,Refinance,Primary,Condo,ServicerD,2022
LN0005690,2019-07,209000,2.75,360,740-779,81-90,44-50,DE,Purchase,Primary,Condo,ServicerA,2019
LN0005691,2019-06,100000,3.5,360,660-699,71-80,37-43,ID,Purchase,Primary,Single Family,ServicerA,2019
LN0005692,2021-07,174000,6.75,360,620-659,61-70,44-50,DE,Purchase,Primary,Single Family,ServicerD,2021
LN0005693,2018-10,122000,3.375,180,740-779,<=60,37-43,ND,Purchase,Primary,Condo,ServicerB,2018
LN0005694,2019-02,101000,3.375,360,700-739,61-70,>50,DE,Purchase,Investment,Co-op,ServicerE,2019
LN0005695,2020-02,206000,5.0,360,740-779,<=60,>50,WY,Cash-Out Refinance,Primary,PUD,ServicerC,2020
LN0005696,2022-02,77000,3.875,360,660-699,61-70,,AK,Refinance,Primary,PUD,ServicerB,2022
LN0005697,2022-07,132000,5.375,360,700-739,71-80,37-43,MT,Refinance,Primary,Condo,ServicerC,2022
LN0005698,2018-06,105000,2.875,360,700-739,71-80,44-50,SD,Purchase,Primary,PUD,ServicerE,2018
LN0005699,2018-06,104000,3.625,360,780+,<=60,37-43,ID,Refinance,Primary,Single Family,ServicerD,2018
LN0005700,2020-05,187000,4.875,360,660-699,96-100,29-36,ID,Refinance,Primary,Co-op,ServicerB,2020
LN0005701,2019-04,82000,3.75,360,660-699,91-95,29-36,ND,Refinance,Primary,PUD,ServicerA,2019
LN0005702,2020-01,131000,3.25,360,660-699,>100,29-36,MT,Refinance,Primary,Multi-Family,ServicerC,2020
LN0005703,2018-07,143000,8.1,360,700-739,61-70,>50,AK,Refinance,Primary,Co-op,ServicerD,2018
LN0005704,2019-07,144000,5.49,360,,91-95,37-43,ND,Refinance,Primary,Condo,ServicerA,2019
LN0005705,2018-02,172000,3.375,360,780+,71-80,44-50,DE,Refinance,Primary,Co-op,ServicerC,2018
LN0005706,2019-09,131000,3.625,360,660-699,<=60,37-43,MT,Purchase,Primary,Condo,ServicerA,2019
LN0005707,2020-10,195000,4.125,360,780+,<=60,37-43,NE,Purchase,Primary,PUD,ServicerC,2020
LN0005708,2021-02,106000,5.95,360,620-659,81-90,37-43,NE,Refinance,Primary,Multi-Family,ServicerE,2021
LN0005709,2022-06,193000,7.49,360,740-779,<=60,<=28,DE,Refinance,Primary,Co-op,ServicerD,2022
LN0005710,2022-05,198000,4.125,180,780+,71-80,<=28,KS,Purchase,Primary,Condo,ServicerA,2022
LN0005711,2022-05,156000,2.75,180,620-659,91-95,44-50,ID,Cash-Out Refinance,Primary,Condo,ServicerB,2022
LN0005712,2022-02,170000,2.5,360,780+,96-100,37-43,ID,Purchase,Primary,Multi-Family,ServicerD,2022
LN0005713,2018-03,85000,6.375,360,700-739,<=60,<=28,ID,Purchase,Primary,Co-op,ServicerC,2018
LN0005714,2020-07,128000,2.5,360,780+,96-100,44-50,ID,Purchase,Primary,Single Family,ServicerA,2020
LN0005715,2019-06,82000,3.5,360,,71-80,29-36,SD,Other,Primary,Multi-Family,ServicerD,2019
LN0005716,2022-09,134000,5.875,360,660-699,71-80,37-43,VT,Refinance,Primary,PUD,ServicerE,2022
LN0005717,2022-07,116000,3.7,360,,91-95,37-43,WV,Purchase,Primary,Co-op,ServicerE,2022
LN0005718,2021-10,79000,5.75,360,660-699,96-100,44-50,ID,Purchase,Secondary,PUD,ServicerC,2021
LN0005719,2019-05,107000,5.875,360,620-659,81-90,29-36,NH,Cash-Out Refinance,Secondary,Single Family,ServicerD,2019
LN0005720,2018-11,119000,3.375,180,620-659,>100,37-43,WV,Purchase,Primary,Condo,ServicerE,2018
LN0005721,2022-12,220000,5.652,360,620-659,>100,44-50,RI,Purchase,Primary,Multi-Family,ServicerD,2022
LN0005722,2019-11,139000,2.875,360,700-739,61-70,44-50,MT,Refinance,Primary,PUD,ServicerB,2019
LN0005723,2019-03,108000,3.9,360,740-779,71-80,37-43,VT,Purchase,Primary,Multi-Family,ServicerC,2019
LN0005724,2021-10,217000,5.125,360,620-659,61-70,29-36,AK,Refinance,Primary,Single Family,ServicerD,2021
LN0005725,2020-01,151000,5.49,180,620-659,61-70,29-36,NH,Refinance,Primary,Co-op,ServicerD,2020
LN0005726,2020-12,205000,5.388,360,740-779,96-100,37-43,ID,Cash-Out Refinance,Primary,Condo,ServicerB,2020
LN0005727,2019-11,138000,7.75,360,620-659,81-90,44-50,ID,Cash-Out Refinance,Primary,Condo,ServicerB,2019
LN0005728,2022-07,383000,4.75,180,620-659,<=60,29-36,VT,Purchase,Primary,Multi-Family,ServicerA,2022
LN0005729,2021-03,145000,2.625,360,620-659,81-90,44-50,NH,Refinance,Primary,Condo,ServicerD,2021
LN0005730,2021-06,92000,4.0,360,780+,>100,44-50,MT,Refinance,Primary,Multi-Family,ServicerA,2021
LN0005731,2021-09,76000,3.0,240,780+,91-95,44-50,WY,Refinance,Primary,Single Family,ServicerA,2021
LN0005732,2020-05,195000,2.75,360,660-699,<=60,29-36,MT,Purchase,Primary,PUD,ServicerA,2020
LN0005733,2021-09,218000,2.5,180,740-779,96-100,37-43,ID,Refinance,Primary,Condo,ServicerA,2021
LN0005734,2019-05,236000,2.99,360,700-739,71-80,37-43,SD,Refinance,Primary,Co-op,ServicerB,2019
LN0005735,2018-05,122000,7.375,360,740-779,71-80,37-43,NM,Cash-Out Refinance,Primary,Condo,ServicerA,2018
LN0005736,2021-06,231000,2.75,360,740-779,>100,37-43,,Refinance,Primary,Multi-Family,ServicerC,2021
LN0005737,2018-11,174000,6.25,360,740-779,91-95,37-43,,Purchase,Primary,Co-op,ServicerD,2018
LN0005738,2018-02,157000,4.74,360,660-699,71-80,37-43,ND,Refinance,Primary,Co-op,ServicerB,2018
LN0005739,2019-02,211000,2.625,360,<620,71-80,29-36,ID,Purchase,Secondary,Multi-Family,ServicerE,2019
LN0005740,2019-10,246000,3.75,360,700-739,71-80,29-36,NM,Cash-Out Refinance,Primary,Single Family,ServicerE,2019
LN0005741,2018-02,278000,3.375,360,780+,71-80,37-43,NM,Refinance,Primary,Single Family,ServicerB,2018
LN0005742,2020-09,522000,3.5,360,700-739,71-80,29-36,ID,Purchase,Primary,Single Family,ServicerD,2020
LN0005743,2021-01,176000,2.75,360,780+,71-80,44-50,AK,Purchase,Investment,PUD,ServicerC,2021
LN0005744,2021-11,240000,6.69,360,780+,61-70,37-43,MS,Purchase,Primary,Multi-Family,ServicerA,2021
LN0005745,2022-12,104000,7.0,240,620-659,81-90,,NV,Purchase,Primary,Multi-Family,ServicerC,2022
LN0005746,2019-08,465000,9.99,180,740-779,61-70,29-36,NE,Purchase,Primary,Single Family,ServicerB,2019
LN0005747,2021-09,150000,3.75,360,740-779,71-80,37-43,NH,Refinance,Primary,Condo,ServicerB,2021
LN0005748,2022-12,197000,4.25,360,780+,71-80,29-36,NM,Purchase,Primary,Co-op,ServicerE,2022
LN0005749,2018-07,221000,2.875,360,780+,71-80,29-36,VT,Purchase,Primary,Single Family,ServicerC,2018
LN0005750,2018-10,45000,3.25,360,740-779,81-90,<=28,SD,Refinance,Primary,Single Family,ServicerD,2018
LN0005751,2019-12,272000,3.0,360,660-699,96-100,37-43,NH,Refinance,Primary,Single Family,ServicerA,2019
LN0005752,2018-12,162000,3.625,360,740-779,71-80,44-50,VT,Refinance,Secondary,Single Family,ServicerA,2018
LN0005753,2021-12,236000,2.99,360,620-659,96-100,<=28,,Purchase,Primary,PUD,ServicerD,2021
LN0005754,2022-12,365000,4.125,360,740-779,<=60,37-43,NE,Purchase,Primary,PUD,ServicerA,2022
LN0005755,2020-04,183000,2.375,360,780+,61-70,29-36,AK,Purchase,Primary,Co-op,ServicerB,2020
LN0005756,2022-11,134000,8.875,360,700-739,81-90,37-43,KS,Purchase,Investment,Co-op,ServicerE,2022
LN0005757,2022-01,252000,8.99,360,740-779,61-70,37-43,NH,Cash-Out Refinance,Primary,Multi-Family,ServicerD,2022
LN0005758,2022-08,244000,4.25,180,700-739,81-90,>50,ID,Purchase,Primary,Condo,ServicerE,2022
LN0005759,2019-11,177000,2.875,360,700-739,71-80,37-43,NE,Cash-Out Refinance,Primary,Condo,ServicerC,2019
LN0005760,2022-04,134000,3.625,360,,81-90,44-50,NE,Purchase,Primary,Single Family,ServicerA,2022
LN0005761,2019-02,118000,2.875,240,740-779,61-70,44-50,SD,Purchase,Primary,Condo,ServicerB,2019
LN0005762,2020-03,67000,9.95,360,780+,91-95,44-50,WV,Refinance,Primary,PUD,ServicerE,2020
LN0005763,2022-06,240000,3.125,360,780+,96-100,37-43,DE,Purchase,Primary,PUD,ServicerE,2022
LN0005764,2018-07,108000,3.5,360,620-659,71-80,44-50,NM,Purchase,Primary,PUD,ServicerA,2018
LN0005765,2021-07,205000,4.625,360,780+,96-100,37-43,WY,Refinance,Primary,Co-op,ServicerE,2021
LN0005766,2019-06,242000,2.25,360,740-779,<=60,37-43,DE,Purchase,Primary,Co-op,ServicerA,2019
LN0005767,2018-06,91000,7.0,180,660-699,61-70,37-43,HI,Cash-Out Refinance,Primary,Condo,ServicerB,2018
LN0005768,2019-09,229000,5.5,360,<620,96-100,37-43,SD,Purchase,Primary,Condo,ServicerC,2019
LN0005769,2018-05,423000,5.55,360,660-699,91-95,29-36,ND,Refinance,Primary,Single Family,ServicerD,2018
LN0005770,2020-08,267000,2.875,180,780+,61-70,37-43,RI,Refinance,Primary,Co-op,ServicerD,2020
LN0005771,2020-05,176000,3.125,360,740-779,71-80,>50,ID,Purchase,Primary,Multi-Family,ServicerE,2020
LN0005772,2019-01,147000,2.375,360,740-779,<=60,37-43,MT,Purchase,Secondary,Condo,ServicerE,2019
LN0005773,2022-07,66000,4.875,180,660-699,71-80,>50,NM,Purchase,Primary,Condo,ServicerE,2022
LN0005774,2019-05,417000,4.5,360,740-779,61-70,<=28,NM,Refinance,Primary,PUD,ServicerA,2019
LN0005775,2022-01,141000,4.0,360,<620,71-80,37-43,ND,Refinance,Primary,Single Family,ServicerC,2022
LN0005776,2021-10,67000,5.25,360,660-699,71-80,37-43,AK,Purchase,Primary,Single Family,ServicerC,2021
LN0005777,2021-01,140000,4.125,360,740-779,<=60,44-50,MT,Purchase,Investment,Multi-Family,ServicerB,2021
LN0005778,2020-01,224000,6.624,360,620-659,<=60,44-50,ID,Refinance,Primary,Multi-Family,ServicerB,2020
LN0005779,2022-08,61000,3.99,240,780+,<=60,29-36,NH,Purchase,Primary,PUD,ServicerC,2022
LN0005780,2020-05,100000,2.875,120,660-699,96-100,44-50,MT,Purchase,Primary,PUD,ServicerE,2020
LN0005781,2020-02,189000,3.125,360,740-779,71-80,<=28,ID,Purchase,Primary,PUD,ServicerD,2020
LN0005782,2018-06,222000,7.0,360,700-739,71-80,37-43,DE,Purchase,Primary,PUD,ServicerC,2018
LN0005783,2019-07,222000,7.5,180,700-739,,29-36,NM,Purchase,Primary,Co-op,ServicerE,2019
LN0005784,2020-01,215000,3.75,360,620-659,96-100,>50,NH,Cash-Out Refinance,Primary,Single Family,ServicerB,2020
LN0005785,2018-07,260000,3.125,180,<620,,44-50,ID,Purchase,Primary,Co-op,ServicerB,2018
LN0005786,2021-04,194000,4.375,120,780+,71-80,<=28,ID,Purchase,Primary,PUD,ServicerA,2021
LN0005787,2018-09,271000,2.99,360,660-699,61-70,>50,MS,Refinance,Primary,Multi-Family,ServicerE,2018
LN0005788,2022-03,87000,4.49,360,740-779,96-100,>50,NH,Refinance,Primary,Multi-Family,ServicerD,2022
LN0005789,2021-02,87000,2.99,360,780+,91-95,<=28,ID,Purchase,Primary,Multi-Family,ServicerD,2021
LN0005790,2021-01,70000,4.625,240,660-699,<=60,44-50,ID,Purchase,Primary,Multi-Family,ServicerB,2021
LN0005791,2019-11,77000,3.99,360,660-699,81-90,37-43,HI,Other,Primary,Single Family,ServicerA,2019
LN0005792,2020-04,106000,2.875,360,740-779,91-95,37-43,NH,Refinance,Primary,Single Family,ServicerA,2020
LN0005793,2021-07,108000,3.75,360,780+,<=60,29-36,NH,Purchase,Primary,PUD,ServicerD,2021
LN0005794,2020-05,149000,3.625,360,780+,81-90,37-43,NE,Purchase,Primary,Multi-Family,ServicerC,2020
LN0005795,2020-07,285000,2.625,360,700-739,71-80,<=28,SD,Cash-Out Refinance,Primary,Single Family,ServicerC,2020
LN0005796,2019-09,166000,2.75,180,740-779,61-70,37-43,NE,Purchase,Primary,Multi-Family,ServicerB,2019
LN0005797,2020-02,96000,6.375,360,620-659,<=60,37-43,ND,Purchase,Primary,PUD,ServicerA,2020
LN0005798,2021-11,255000,3.375,360,780+,91-95,37-43,SD,Purchase,Primary,Co-op,ServicerB,2021
LN0005799,2021-03,204000,3.625,360,780+,71-80,44-50,NE,Purchase,Primary,Co-op,ServicerE,2021
LN0005800,2019-06,100000,6.99,180,620-659,<=60,>50,NE,Refinance,Investment,Co-op,ServicerE,2019
LN0005801,2021-01,347000,2.488,180,660-699,91-95,37-43,NE,Other,Primary,Co-op,ServicerE,2021
LN0005802,2020-12,197000,3.625,360,620-659,81-90,29-36,NE,Purchase,Primary,PUD,ServicerB,2020
LN0005803,2019-02,98000,2.5,180,660-699,61-70,37-43,NH,Cash-Out Refinance,Primary,Multi-Family,ServicerA,2019
LN0005804,2019-05,156000,3.25,360,740-779,71-80,37-43,ND,Cash-Out Refinance,Primary,Condo,ServicerA,2019
LN0005805,2018-03,445000,3.375,360,660-699,>100,37-43,VT,Purchase,Primary,Co-op,ServicerC,2018
LN0005806,2021-07,432000,3.875,360,620-659,71-80,37-43,ID,Cash-Out Refinance,Primary,Multi-Family,ServicerD,2021
LN0005807,2020-01,256000,3.75,360,660-699,81-90,<=28,ID,Purchase,Primary,Co-op,ServicerC,2020
LN0005808,2019-11,604000,2.75,360,780+,71-80,>50,NE,Purchase,Investment,PUD,ServicerC,2019
LN0005809,2019-08,179000,4.25,360,740-779,71-80,37-43,MT,Cash-Out Refinance,Primary,Single Family,ServicerC,2019
LN0005810,2020-02,163000,3.375,360,700-739,>100,<=28,NE,Refinance,Primary,Co-op,ServicerC,2020
LN0005811,2021-08,222000,3.375,360,620-659,91-95,44-50,ID,Cash-Out Refinance,Investment,Co-op,ServicerA,2021
LN0005812,2022-08,272000,4.25,240,780+,71-80,>50,ID,Refinance,Primary,Single Family,ServicerD,2022
LN0005813,2019-06,175000,3.99,180,780+,81-90,37-43,NE,Refinance,Primary,Condo,ServicerB,2019
LN0005814,2021-09,151000,2.75,360,660-699,71-80,44-50,HI,Refinance,Primary,Single Family,ServicerC,2021
LN0005815,2021-03,351000,5.625,360,<620,71-80,37-43,DE,Purchase,Primary,PUD,ServicerB,2021
LN0005816,2018-02,93000,6.625,360,<620,71-80,44-50,ID,Purchase,Primary,PUD,ServicerA,2018
LN0005817,2018-03,150000,2.75,360,620-659,91-95,44-50,MT,Purchase,Primary,Multi-Family,ServicerD,2018
LN0005818,2019-06,221000,3.375,120,700-739,<=60,44-50,ID,Refinance,Primary,Multi-Family,ServicerA,2019
LN0005819,2022-01,140000,3.0,180,780+,91-95,37-43,ID,Refinance,Primary,Multi-Family,ServicerE,2022
LN0005820,2019-01,85000,4.5,360,700-739,81-90,29-36,WV,Refinance,Primary,Multi-Family,ServicerA,2019
LN0005821,2020-07,143000,7.75,240,780+,<=60,44-50,AK,Refinance,Primary,Condo,ServicerC,2020
LN0005822,2022-12,145000,2.5,360,700-739,71-80,37-43,WY,Purchase,Primary,PUD,ServicerA,2022
LN0005823,2018-07,311000,2.25,360,740-779,>100,29-36,AK,Refinance,Primary,Single Family,ServicerC,2018
LN0005824,2021-05,219000,3.75,360,740-779,,44-50,ID,Purchase,Investment,Single Family,ServicerA,2021
LN0005825,2020-08,369000,7.01,180,620-659,81-90,37-43,NM,Refinance,Primary,PUD,ServicerE,2020
LN0005826,2018-07,93000,3.625,360,660-699,<=60,44-50,MT,Refinance,Primary,Co-op,ServicerC,2018
LN0005827,2019-10,255000,2.99,360,740-779,71-80,37-43,ID,Purchase,Primary,Single Family,ServicerB,2019
LN0005828,2019-12,51000,4.125,360,<620,96-100,>50,WV,Refinance,Primary,Multi-Family,ServicerA,2019
LN0005829,2022-03,164000,5.75,360,660-699,81-90,37-43,NE,Purchase,Primary,Co-op,ServicerB,2022
LN0005830,2019-05,147000,3.25,360,700-739,<=60,,VT,Purchase,Primary,Condo,ServicerD,2019
LN0005831,2018-05,203000,2.75,360,780+,71-80,44-50,NH,Refinance,Primary,PUD,ServicerD,2018
LN0005832,2019-11,186000,3.375,360,700-739,96-100,37-43,DE,Cash-Out Refinance,Primary,Multi-Family,ServicerD,2019
LN0005833,2021-04,183000,4.375,360,740-779,71-80,<=28,ID,Purchase,Primary,Condo,ServicerE,2021
LN0005834,2021-12,156000,3.625,360,700-739,71-80,29-36,MT,Purchase,Primary,Co-op,ServicerD,2021
LN0005835,2018-12,406000,6.25,360,740-779,96-100,37-43,KS,Refinance,Primary,Condo,ServicerB,2018
LN0005836,2022-10,254000,2.25,180,700-739,61-70,44-50,ID,Cash-Out Refinance,Primary,Condo,ServicerE,2022
LN0005837,2019-04,149000,3.25,180,780+,81-90,>50,,Refinance,Primary,Single Family,ServicerB,2019
LN0005838,2022-11,93000,5.24,360,700-739,61-70,37-43,ID,Other,Primary,Co-op,ServicerC,2022
LN0005839,2019-04,83000,8.89,240,740-779,>100,44-50,NH,Refinance,Primary,Multi-Family,ServicerE,2019
LN0005840,2018-03,156000,2.5,360,740-779,96-100,37-43,MT,Cash-Out Refinance,Primary,PUD,ServicerA,2018
LN0005841,2021-01,40000,4.0,360,700-739,<=60,>50,ID,Purchase,Primary,Single Family,ServicerD,2021
LN0005842,2020-04,225000,4.99,360,620-659,61-70,44-50,DE,Purchase,Primary,Single Family,ServicerA,2020
LN0005843,2019-07,200000,2.375,360,620-659,96-100,44-50,ID,Refinance,Primary,Multi-Family,ServicerE,2019
LN0005844,2018-10,102000,6.375,360,<620,61-70,,NE,Purchase,Primary,PUD,ServicerB,2018
LN0005845,2019-02,113000,4.99,360,780+,61-70,29-36,SD,Purchase,Primary,Co-op,ServicerA,2019
LN0005846,2018-07,207000,2.75,360,660-699,81-90,29-36,WV,Other,Primary,Condo,ServicerC,2018
LN0005847,2021-09,119000,4.55,360,660-699,71-80,29-36,NM,Purchase,Primary,Co-op,ServicerB,2021
LN0005848,2020-12,364000,5.0,360,740-779,,44-50,NH,Cash-Out Refinance,Primary,Co-op,ServicerE,2020
LN0005849,2019-04,197000,3.99,360,660-699,61-70,29-36,KS,Refinance,Primary,Condo,ServicerB,2019
LN0005850,2020-07,76000,3.49,360,700-739,<=60,44-50,NV,Cash-Out Refinance,Investment,Co-op,ServicerE,2020
LN0005851,2021-01,154000,6.875,360,620-659,81-90,29-36,NE,Refinance,Primary,Multi-Family,ServicerB,2021
LN0005852,2022-07,58000,5.75,360,780+,81-90,44-50,NM,Purchase,Primary,PUD,ServicerB,2022
LN0005853,2018-05,95000,7.0,360,780+,61-70,37-43,ND,Purchase,Primary,Multi-Family,ServicerB,2018
LN0005854,2018-05,92000,6.0,180,780+,61-70,>50,NH,Refinance,Primary,PUD,ServicerB,2018
LN0005855,2020-05,502000,3.75,360,700-739,71-80,37-43,AK,Refinance,Primary,Single Family,ServicerB,2020
LN0005856,2020-12,160000,3.0,360,740-779,<=60,44-50,ID,Purchase,Primary,Single Family,ServicerE,2020
LN0005857,2021-04,84000,5.625,360,620-659,81-90,37-43,SD,Cash-Out Refinance,Primary,Condo,ServicerD,2021
LN0005858,2020-01,237000,3.5,360,<620,71-80,37-43,NM,Purchase,Primary,Co-op,ServicerD,2020
LN0005859,2019-01,55000,6.375,360,,<=60,29-36,WV,Purchase,Primary,Condo,ServicerE,2019
LN0005860,2018-01,51000,4.125,360,700-739,71-80,44-50,WV,Purchase,Primary,Condo,ServicerE,2018
LN0005861,2020-04,130000,5.75,360,700-739,71-80,44-50,NE,Refinance,Primary,Single Family,ServicerE,2020
LN0005862,2020-08,147000,2.5,360,700-739,,29-36,NH,Refinance,Primary,Single Family,ServicerE,2020
LN0005863,2020-10,251000,4.75,360,<620,71-80,37-43,DE,Purchase,Secondary,Condo,ServicerD,2020
LN0005864,2018-07,135000,7.25,360,700-739,<=60,44-50,ID,Purchase,Primary,Condo,ServicerA,2018
LN0005865,2019-05,77000,2.25,360,740-779,61-70,37-43,KS,Purchase,Primary,Multi-Family,ServicerD,2019
LN0005866,2021-06,154000,8.5,360,700-739,61-70,29-36,AK,Purchase,Primary,Single Family,ServicerD,2021
LN0005867,2020-05,153000,9.0,120,740-779,61-70,37-43,NE,Purchase,Primary,Co-op,ServicerE,2020
LN0005868,2018-02,305000,3.375,360,660-699,<=60,37-43,,Purchase,Primary,Multi-Family,ServicerA,2018
LN0005869,2018-11,236000,2.25,360,740-779,71-80,44-50,HI,Refinance,Primary,Single Family,ServicerB,2018
LN0005870,2022-03,177000,7.125,180,700-739,<=60,<=28,NH,Refinance,Primary,Condo,ServicerB,2022
LN0005871,2020-06,79000,2.75,360,660-699,91-95,37-43,NH,Purchase,Primary,Single Family,ServicerB,2020
LN0005872,2020-12,187000,3.5,360,660-699,<=60,37-43,SD,Cash-Out Refinance,Primary,Single Family,ServicerB,2020
LN0005873,2022-09,225000,2.625,360,740-779,71-80,29-36,VT,Purchase,Primary,Multi-Family,ServicerB,2022
LN0005874,2022-06,226000,3.125,360,780+,61-70,<=28,KS,Refinance,Investment,Co-op,ServicerE,2022
LN0005875,2019-11,62000,3.25,360,700-739,71-80,44-50,SD,Purchase,Primary,Co-op,ServicerD,2019
LN0005876,2020-04,70000,5.99,360,660-699,71-80,>50,NE,Purchase,Primary,Co-op,ServicerA,2020
LN0005877,2022-07,186000,9.74,360,780+,<=60,37-43,ID,Other,Primary,Co-op,ServicerE,2022
LN0005878,2018-02,75000,4.25,360,,91-95,44-50,NH,Purchase,Primary,Single Family,ServicerD,2018
LN0005879,2019-11,107000,9.29,360,700-739,<=60,44-50,ID,Refinance,Primary,Multi-Family,ServicerB,2019
LN0005880,2022-02,214000,3.25,360,700-739,71-80,37-43,ID,Purchase,Investment,PUD,ServicerE,2022
LN0005881,2018-10,147000,3.625,360,660-699,91-95,37-43,,Refinance,Primary,Co-op,ServicerE,2018
LN0005882,2019-04,246000,2.625,240,740-779,<=60,37-43,SD,Purchase,Primary,Co-op,ServicerC,2019
LN0005883,2021-02,124000,4.375,360,660-699,61-70,29-36,WV,Refinance,Primary,Multi-Family,ServicerB,2021
LN0005884,2018-09,163000,4.375,360,780+,61-70,44-50,NE,Purchase,Primary,Co-op,ServicerC,2018
LN0005885,2022-06,110000,4.375,180,700-739,<=60,29-36,,Purchase,Primary,Multi-Family,ServicerC,2022
LN0005886,2020-12,58000,4.5,360,700-739,81-90,29-36,NM,Purchase,Primary,Condo,ServicerB,2020
LN0005887,2021-04,119000,3.99,360,700-739,91-95,44-50,DE,Cash-Out Refinance,Primary,Condo,ServicerE,2021
LN0005888,2022-12,89000,4.49,360,780+,71-80,44-50,NH,Cash-Out Refinance,Primary,Multi-Family,ServicerB,2022
LN0005889,2019-01,153000,3.125,240,740-779,<=60,>50,AK,Refinance,Primary,Single Family,ServicerC,2019
LN0005890,2019-04,70000,14.99,120,700-739,61-70,,VT,Refinance,Secondary,Multi-Family,ServicerE,2019
LN0005891,2021-09,72000,3.125,360,740-779,71-80,37-43,HI,Refinance,Secondary,Co-op,ServicerE,2021
LN0005892,2020-09,160000,2.99,360,700-739,<=60,37-43,NV,Purchase,Primary,Co-op,ServicerB,2020
LN0005893,2020-06,211000,2.625,360,700-739,71-80,44-50,MT,Purchase,Primary,Single Family,ServicerC,2020
LN0005894,2021-11,40000,6.999,360,620-659,<=60,44-50,NE,Refinance,Primary,Single Family,ServicerA,2021
LN0005895,2018-07,154000,2.5,360,700-739,,>50,NE,Refinance,Investment,Co-op,ServicerB,2018
LN0005896,2018-08,214000,2.25,120,660-699,<=60,37-43,ID,Refinance,Primary,Co-op,ServicerE,2018
LN0005897,2021-09,154000,2.75,240,780+,71-80,29-36,ID,Purchase,Primary,PUD,ServicerA,2021
LN0005898,2022-01,207000,2.25,360,660-699,<=60,29-36,HI,Refinance,Primary,Condo,ServicerB,2022
LN0005899,2019-10,135000,3.25,360,780+,61-70,37-43,ID,Cash-Out Refinance,Primary,PUD,ServicerC,2019
LN0005900,2020-12,347000,3.125,360,700-739,71-80,37-43,ID,Purchase,Primary,Co-op,ServicerB,2020
LN0005901,2019-05,61000,2.99,360,740-779,61-70,44-50,NE,Purchase,Primary,PUD,ServicerA,2019
LN0005902,2018-10,141000,6.15,360,700-739,<=60,44-50,ID,Purchase,Primary,Co-op,ServicerC,2018
LN0005903,2018-12,218000,7.49,180,620-659,81-90,44-50,DE,Purchase,Primary,Co-op,ServicerB,2018
LN0005904,2019-12,102000,4.75,360,660-699,,,AK,Purchase,Primary,Co-op,ServicerB,2019
LN0005905,2021-08,382000,3.25,360,620-659,<=60,>50,WY,Purchase,Primary,Single Family,ServicerE,2021
LN0005906,2022-09,72000,2.25,180,740-779,96-100,,NV,Purchase,Primary,Multi-Family,ServicerB,2022
LN0005907,2018-03,257000,2.5,360,700-739,71-80,,ND,Cash-Out Refinance,Primary,Multi-Family,ServicerA,2018
LN0005908,2021-09,143000,2.875,360,740-779,81-90,37-43,RI,Purchase,Primary,Single Family,ServicerE,2021
LN0005909,2021-09,108000,3.875,360,660-699,91-95,37-43,MT,Cash-Out Refinance,Primary,PUD,ServicerC,2021
LN0005910,2021-07,75000,2.875,360,620-659,81-90,>50,ND,Other,Primary,PUD,ServicerA,2021
LN0005911,2022-05,206000,3.25,360,700-739,71-80,29-36,MS,Purchase,Primary,Condo,ServicerA,2022
LN0005912,2019-03,92000,3.125,180,780+,71-80,>50,,Cash-Out Refinance,Primary,Condo,ServicerE,2019
LN0005913,2018-03,215000,2.99,360,740-779,71-80,37-43,NH,Refinance,Primary,Multi-Family,ServicerD,2018
LN0005914,2022-04,118000,2.5,180,700-739,<=60,37-43,NM,Cash-Out Refinance,Primary,Condo,ServicerA,2022
LN0005915,2022-12,118000,2.875,360,700-739,91-95,44-50,WV,Purchase,Primary,PUD,ServicerA,2022
LN0005916,2018-09,187000,5.34,360,620-659,71-80,44-50,HI,Refinance,Primary,Single Family,ServicerB,2018
LN0005917,2021-09,146000,2.5,360,780+,71-80,>50,ID,Purchase,Primary,Single Family,ServicerC,2021
LN0005918,2022-05,209000,6.125,360,740-779,61-70,44-50,ID,Cash-Out Refinance,Primary,Co-op,ServicerA,2022
LN0005919,2020-04,217000,3.375,360,660-699,91-95,37-43,NE,Cash-Out Refinance,Primary,Condo,ServicerA,2020
LN0005920,2020-12,251000,5.25,360,700-739,81-90,37-43,ID,Cash-Out Refinance,Primary,Condo,ServicerE,2020
LN0005921,2020-09,31000,4.0,360,620-659,<=60,44-50,DE,Purchase,Investment,PUD,ServicerD,2020
LN0005922,2018-03,189000,6.125,360,780+,96-100,37-43,NM,Refinance,Primary,PUD,ServicerA,2018
LN0005923,2019-01,268000,2.125,360,620-659,<=60,44-50,AK,Refinance,Investment,Multi-Family,ServicerE,2019
LN0005924,2022-04,186000,6.5,120,740-779,71-80,37-43,NM,Other,Primary,PUD,ServicerA,2022
LN0005925,2020-01,106000,6.625,360,,<=60,>50,HI,Refinance,Primary,Single Family,ServicerB,2020
LN0005926,2019-05,254000,8.375,240,740-779,81-90,44-50,WV,Purchase,Primary,PUD,ServicerC,2019
LN0005927,2019-05,240000,2.99,360,740-779,<=60,,ID,Purchase,Primary,Single Family,ServicerB,2019
LN0005928,2018-11,222000,3.25,180,740-779,61-70,37-43,,Refinance,Primary,Condo,ServicerC,2018
LN0005929,2019-04,108000,5.5,360,740-779,61-70,44-50,ND,Refinance,Investment,Co-op,ServicerD,2019
LN0005930,2022-02,146000,6.75,360,780+,<=60,37-43,MT,Cash-Out Refinance,Primary,Single Family,ServicerD,2022
LN0005931,2018-11,135000,4.99,360,<620,91-95,29-36,NV,Refinance,Primary,Multi-Family,ServicerB,2018
LN0005932,2020-11,137000,6.125,180,660-699,>100,37-43,KS,Cash-Out Refinance,Primary,Co-op,ServicerA,2020
LN0005933,2022-06,151000,8.4,360,660-699,61-70,44-50,NE,Purchase,Primary,Co-op,ServicerA,2022
LN0005934,2020-02,163000,8.25,180,,<=60,29-36,MT,Purchase,Investment,PUD,ServicerC,2020
LN0005935,2022-05,270000,3.25,360,700-739,96-100,37-43,DE,Refinance,Primary,PUD,ServicerA,2022
LN0005936,2019-07,205000,2.25,360,740-779,91-95,37-43,NM,Purchase,Primary,PUD,ServicerA,2019
LN0005937,2022-05,115000,3.25,360,740-779,71-80,29-36,ID,Purchase,Primary,Multi-Family,ServicerA,2022
LN0005938,2020-01,204000,2.625,360,660-699,71-80,>50,NE,Purchase,Primary,Single Family,ServicerA,2020
LN0005939,2018-06,321000,6.75,360,660-699,71-80,>50,HI,Purchase,Investment,Multi-Family,ServicerE,2018
LN0005940,2019-12,96000,3.25,360,660-699,61-70,44-50,NH,Purchase,Primary,Co-op,ServicerC,2019
LN0005941,2020-03,146000,6.25,360,700-739,81-90,37-43,NH,Purchase,Investment,PUD,ServicerB,2020
LN0005942,2020-01,98000,6.5,360,660-699,91-95,44-50,MT,Cash-Out Refinance,Primary,Condo,ServicerA,2020
LN0005943,2022-11,147000,2.75,180,<620,96-100,<=28,MS,Other,Primary,Multi-Family,ServicerB,2022
LN0005944,2022-02,314000,2.5,360,780+,71-80,37-43,NE,Refinance,Primary,Condo,ServicerD,2022
LN0005945,2021-11,117000,5.5,360,780+,71-80,>50,KS,Cash-Out Refinance,Primary,PUD,ServicerE,2021
LN0005946,2020-11,235000,3.75,120,660-699,71-80,37-43,ND,Refinance,Primary,Co-op,ServicerD,2020
LN0005947,2022-09,284000,3.0,360,660-699,71-80,37-43,KS,Refinance,Primary,Single Family,ServicerE,2022
LN0005948,2019-08,148000,3.125,360,<620,81-90,37-43,NH,Refinance,Primary,PUD,ServicerD,2019
LN0005949,2019-06,114000,2.875,360,740-779,61-70,44-50,NV,Cash-Out Refinance,Primary,Multi-Family,ServicerE,2019
LN0005950,2020-04,232000,2.25,240,780+,96-100,44-50,NH,Purchase,Primary,Multi-Family,ServicerA,2020
LN0005951,2022-11,133000,6.5,360,620-659,61-70,37-43,ID,Purchase,Primary,PUD,ServicerE,2022
LN0005952,2021-03,307000,5.625,360,620-659,91-95,37-43,RI,Refinance,Primary,PUD,ServicerB,2021
LN0005953,2021-04,216000,3.625,360,740-779,61-70,<=28,MT,Purchase,Primary,PUD,ServicerB,2021
LN0005954,2021-06,158000,2.75,360,740-779,<=60,<=28,DE,Cash-Out Refinance,Primary,Condo,ServicerD,2021
LN0005955,2019-08,111000,3.25,180,<620,71-80,44-50,HI,Refinance,Primary,Single Family,ServicerC,2019
LN0005956,2018-08,177000,3.125,360,740-779,81-90,,HI,Other,Primary,Multi-Family,ServicerB,2018
LN0005957,2019-08,273000,7.25,360,660-699,<=60,37-43,WV,Purchase,Primary,Multi-Family,ServicerD,2019
LN0005958,2019-03,218000,3.375,360,660-699,71-80,29-36,KS,Purchase,Primary,Multi-Family,ServicerC,2019
LN0005959,2019-10,66000,3.0,180,740-779,91-95,44-50,NV,Purchase,Primary,Condo,ServicerB,2019
LN0005960,2021-12,198000,4.85,360,740-779,61-70,29-36,NE,Cash-Out Refinance,Primary,PUD,ServicerE,2021
LN0005961,2019-11,110000,4.75,360,700-739,<=60,44-50,NE,Refinance,Primary,Condo,ServicerA,2019
LN0005962,2020-01,148000,3.875,120,780+,61-70,37-43,RI,Refinance,Primary,Co-op,ServicerD,2020
LN0005963,2020-03,80000,6.99,360,700-739,91-95,<=28,MT,Refinance,Primary,Single Family,ServicerB,2020
LN0005964,2019-07,87000,2.75,360,740-779,>100,44-50,AK,Purchase,Primary,Single Family,ServicerE,2019
LN0005965,2022-04,526000,4.0,360,700-739,<=60,37-43,ID,Other,Primary,Co-op,ServicerE,2022
LN0005966,2018-03,299000,4.5,360,780+,71-80,37-43,NH,Other,Primary,Multi-Family,ServicerD,2018
LN0005967,2018-07,137000,4.49,360,780+,91-95,44-50,ID,Purchase,Primary,PUD,ServicerA,2018
LN0005968,2019-08,217000,6.75,360,620-659,96-100,>50,AK,Refinance,Primary,Condo,ServicerC,2019
LN0005969,2021-02,107000,3.0,360,780+,96-100,29-36,NV,Purchase,Primary,Single Family,ServicerE,2021
LN0005970,2022-03,154000,3.75,360,780+,96-100,44-50,NE,Purchase,Primary,Condo,ServicerC,2022
LN0005971,2018-10,87000,2.699,180,740-779,<=60,,ND,Purchase,Primary,Single Family,ServicerA,2018
LN0005972,2018-07,129000,6.625,360,,96-100,37-43,ID,Purchase,Primary,Single Family,ServicerE,2018
LN0005973,2021-01,276000,3.125,360,740-779,71-80,37-43,ID,Purchase,Primary,PUD,ServicerA,2021
LN0005974,2018-01,137000,2.25,360,780+,91-95,29-36,RI,Other,Primary,Condo,ServicerB,2018
LN0005975,2018-03,96000,5.875,360,660-699,71-80,37-43,ID,Cash-Out Refinance,Primary,Co-op,ServicerD,2018
LN0005976,2019-02,143000,4.75,360,780+,81-90,44-50,ID,Purchase,Investment,Single Family,ServicerB,2019
LN0005977,2020-03,155000,4.5,360,<620,<=60,<=28,MS,Refinance,Primary,Co-op,ServicerD,2020
LN0005978,2022-01,240000,3.875,360,620-659,<=60,>50,WY,Purchase,Primary,Co-op,ServicerD,2022
LN0005979,2018-02,626000,3.25,360,700-739,81-90,44-50,ID,Other,Primary,Co-op,ServicerD,2018
LN0005980,2022-12,96000,2.49,360,700-739,71-80,44-50,NM,Refinance,Primary,PUD,ServicerC,2022
LN0005981,2020-12,263000,2.75,360,740-779,71-80,<=28,WV,Purchase,Primary,Co-op,ServicerE,2020
LN0005982,2018-04,132000,2.625,180,<620,96-100,37-43,RI,Refinance,Primary,PUD,ServicerB,2018
LN0005983,2019-08,181000,5.998,360,780+,71-80,44-50,SD,Refinance,Primary,PUD,ServicerE,2019
LN0005984,2022-08,110000,3.839,180,<620,<=60,>50,NE,Refinance,Primary,PUD,ServicerB,2022
LN0005985,2019-05,214000,2.5,360,620-659,<=60,44-50,NE,Cash-Out Refinance,Primary,Condo,ServicerE,2019
LN0005986,2020-08,177000,4.5,360,<620,>100,44-50,DE,Refinance,Primary,Multi-Family,ServicerA,2020
LN0005987,2019-04,78000,7.0,360,700-739,<=60,44-50,ID,Purchase,Investment,Condo,ServicerA,2019
LN0005988,2018-09,114000,3.25,360,780+,<=60,37-43,SD,Purchase,Primary,PUD,ServicerC,2018
LN0005989,2020-11,178000,6.99,360,740-779,<=60,37-43,ND,Purchase,Primary,Co-op,ServicerA,2020
LN0005990,2022-02,244000,5.875,120,780+,71-80,37-43,ID,Refinance,Primary,Single Family,ServicerA,2022
LN0005991,2018-01,57000,3.625,240,<620,<=60,44-50,DE,Purchase,Primary,Condo,ServicerE,2018
LN0005992,2018-09,283000,7.5,360,700-739,81-90,<=28,RI,Refinance,Primary,Multi-Family,ServicerC,2018
LN0005993,2020-02,263000,3.625,240,700-739,>100,44-50,WV,Purchase,Primary,Condo,ServicerC,2020
LN0005994,2022-07,83000,2.5,360,700-739,61-70,37-43,NV,Refinance,Primary,PUD,ServicerB,2022
LN0005995,2019-01,74000,8.0,240,<620,71-80,<=28,WY,Refinance,Primary,Co-op,ServicerB,2019
LN0005996,2019-01,295000,4.125,360,,96-100,44-50,KS,Refinance,Primary,Condo,ServicerD,2019
LN0005997,2019-07,138000,5.15,180,700-739,81-90,29-36,NE,Refinance,Primary,PUD,ServicerB,2019
LN0005998,2021-03,174000,2.75,240,740-779,<=60,29-36,NE,Refinance,Primary,Single Family,ServicerD,2021
LN0005999,2020-11,254000,7.99,360,700-739,91-95,>50,RI,Purchase,Primary,Condo,ServicerB,2020
LN0006000,2020-04,265000,7.75,360,620-659,91-95,<=28,NH,Refinance,Primary,Multi-Family,ServicerC,2020
LN0006001,2021-11,145000,6.25,360,,71-80,37-43,WV,Refinance,Primary,Co-op,ServicerA,2021
LN0006002,2018-08,92000,4.125,360,,81-90,44-50,ID,Purchase,Primary,Condo,ServicerE,2018
LN0006003,2019-02,158000,2.5,360,780+,91-95,,NE,Refinance,Primary,Single Family,ServicerC,2019
LN0006004,2019-02,221000,3.625,180,,71-80,37-43,,Refinance,Primary,Co-op,ServicerA,2019
LN0006005,2020-06,337000,4.99,360,620-659,96-100,29-36,NE,Refinance,Primary,Co-op,ServicerD,2020
LN0006006,2018-10,198000,5.99,360,780+,71-80,37-43,MT,Purchase,Secondary,Co-op,ServicerC,2018
LN0006007,2020-02,211000,3.5,360,700-739,,37-43,ID,Purchase,Primary,Condo,ServicerC,2020
LN0006008,2020-02,93000,2.25,180,<620,71-80,37-43,WY,Refinance,Primary,PUD,ServicerD,2020
LN0006009,2018-10,98000,3.5,360,740-779,,37-43,WV,Purchase,Primary,Co-op,ServicerB,2018
LN0006010,2019-03,161000,3.0,360,660-699,71-80,<=28,ND,Refinance,Primary,PUD,ServicerB,2019
LN0006011,2021-09,499000,2.75,360,740-779,71-80,44-50,SD,Cash-Out Refinance,Primary,PUD,ServicerB,2021
LN0006012,2020-10,95000,4.25,360,740-779,71-80,<=28,NE,Refinance,Primary,Condo,ServicerE,2020
LN0006013,2019-11,196000,2.25,360,780+,71-80,37-43,NE,Refinance,Primary,Single Family,ServicerB,2019
LN0006014,2021-03,217000,3.25,360,700-739,71-80,44-50,NV,Purchase,Primary,Condo,ServicerA,2021
LN0006015,2020-10,194000,4.875,360,700-739,96-100,44-50,NE,Purchase,Primary,Condo,ServicerB,2020
LN0006016,2020-06,129000,4.875,120,740-779,<=60,29-36,AK,Purchase,Primary,PUD,ServicerD,2020
LN0006017,2018-05,234000,2.5,360,620-659,91-95,>50,AK,Purchase,Primary,Condo,ServicerD,2018
LN0006018,2021-11,307000,5.125,360,700-739,91-95,37-43,HI,Other,Primary,Multi-Family,ServicerE,2021
LN0006019,2020-05,178000,8.99,360,700-739,<=60,37-43,NV,Purchase,Primary,Single Family,ServicerB,2020
LN0006020,2018-01,367000,5.75,360,620-659,96-100,37-43,ID,Other,Investment,PUD,ServicerB,2018
LN0006021,2019-11,393000,5.75,360,700-739,91-95,29-36,MT,Refinance,Secondary,Multi-Family,ServicerD,2019
LN0006022,2019-06,126000,5.625,360,780+,<=60,<=28,ID,Purchase,Primary,PUD,ServicerC,2019
LN0006023,2019-07,141000,4.5,360,780+,,44-50,NE,Refinance,Primary,Co-op,ServicerE,2019
LN0006024,2021-12,77000,2.625,360,620-659,<=60,>50,NE,Purchase,Primary,Single Family,ServicerC,2021
LN0006025,2021-02,186000,5.375,360,620-659,<=60,<=28,,Refinance,Primary,Co-op,ServicerD,2021
LN0006026,2018-10,353000,2.5,360,660-699,71-80,37-43,NM,Purchase,Primary,Condo,ServicerD,2018
LN0006027,2021-12,166000,6.25,120,780+,<=60,37-43,NE,Purchase,Primary,PUD,ServicerB,2021
LN0006028,2020-03,253000,3.25,360,620-659,91-95,44-50,AK,Refinance,Primary,Single Family,ServicerC,2020
LN0006029,2018-06,117000,4.75,360,740-779,<=60,44-50,NH,Purchase,Primary,Co-op,ServicerB,2018
LN0006030,2019-03,436000,5.75,360,620-659,91-95,37-43,NM,Refinance,Primary,Multi-Family,ServicerA,2019
LN0006031,2021-06,102000,3.25,360,740-779,61-70,37-43,NE,Purchase,Primary,Single Family,ServicerA,2021
LN0006032,2020-08,221000,2.75,240,660-699,71-80,44-50,NE,Refinance,Primary,Co-op,ServicerB,2020
LN0006033,2021-08,105000,4.125,360,740-779,61-70,,NM,Purchase,Primary,PUD,ServicerE,2021
LN0006034,2021-10,255000,2.25,120,660-699,91-95,44-50,ID,Refinance,Primary,Multi-Family,ServicerC,2021
LN0006035,2020-03,306000,8.5,180,740-779,71-80,44-50,ID,Purchase,Primary,Condo,ServicerA,2020
LN0006036,2019-07,290000,4.25,180,660-699,61-70,37-43,ID,Refinance,Primary,Multi-Family,ServicerA,2019
LN0006037,2021-09,227000,7.0,360,740-779,91-95,37-43,WV,Purchase,Primary,Condo,ServicerC,2021
LN0006038,2021-09,84000,6.0,360,780+,71-80,37-43,KS,Refinance,Investment,Condo,ServicerA,2021
LN0006039,2022-08,172000,3.375,180,620-659,71-80,29-36,NE,Cash-Out Refinance,Primary,Multi-Family,ServicerA,2022
LN0006040,2022-09,163000,6.5,360,780+,96-100,<=28,NE,Cash-Out Refinance,Primary,Single Family,ServicerC,2022
LN0006041,2019-07,308000,3.5,360,700-739,96-100,44-50,DE,Purchase,Primary,Co-op,ServicerD,2019
LN0006042,2018-10,265000,6.125,360,620-659,<=60,44-50,,Cash-Out Refinance,Primary,Multi-Family,ServicerE,2018
LN0006043,2021-09,203000,2.75,360,700-739,81-90,29-36,VT,Purchase,Primary,Condo,ServicerE,2021
LN0006044,2022-12,90000,6.875,360,620-659,71-80,44-50,DE,Cash-Out Refinance,Primary,Multi-Family,ServicerE,2022
LN0006045,2019-12,552000,3.5,360,740-779,91-95,37-43,SD,Cash-Out Refinance,Primary,Co-op,ServicerC,2019
LN0006046,2018-04,147000,2.375,360,740-779,71-80,44-50,AK,Purchase,Investment,Single Family,ServicerE,2018
LN0006047,2020-01,359000,4.25,240,620-659,<=60,44-50,ID,Purchase,Primary,Condo,ServicerD,2020
LN0006048,2019-01,229000,6.25,360,700-739,61-70,37-43,WV,Purchase,Primary,PUD,ServicerA,2019
LN0006049,2020-09,265000,3.625,360,740-779,61-70,44-50,NH,Cash-Out Refinance,Primary,Multi-Family,ServicerC,2020
LN0006050,2021-03,188000,6.5,360,780+,<=60,37-43,NH,Refinance,Primary,Condo,ServicerA,2021
LN0006051,2018-01,122000,10.5,240,700-739,,29-36,ID,Cash-Out Refinance,Primary,Single Family,ServicerE,2018
LN0006052,2020-06,115000,7.75,360,780+,71-80,37-43,MT,Other,Primary,Condo,ServicerD,2020
LN0006053,2019-05,324000,4.5,120,700-739,<=60,37-43,NV,Purchase,Primary,PUD,ServicerE,2019
LN0006054,2021-03,133000,5.125,360,700-739,91-95,29-36,ID,Refinance,Primary,PUD,ServicerB,2021
LN0006055,2022-07,135000,5.375,180,780+,96-100,29-36,NH,Cash-Out Refinance,Primary,PUD,ServicerD,2022
LN0006056,2019-04,116000,4.275,360,700-739,61-70,<=28,VT,Purchase,Primary,Single Family,ServicerC,2019
LN0006057,2019-01,171000,5.5,240,700-739,71-80,44-50,KS,Other,Primary,Condo,ServicerB,2019
LN0006058,2019-02,490000,2.625,240,700-739,<=60,<=28,NH,Purchase,Secondary,PUD,ServicerA,2019
LN0006059,2019-07,191000,4.0,360,780+,96-100,37-43,WY,Cash-Out Refinance,Primary,Condo,ServicerB,2019
LN0006060,2018-12,235000,4.0,360,,81-90,29-36,MT,Purchase,Investment,Condo,ServicerC,2018
LN0006061,2021-06,97000,6.125,360,700-739,96-100,44-50,VT,Purchase,Primary,Condo,ServicerD,2021
LN0006062,2018-12,125000,6.625,360,660-699,71-80,29-36,ID,Purchase,Primary,PUD,ServicerE,2018
LN0006063,2018-11,119000,6.25,360,700-739,96-100,37-43,RI,Refinance,Primary,Co-op,ServicerD,2018
LN0006064,2022-02,224000,4.625,360,700-739,61-70,44-50,MT,Purchase,Primary,PUD,ServicerC,2022
LN0006065,2021-10,459000,3.125,360,660-699,81-90,37-43,DE,Refinance,Primary,Condo,ServicerE,2021
LN0006066,2019-01,132000,3.125,360,740-779,71-80,44-50,KS,Purchase,Primary,PUD,ServicerB,2019
LN0006067,2019-06,170000,3.625,360,700-739,81-90,37-43,NE,Refinance,Primary,Multi-Family,ServicerD,2019
LN0006068,2019-02,144000,3.375,360,660-699,71-80,37-43,AK,Purchase,Primary,Co-op,ServicerA,2019
LN0006069,2019-02,181000,3.5,240,620-659,96-100,<=28,ID,Purchase,Primary,Condo,ServicerC,2019
LN0006070,2018-10,196000,3.5,360,660-699,96-100,44-50,WY,Purchase,Primary,PUD,ServicerE,2018
LN0006071,2021-03,282000,5.25,180,780+,71-80,<=28,,Cash-Out Refinance,Primary,PUD,ServicerD,2021
LN0006072,2019-08,146000,2.75,360,660-699,71-80,29-36,NM,Purchase,Primary,PUD,ServicerE,2019
LN0006073,2019-12,322000,3.25,120,620-659,61-70,37-43,WY,Refinance,Primary,Single Family,ServicerB,2019
LN0006074,2022-12,166000,7.875,360,700-739,96-100,37-43,NE,Refinance,Primary,Condo,ServicerE,2022
LN0006075,2020-08,111000,6.25,360,660-699,96-100,>50,NE,Purchase,Primary,PUD,ServicerA,2020
LN0006076,2021-12,117000,4.37,120,<620,71-80,37-43,HI,Purchase,Primary,Condo,ServicerA,2021
LN0006077,2020-08,161000,5.125,360,660-699,<=60,37-43,ID,Refinance,Primary,Multi-Family,ServicerC,2020
LN0006078,2018-05,216000,3.0,360,700-739,61-70,44-50,ID,Other,Primary,Co-op,ServicerE,2018
LN0006079,2018-03,204000,3.5,360,700-739,61-70,37-43,KS,Purchase,Primary,PUD,ServicerD,2018
LN0006080,2018-11,158000,2.875,240,660-699,71-80,>50,,Purchase,Investment,Co-op,ServicerB,2018
LN0006081,2018-10,141000,3.625,180,700-739,96-100,>50,NM,Purchase,Primary,Co-op,ServicerB,2018
LN0006082,2019-09,316000,3.25,360,780+,,44-50,NH,Refinance,Primary,Single Family,ServicerE,2019
LN0006083,2019-01,341000,4.0,360,660-699,,>50,VT,Purchase,Investment,PUD,ServicerC,2019
LN0006084,2021-07,262000,6.625,360,660-699,71-80,44-50,KS,Cash-Out Refinance,Primary,Condo,ServicerA,2021
LN0006085,2021-09,149000,3.5,360,660-699,71-80,,,Purchase,Investment,PUD,ServicerC,2021
LN0006086,2020-10,418000,7.75,240,700-739,71-80,37-43,NE,Purchase,Primary,Co-op,ServicerD,2020
LN0006087,2022-05,166000,6.5,360,740-779,>100,37-43,NM,Purchase,Primary,Single Family,ServicerC,2022
LN0006088,2019-07,89000,4.239,240,660-699,<=60,,KS,Refinance,Primary,PUD,ServicerC,2019
LN0006089,2019-05,547000,3.75,360,740-779,<=60,37-43,WV,Refinance,Primary,Co-op,ServicerE,2019
LN0006090,2018-09,234000,5.45,180,<620,61-70,<=28,AK,Purchase,Primary,Condo,ServicerD,2018
LN0006091,2021-03,279000,6.5,360,700-739,96-100,37-43,ID,Purchase,Primary,Condo,ServicerB,2021
LN0006092,2019-07,168000,2.375,240,740-779,71-80,>50,HI,Refinance,Primary,Multi-Family,ServicerA,2019
LN0006093,2022-01,173000,4.69,240,660-699,91-95,29-36,NE,Refinance,Primary,PUD,ServicerB,2022
LN0006094,2019-07,388000,4.5,360,700-739,<=60,<=28,KS,Refinance,Primary,PUD,ServicerE,2019
LN0006095,2019-12,280000,6.625,360,660-699,>100,,RI,Purchase,Primary,Co-op,ServicerC,2019
LN0006096,2022-10,84000,7.5,360,740-779,81-90,>50,MT,Refinance,Primary,Multi-Family,ServicerB,2022
LN0006097,2018-12,92000,4.5,360,<620,<=60,>50,NM,Purchase,Primary,Co-op,ServicerD,2018
LN0006098,2021-08,112000,2.75,180,780+,91-95,37-43,NV,Cash-Out Refinance,Primary,Co-op,ServicerC,2021
LN0006099,2020-11,284000,5.5,360,620-659,71-80,<=28,SD,Cash-Out Refinance,Investment,PUD,ServicerA,2020
LN0006100,2021-07,271000,6.25,360,780+,96-100,29-36,AK,Purchase,Primary,PUD,ServicerE,2021
LN0006101,2019-01,257000,3.75,360,660-699,71-80,>50,ND,Cash-Out Refinance,Primary,Co-op,ServicerA,2019
LN0006102,2020-11,194000,7.99,360,740-779,71-80,44-50,NM,Purchase,Primary,PUD,ServicerA,2020
LN0006103,2021-04,92000,5.99,360,660-699,71-80,37-43,NM,Cash-Out Refinance,Primary,Co-op,ServicerB,2021
LN0006104,2020-02,135000,7.875,360,,81-90,29-36,HI,Refinance,Primary,Multi-Family,ServicerC,2020
LN0006105,2018-02,423000,7.125,360,620-659,<=60,37-43,SD,Refinance,Primary,Single Family,ServicerB,2018
LN0006106,2020-10,296000,2.75,180,620-659,61-70,37-43,DE,Purchase,Primary,Single Family,ServicerD,2020
LN0006107,2020-01,70000,5.75,360,700-739,,44-50,SD,Purchase,Primary,PUD,ServicerC,2020
LN0006108,2019-05,180000,2.875,180,620-659,81-90,29-36,ID,Refinance,Primary,Multi-Family,ServicerC,2019
LN0006109,2019-09,145000,4.0,360,620-659,71-80,>50,NE,Refinance,Primary,Condo,ServicerE,2019
LN0006110,2018-02,418000,7.49,360,780+,96-100,44-50,ND,Cash-Out Refinance,Primary,Multi-Family,ServicerD,2018
LN0006111,2019-10,164000,5.478,360,780+,91-95,44-50,ID,Purchase,Secondary,Co-op,ServicerE,2019
LN0006112,2018-05,90000,2.625,360,660-699,91-95,37-43,SD,Purchase,Primary,Multi-Family,ServicerC,2018
LN0006113,2019-09,337000,5.45,180,780+,61-70,37-43,WY,Other,Primary,Multi-Family,ServicerA,2019
LN0006114,2019-11,371000,2.625,360,700-739,91-95,44-50,DE,Other,Primary,Multi-Family,ServicerA,2019
LN0006115,2018-04,97000,3.374,120,660-699,61-70,44-50,VT,Refinance,Primary,PUD,ServicerD,2018
LN0006116,2020-02,129000,2.99,360,740-779,96-100,37-43,VT,Purchase,Primary,Co-op,ServicerB,2020
LN0006117,2022-10,147000,3.375,360,740-779,<=60,44-50,ID,Refinance,Primary,Single Family,ServicerD,2022
LN0006118,2018-10,80000,4.625,360,780+,71-80,>50,MT,Cash-Out Refinance,Primary,PUD,ServicerD,2018
LN0006119,2021-01,385000,7.125,180,660-699,61-70,<=28,HI,Cash-Out Refinance,Primary,PUD,ServicerC,2021
LN0006120,2018-06,128000,6.0,360,740-779,61-70,37-43,HI,Purchase,Investment,Multi-Family,ServicerB,2018
LN0006121,2018-05,199000,3.875,360,<620,71-80,29-36,NE,Refinance,Primary,Condo,ServicerB,2018
LN0006122,2018-06,71000,6.875,360,620-659,71-80,44-50,,Purchase,Primary,Condo,ServicerD,2018
LN0006123,2020-07,233000,3.9,180,<620,91-95,37-43,ID,Other,Primary,Co-op,ServicerD,2020
LN0006124,2022-04,201000,2.875,360,780+,71-80,37-43,NH,Purchase,Primary,Single Family,ServicerA,2022
LN0006125,2020-07,111000,6.5,360,740-779,71-80,37-43,NM,Purchase,Primary,Co-op,ServicerB,2020
LN0006126,2020-03,300000,3.25,360,740-779,81-90,44-50,AK,Purchase,Primary,Single Family,ServicerA,2020
LN0006127,2018-06,115000,2.99,360,700-739,96-100,44-50,ND,Purchase,Primary,Condo,ServicerA,2018
LN0006128,2021-12,97000,6.75,360,660-699,81-90,<=28,NH,Refinance,Primary,Multi-Family,ServicerC,2021
LN0006129,2022-02,295000,2.99,360,620-659,61-70,44-50,HI,Refinance,Primary,Multi-Family,ServicerC,2022
LN0006130,2022-03,181000,2.99,360,660-699,71-80,37-43,ID,Refinance,Primary,Co-op,ServicerB,2022
LN0006131,2018-10,170000,2.25,360,660-699,61-70,44-50,,Purchase,Primary,Multi-Family,ServicerC,2018
LN0006132,2021-08,210000,6.74,360,740-779,61-70,29-36,RI,Purchase,Primary,Condo,ServicerA,2021
LN0006133,2022-01,420000,3.625,360,700-739,<=60,37-43,ID,Refinance,Primary,Multi-Family,ServicerB,2022
LN0006134,2020-03,329000,3.75,360,<620,96-100,37-43,NH,Purchase,Primary,Multi-Family,ServicerD,2020
LN0006135,2019-11,93000,6.99,360,<620,<=60,37-43,DE,Refinance,Primary,PUD,ServicerE,2019
LN0006136,2021-02,84000,4.375,360,620-659,96-100,44-50,VT,Purchase,Primary,Condo,ServicerE,2021
LN0006137,2018-12,281000,5.49,360,700-739,91-95,44-50,NM,Purchase,Primary,Co-op,ServicerE,2018
LN0006138,2019-04,75000,3.875,360,780+,71-80,<=28,NM,Purchase,Primary,Co-op,ServicerE,2019
LN0006139,2019-12,396000,2.4,360,740-779,96-100,<=28,AK,Refinance,Primary,Condo,ServicerB,2019
LN0006140,2019-09,209000,8.25,360,740-779,61-70,44-50,ID,Refinance,Primary,Multi-Family,ServicerE,2019
LN0006141,2022-12,267000,9.7,180,700-739,<=60,37-43,NE,Purchase,Primary,Co-op,ServicerE,2022
LN0006142,2022-11,50000,3.375,240,660-699,61-70,37-43,VT,Cash-Out Refinance,Primary,PUD,ServicerB,2022
LN0006143,2022-06,160000,3.25,360,620-659,71-80,29-36,SD,Refinance,Primary,Multi-Family,ServicerE,2022
LN0006144,2021-03,131000,4.99,360,780+,96-100,44-50,ID,Cash-Out Refinance,Primary,Condo,ServicerB,2021
LN0006145,2020-05,191000,3.0,360,740-779,<=60,29-36,NH,Refinance,Primary,Co-op,ServicerA,2020
LN0006146,2020-10,42000,2.875,360,620-659,71-80,>50,NM,Purchase,Primary,PUD,ServicerB,2020
LN0006147,2021-01,244000,4.75,360,700-739,<=60,37-43,VT,Cash-Out Refinance,Primary,PUD,ServicerA,2021
LN0006148,2021-04,192000,6.0,360,700-739,71-80,<=28,RI,Purchase,Primary,Condo,ServicerD,2021
LN0006149,2019-10,256000,2.99,360,740-779,91-95,<=28,NH,Purchase,Primary,Multi-Family,ServicerE,2019
LN0006150,2022-02,183000,2.5,180,780+,71-80,44-50,NH,Cash-Out Refinance,Primary,Co-op,ServicerD,2022
LN0006151,2019-10,252000,6.0,360,700-739,<=60,44-50,ID,Purchase,Primary,Single Family,ServicerC,2019
LN0006152,2021-02,77000,7.75,120,700-739,71-80,44-50,ID,Refinance,Primary,Co-op,ServicerA,2021
LN0006153,2018-03,307000,3.0,360,<620,<=60,44-50,NE,Purchase,Primary,Single Family,ServicerE,2018
LN0006154,2020-09,210000,3.5,180,<620,>100,>50,ND,Purchase,Primary,Single Family,ServicerD,2020
LN0006155,2018-08,138000,2.75,180,620-659,71-80,37-43,NH,Purchase,Primary,Condo,ServicerC,2018
LN0006156,2018-08,282000,7.0,360,<620,96-100,29-36,MS,Purchase,Investment,PUD,ServicerE,2018
LN0006157,2020-03,248000,3.125,180,740-779,96-100,37-43,NM,Purchase,Primary,Single Family,ServicerE,2020
LN0006158,2020-03,96000,3.875,360,740-779,<=60,37-43,NH,Purchase,Primary,Single Family,ServicerC,2020
LN0006159,2018-05,126000,3.25,180,620-659,71-80,37-43,VT,Purchase,Primary,Multi-Family,ServicerE,2018
LN0006160,2022-06,175000,6.49,180,780+,81-90,44-50,NM,Purchase,Primary,Condo,ServicerE,2022
LN0006161,2020-02,268000,3.25,360,620-659,71-80,44-50,WY,Purchase,Primary,Condo,ServicerC,2020
LN0006162,2018-03,171000,2.375,120,660-699,96-100,44-50,RI,Purchase,Primary,Single Family,ServicerA,2018
LN0006163,2021-05,56000,2.25,360,660-699,91-95,37-43,DE,Purchase,Primary,Condo,ServicerB,2021
LN0006164,2021-05,255000,5.99,360,660-699,61-70,37-43,WV,Refinance,Primary,PUD,ServicerA,2021
LN0006165,2021-11,145000,2.75,360,660-699,61-70,<=28,WY,Purchase,Primary,Single Family,ServicerE,2021
LN0006166,2019-02,169000,3.25,360,700-739,91-95,44-50,NH,Purchase,Primary,PUD,ServicerA,2019
LN0006167,2022-08,138000,6.375,360,700-739,96-100,44-50,ID,Cash-Out Refinance,Secondary,Condo,ServicerC,2022
LN0006168,2018-06,178000,2.375,360,780+,81-90,>50,ID,Purchase,Primary,PUD,ServicerC,2018
LN0006169,2020-07,153000,2.99,360,<620,81-90,44-50,NM,Purchase,Primary,Condo,ServicerB,2020
LN0006170,2021-10,238000,3.875,120,620-659,96-100,<=28,NE,Purchase,Investment,Single Family,ServicerE,2021
LN0006171,2019-08,56000,6.75,240,<620,71-80,37-43,DE,Purchase,Primary,Single Family,ServicerD,2019
LN0006172,2020-09,107000,2.99,180,740-779,71-80,29-36,VT,Purchase,Primary,Co-op,ServicerE,2020
LN0006173,2022-06,130000,3.125,360,<620,71-80,37-43,WV,Refinance,Primary,Multi-Family,ServicerB,2022
LN0006174,2020-02,125000,3.375,360,780+,81-90,>50,ID,Cash-Out Refinance,Primary,Co-op,ServicerD,2020
LN0006175,2021-09,82000,2.625,180,700-739,61-70,37-43,ID,Purchase,Primary,Condo,ServicerA,2021
LN0006176,2021-05,186000,4.875,360,700-739,<=60,44-50,AK,Purchase,Primary,PUD,ServicerD,2021
LN0006177,2018-10,206000,4.375,240,700-739,61-70,37-43,VT,Refinance,Primary,PUD,ServicerA,2018
LN0006178,2018-12,117000,2.75,360,620-659,91-95,37-43,DE,Purchase,Primary,Single Family,ServicerE,2018
LN0006179,2019-12,102000,4.0,120,620-659,<=60,44-50,DE,Purchase,Investment,Multi-Family,ServicerA,2019
LN0006180,2022-01,185000,3.5,360,660-699,61-70,37-43,NE,Cash-Out Refinance,Primary,Multi-Family,ServicerE,2022
LN0006181,2019-02,369000,6.99,360,700-739,91-95,<=28,NE,Refinance,Primary,Single Family,ServicerE,2019
LN0006182,2020-07,360000,7.875,360,660-699,>100,<=28,ID,Purchase,Primary,PUD,ServicerE,2020
LN0006183,2019-10,237000,6.0,360,620-659,71-80,29-36,ID,Cash-Out Refinance,Primary,PUD,ServicerB,2019
LN0006184,2021-02,196000,2.375,360,780+,61-70,>50,ID,Cash-Out Refinance,Primary,Condo,ServicerA,2021
LN0006185,2019-07,161000,3.0,180,<620,81-90,>50,HI,Cash-Out Refinance,Primary,Condo,ServicerB,2019
LN0006186,2021-11,508000,3.0,360,740-779,71-80,44-50,AK,Refinance,Primary,PUD,ServicerE,2021
LN0006187,2018-06,116000,7.5,360,740-779,71-80,37-43,AK,Purchase,Secondary,Single Family,ServicerA,2018
LN0006188,2021-08,83000,5.375,360,660-699,<=60,37-43,WY,Purchase,Investment,Co-op,ServicerE,2021
LN0006189,2022-08,105000,3.125,360,620-659,61-70,44-50,NM,Purchase,Primary,Co-op,ServicerC,2022
LN0006190,2018-02,110000,2.25,360,620-659,>100,<=28,AK,Purchase,Primary,PUD,ServicerB,2018
LN0006191,2019-12,96000,2.875,360,740-779,<=60,37-43,ND,Refinance,Primary,Co-op,ServicerC,2019
LN0006192,2018-07,326000,8.9,120,740-779,96-100,>50,VT,Refinance,Primary,Co-op,ServicerD,2018
LN0006193,2021-04,314000,3.875,360,740-779,<=60,37-43,MT,Purchase,Primary,Condo,ServicerA,2021
LN0006194,2021-06,70000,4.625,240,780+,96-100,44-50,,Purchase,Primary,PUD,ServicerC,2021
LN0006195,2018-06,250000,4.625,360,740-779,81-90,29-36,,Cash-Out Refinance,Primary,Condo,ServicerC,2018
LN0006196,2020-10,212000,4.125,360,620-659,61-70,,MS,Refinance,Investment,Co-op,ServicerE,2020
LN0006197,2021-04,445000,3.25,360,660-699,61-70,44-50,RI,Purchase,Primary,PUD,ServicerB,2021
LN0006198,2021-02,100000,5.625,360,780+,<=60,29-36,RI,Refinance,Primary,Single Family,ServicerB,2021
LN0006199,2020-08,186000,5.25,180,660-699,71-80,<=28,NM,Cash-Out Refinance,Investment,Single Family,ServicerA,2020
LN0006200,2018-09,122000,5.46,360,<620,>100,<=28,SD,Purchase,Primary,Multi-Family,ServicerC,2018
LN0006201,2019-08,123000,3.25,360,740-779,81-90,44-50,NE,Refinance,Primary,Single Family,ServicerD,2019
LN0006202,2019-11,272000,3.0,120,700-739,>100,37-43,WV,Purchase,Primary,Single Family,ServicerC,2019
LN0006203,2019-06,158000,5.49,360,780+,96-100,29-36,ID,Cash-Out Refinance,Primary,Co-op,ServicerB,2019
LN0006204,2022-01,376000,6.25,360,740-779,71-80,44-50,HI,Purchase,Primary,Single Family,ServicerB,2022
LN0006205,2022-07,182000,3.59,360,620-659,71-80,37-43,HI,Cash-Out Refinance,Investment,Condo,ServicerB,2022
LN0006206,2018-06,137000,2.5,180,780+,<=60,37-43,ID,Refinance,Primary,PUD,ServicerD,2018
LN0006207,2021-08,401000,3.5,360,660-699,91-95,37-43,MS,Cash-Out Refinance,Primary,Single Family,ServicerB,2021
LN0006208,2019-01,180000,2.625,360,660-699,96-100,37-43,DE,Purchase,Secondary,Single Family,ServicerC,2019
LN0006209,2019-01,186000,3.875,180,700-739,<=60,44-50,,Other,Primary,PUD,ServicerA,2019
LN0006210,2021-05,99000,3.375,360,<620,61-70,29-36,ND,Refinance,Primary,Condo,ServicerC,2021
LN0006211,2020-11,29000,2.75,360,700-739,96-100,29-36,NH,Refinance,Primary,Condo,ServicerA,2020
LN0006212,2019-02,134000,6.125,120,620-659,61-70,>50,MT,Refinance,Primary,Single Family,ServicerC,2019
LN0006213,2019-02,97000,3.44,360,700-739,<=60,44-50,NM,Refinance,Primary,Condo,ServicerD,2019
LN0006214,2020-07,356000,3.875,360,660-699,,>50,DE,Purchase,Primary,Co-op,ServicerC,2020
LN0006215,2018-05,218000,3.625,360,740-779,71-80,37-43,ID,Purchase,Primary,Single Family,ServicerB,2018
LN0006216,2021-07,233000,4.25,240,740-779,96-100,44-50,ND,Other,Primary,Condo,ServicerA,2021
LN0006217,2022-04,100000,2.5,360,620-659,71-80,44-50,KS,Purchase,Primary,Condo,ServicerB,2022
LN0006218,2020-03,158000,3.75,120,660-699,71-80,37-43,AK,Other,Primary,Multi-Family,ServicerB,2020
LN0006219,2018-02,105000,3.99,240,660-699,71-80,44-50,VT,Purchase,Primary,PUD,ServicerD,2018
LN0006220,2021-06,153000,5.35,360,620-659,71-80,29-36,RI,Refinance,Primary,Condo,ServicerE,2021
LN0006221,2020-03,282000,3.0,360,740-779,81-90,29-36,SD,Refinance,Primary,Single Family,ServicerC,2020
LN0006222,2019-06,257000,2.75,360,740-779,71-80,37-43,NE,Other,Primary,PUD,ServicerD,2019
LN0006223,2021-08,45000,4.69,360,620-659,81-90,29-36,NV,Purchase,Primary,Single Family,ServicerD,2021
LN0006224,2021-09,150000,4.24,120,660-699,81-90,44-50,HI,Other,Primary,Condo,ServicerD,2021
LN0006225,2019-12,67000,4.5,240,620-659,71-80,44-50,NE,Refinance,Primary,Single Family,ServicerB,2019
LN0006226,2021-06,87000,3.25,360,740-779,96-100,37-43,VT,Purchase,Primary,Single Family,ServicerA,2021
LN0006227,2022-07,189000,2.75,360,620-659,71-80,29-36,SD,Purchase,Primary,Condo,ServicerE,2022
LN0006228,2018-09,314000,6.625,360,780+,71-80,44-50,ND,Refinance,Primary,Single Family,ServicerA,2018
LN0006229,2022-04,101000,3.625,180,740-779,81-90,37-43,HI,Refinance,Primary,Multi-Family,ServicerC,2022
LN0006230,2018-12,251000,6.75,240,700-739,<=60,37-43,NE,Purchase,Primary,Condo,ServicerC,2018
LN0006231,2022-10,165000,3.0,240,700-739,<=60,<=28,VT,Refinance,Primary,Co-op,ServicerB,2022
LN0006232,2019-06,290000,2.75,360,780+,91-95,37-43,ND,Purchase,Primary,Condo,ServicerC,2019
LN0006233,2020-01,65000,2.875,240,700-739,<=60,37-43,ID,Refinance,Primary,Single Family,ServicerC,2020
LN0006234,2019-08,83000,7.375,240,620-659,61-70,44-50,NE,Cash-Out Refinance,Primary,Multi-Family,ServicerA,2019
LN0006235,2019-08,413000,9.65,240,660-699,91-95,29-36,NE,Purchase,Primary,Multi-Family,ServicerA,2019
LN0006236,2020-02,82000,5.0,360,780+,71-80,44-50,ID,Purchase,Primary,Multi-Family,ServicerD,2020
LN0006237,2021-05,45000,3.25,180,740-779,,<=28,NE,Other,Primary,Multi-Family,ServicerC,2021
LN0006238,2022-12,255000,3.625,360,740-779,81-90,37-43,NE,Refinance,Primary,Multi-Family,ServicerD,2022
LN0006239,2018-08,124000,6.125,360,780+,<=60,29-36,NM,Purchase,Primary,Multi-Family,ServicerE,2018
LN0006240,2019-11,267000,9.75,360,780+,91-95,<=28,NM,Purchase,Primary,Multi-Family,ServicerD,2019
LN0006241,2021-11,108000,6.125,360,780+,71-80,29-36,RI,Cash-Out Refinance,Primary,Condo,ServicerA,2021
LN0006242,2022-02,72000,2.99,360,620-659,91-95,44-50,ID,Purchase,Primary,Condo,ServicerE,2022
LN0006243,2018-04,177000,2.875,180,700-739,71-80,>50,VT,Refinance,Primary,PUD,ServicerD,2018
LN0006244,2019-07,118000,2.75,360,740-779,96-100,<=28,NM,Cash-Out Refinance,Primary,Single Family,ServicerD,2019
LN0006245,2022-03,63000,6.75,360,740-779,<=60,37-43,MT,Purchase,Primary,Condo,ServicerC,2022
LN0006246,2022-07,210000,3.75,360,740-779,61-70,37-43,NE,Purchase,Primary,Co-op,ServicerD,2022
LN0006247,2019-06,110000,4.125,360,620-659,<=60,44-50,NM,Cash-Out Refinance,Primary,Single Family,ServicerE,2019
LN0006248,2019-04,98000,4.875,240,740-779,91-95,29-36,RI,Cash-Out Refinance,Primary,Co-op,ServicerB,2019
LN0006249,2022-01,282000,5.99,360,740-779,,44-50,ID,Purchase,Primary,Multi-Family,ServicerB,2022
LN0006250,2020-06,181000,3.75,360,620-659,<=60,37-43,NE,Refinance,Primary,Condo,ServicerE,2020
LN0006251,2018-05,119000,2.99,180,700-739,>100,37-43,SD,Purchase,Primary,Multi-Family,ServicerD,2018
LN0006252,2020-09,243000,2.875,360,620-659,71-80,44-50,NM,Purchase,Investment,PUD,ServicerB,2020
LN0006253,2018-12,156000,5.74,360,660-699,71-80,44-50,NM,Refinance,Primary,PUD,ServicerC,2018
LN0006254,2021-11,173000,3.125,360,<620,61-70,29-36,ID,Refinance,Investment,Co-op,ServicerA,2021
LN0006255,2021-07,81000,3.5,360,700-739,<=60,29-36,ID,Purchase,Primary,Multi-Family,ServicerE,2021
LN0006256,2021-06,279000,3.75,360,700-739,96-100,44-50,KS,Cash-Out Refinance,Primary,Co-op,ServicerB,2021
LN0006257,2020-09,108000,3.125,240,740-779,61-70,44-50,ID,Cash-Out Refinance,Investment,Single Family,ServicerB,2020
LN0006258,2021-09,171000,2.75,360,740-779,71-80,44-50,HI,Purchase,Primary,Condo,ServicerB,2021
LN0006259,2020-02,207000,3.75,240,,96-100,44-50,NH,Purchase,Primary,Multi-Family,ServicerC,2020
LN0006260,2019-08,129000,2.875,360,660-699,61-70,44-50,RI,Refinance,Secondary,Multi-Family,ServicerC,2019
LN0006261,2021-06,128000,4.25,360,620-659,71-80,29-36,AK,Purchase,Primary,Condo,ServicerB,2021
LN0006262,2019-09,166000,2.75,360,780+,96-100,>50,WY,Refinance,Primary,Multi-Family,ServicerE,2019
LN0006263,2022-03,83000,3.0,360,620-659,81-90,37-43,RI,Purchase,Primary,Multi-Family,ServicerC,2022
LN0006264,2022-07,109000,6.91,360,780+,61-70,37-43,,Cash-Out Refinance,Primary,Co-op,ServicerC,2022
LN0006265,2021-05,660000,1.875,360,780+,<=60,44-50,WV,Cash-Out Refinance,Primary,PUD,ServicerC,2021
LN0006266,2021-11,158000,3.125,240,700-739,91-95,>50,ID,Refinance,Primary,PUD,ServicerD,2021
LN0006267,2020-12,407000,3.5,360,780+,<=60,>50,MT,Refinance,Primary,Co-op,ServicerC,2020
LN0006268,2022-02,775000,2.828,360,620-659,<=60,37-43,SD,Purchase,Primary,Co-op,ServicerA,2022
LN0006269,2018-02,151000,8.75,180,660-699,96-100,44-50,NE,Purchase,Primary,Single Family,ServicerA,2018
LN0006270,2018-11,184000,3.375,360,740-779,<=60,44-50,WV,Refinance,Primary,Condo,ServicerB,2018
LN0006271,2018-10,74000,4.875,360,660-699,<=60,37-43,ID,Refinance,Primary,Condo,ServicerE,2018
LN0006272,2021-02,107000,5.25,360,780+,91-95,37-43,NM,Other,Primary,Condo,ServicerA,2021
LN0006273,2021-12,181000,4.875,360,<620,71-80,37-43,ID,Other,Primary,Multi-Family,ServicerB,2021
LN0006274,2022-09,187000,3.99,360,700-739,<=60,<=28,SD,Refinance,Primary,PUD,ServicerA,2022
LN0006275,2018-11,177000,4.125,360,700-739,71-80,44-50,SD,Refinance,Primary,Multi-Family,ServicerC,2018
LN0006276,2021-09,124000,3.75,360,740-779,<=60,37-43,ID,Purchase,Primary,Multi-Family,ServicerC,2021
LN0006277,2022-01,132000,7.25,360,660-699,<=60,29-36,DE,Purchase,Primary,Co-op,ServicerC,2022
LN0006278,2020-07,296000,3.25,360,660-699,71-80,44-50,KS,Purchase,Primary,Multi-Family,ServicerB,2020
LN0006279,2019-04,341000,3.125,360,780+,71-80,<=28,NE,Cash-Out Refinance,Secondary,Condo,ServicerA,2019
LN0006280,2021-09,143000,4.0,360,620-659,61-70,44-50,MS,Purchase,Primary,Co-op,ServicerC,2021
LN0006281,2021-02,436000,2.75,360,780+,<=60,37-43,NV,Purchase,Investment,Single Family,ServicerE,2021
LN0006282,2019-08,363000,3.5,360,700-739,71-80,37-43,HI,Purchase,Primary,Co-op,ServicerE,2019
LN0006283,2018-06,262000,3.25,360,740-779,<=60,,NV,Cash-Out Refinance,Primary,Multi-Family,ServicerA,2018
LN0006284,2021-07,90000,4.375,360,740-779,71-80,<=28,NE,Purchase,Primary,Single Family,ServicerB,2021
LN0006285,2021-01,199000,3.74,360,660-699,71-80,29-36,NM,Purchase,Primary,Co-op,ServicerE,2021
LN0006286,2020-04,156000,6.99,360,700-739,96-100,37-43,VT,Purchase,Primary,Co-op,ServicerA,2020
LN0006287,2022-05,280000,3.125,360,780+,91-95,44-50,NM,Purchase,Primary,Condo,ServicerE,2022
LN0006288,2020-11,230000,2.49,360,700-739,71-80,>50,ID,Cash-Out Refinance,Primary,PUD,ServicerB,2020
LN0006289,2020-05,187000,6.75,360,780+,<=60,37-43,NE,Cash-Out Refinance,Primary,Multi-Family,ServicerB,2020
LN0006290,2021-11,97000,5.69,360,,61-70,37-43,ND,Other,Primary,Single Family,ServicerC,2021
LN0006291,2019-01,379000,2.875,240,620-659,81-90,37-43,NH,Purchase,Primary,Multi-Family,ServicerE,2019
LN0006292,2021-01,443000,2.875,180,700-739,96-100,<=28,ID,Refinance,Primary,Condo,ServicerB,2021
LN0006293,2018-01,176000,5.0,180,780+,71-80,>50,MT,Cash-Out Refinance,Primary,Condo,ServicerB,2018
LN0006294,2019-06,105000,7.125,360,660-699,71-80,44-50,ID,Refinance,Primary,Condo,ServicerC,2019
LN0006295,2022-12,92000,3.5,360,780+,81-90,37-43,ID,Purchase,Primary,PUD,ServicerD,2022
LN0006296,2022-06,67000,2.75,180,780+,71-80,<=28,HI,Refinance,Primary,PUD,ServicerD,2022
LN0006297,2020-03,247000,6.19,360,660-699,71-80,29-36,HI,Cash-Out Refinance,Primary,Co-op,ServicerD,2020
LN0006298,2022-07,176000,5.0,360,620-659,96-100,44-50,WV,Purchase,Primary,Multi-Family,ServicerC,2022
LN0006299,2019-09,86000,2.875,360,740-779,71-80,29-36,WV,Purchase,Primary,PUD,ServicerD,2019
LN0006300,2021-04,167000,5.45,360,660-699,71-80,44-50,ID,Refinance,Primary,Condo,ServicerC,2021
LN0006301,2022-11,62000,3.875,360,740-779,71-80,44-50,ID,Purchase,Primary,Single Family,ServicerB,2022
LN0006302,2021-01,60000,2.875,360,700-739,61-70,<=28,ND,Cash-Out Refinance,Primary,Co-op,ServicerE,2021
LN0006303,2022-07,66000,4.625,360,700-739,,29-36,,Other,Primary,Condo,ServicerB,2022
LN0006304,2019-11,97000,3.125,360,740-779,91-95,37-43,NM,Cash-Out Refinance,Primary,PUD,ServicerC,2019
LN0006305,2021-12,217000,3.875,180,700-739,71-80,44-50,SD,Purchase,Primary,Condo,ServicerE,2021
LN0006306,2019-07,134000,6.99,360,700-739,61-70,29-36,DE,Other,Primary,PUD,ServicerC,2019
LN0006307,2020-09,71000,6.75,360,660-699,61-70,<=28,MT,Purchase,Primary,Condo,ServicerE,2020
LN0006308,2019-07,226000,5.625,240,660-699,96-100,37-43,WV,Cash-Out Refinance,Secondary,Condo,ServicerA,2019
LN0006309,2019-02,66000,3.625,360,700-739,71-80,29-36,RI,Cash-Out Refinance,Primary,Multi-Family,ServicerB,2019
LN0006310,2019-09,173000,2.75,360,740-779,<=60,44-50,NE,Refinance,Primary,Multi-Family,ServicerA,2019
LN0006311,2018-11,417000,9.99,360,660-699,91-95,37-43,ND,Refinance,Primary,Single Family,ServicerA,2018
LN0006312,2022-07,222000,6.5,360,700-739,61-70,44-50,NH,Purchase,Primary,Multi-Family,ServicerD,2022
LN0006313,2020-09,153000,4.0,360,740-779,96-100,37-43,WY,Purchase,Primary,Multi-Family,ServicerA,2020
LN0006314,2019-06,121000,3.74,360,660-699,61-70,29-36,NE,Cash-Out Refinance,Primary,Co-op,ServicerE,2019
LN0006315,2019-02,93000,2.875,360,660-699,71-80,44-50,NH,Cash-Out Refinance,Primary,PUD,ServicerB,2019
LN0006316,2018-01,88000,2.875,120,780+,71-80,44-50,NE,Cash-Out Refinance,Primary,PUD,ServicerC,2018
LN0006317,2021-01,163000,3.375,360,740-779,71-80,>50,ID,Refinance,Primary,Co-op,ServicerA,2021
LN0006318,2022-03,145000,2.75,180,700-739,71-80,29-36,ID,Refinance,Primary,Co-op,ServicerE,2022
LN0006319,2018-10,93000,2.75,180,740-779,71-80,>50,,Purchase,Primary,Single Family,ServicerD,2018
LN0006320,2022-02,485000,8.5,180,<620,71-80,44-50,WV,Purchase,Primary,PUD,ServicerA,2022
LN0006321,2022-07,108000,6.625,360,740-779,61-70,37-43,NM,Cash-Out Refinance,Primary,Co-op,ServicerE,2022
LN0006322,2018-12,187000,3.0,360,700-739,91-95,<=28,NM,Refinance,Primary,Multi-Family,ServicerB,2018
LN0006323,2019-08,163000,3.0,360,700-739,<=60,29-36,MT,Other,Primary,Co-op,ServicerB,2019
LN0006324,2020-03,275000,3.25,180,660-699,<=60,37-43,ID,Refinance,Secondary,Co-op,ServicerD,2020
LN0006325,2019-11,182000,7.0,180,620-659,71-80,44-50,ID,Purchase,Primary,Condo,ServicerD,2019
LN0006326,2019-05,179000,6.99,180,620-659,91-95,29-36,MT,Refinance,Primary,Condo,ServicerB,2019
LN0006327,2019-09,242000,3.875,360,780+,71-80,44-50,NE,Refinance,Primary,Single Family,ServicerC,2019
LN0006328,2019-12,248000,3.125,360,,<=60,37-43,SD,Purchase,Primary,Condo,ServicerB,2019
LN0006329,2021-05,51000,5.25,360,700-739,<=60,<=28,VT,Refinance,Primary,PUD,ServicerC,2021
LN0006330,2018-05,200000,2.75,360,<620,>100,>50,NH,Purchase,Primary,Condo,ServicerC,2018
LN0006331,2018-03,363000,2.75,360,<620,71-80,<=28,NM,Purchase,Primary,Co-op,ServicerA,2018
LN0006332,2018-11,331000,3.5,360,740-779,<=60,37-43,WV,Purchase,Primary,Multi-Family,ServicerE,2018
LN0006333,2022-02,309000,3.125,360,700-739,<=60,<=28,MS,Purchase,Primary,PUD,ServicerD,2022
LN0006334,2018-08,162000,2.875,360,700-739,91-95,<=28,NH,Purchase,Primary,Condo,ServicerC,2018
LN0006335,2022-02,150000,3.25,180,660-699,71-80,29-36,AK,Purchase,Primary,Condo,ServicerC,2022
LN0006336,2018-03,68000,4.75,360,740-779,71-80,,WV,Cash-Out Refinance,Primary,Co-op,ServicerA,2018
LN0006337,2020-05,126000,3.125,360,620-659,61-70,29-36,KS,Purchase,Primary,Multi-Family,ServicerD,2020
LN0006338,2019-02,153000,2.875,360,620-659,61-70,44-50,NH,Cash-Out Refinance,Primary,Co-op,ServicerE,2019
LN0006339,2018-08,224000,3.03,120,700-739,>100,29-36,ID,Purchase,Primary,Single Family,ServicerE,2018
LN0006340,2020-04,73000,2.875,240,660-699,<=60,44-50,VT,Cash-Out Refinance,Primary,Single Family,ServicerE,2020
LN0006341,2021-02,492000,7.75,360,,71-80,37-43,RI,Refinance,Primary,Co-op,ServicerD,2021
LN0006342,2021-01,90000,2.875,360,740-779,96-100,<=28,DE,Purchase,Primary,Condo,ServicerD,2021
LN0006343,2021-02,207000,2.75,360,740-779,91-95,,NH,Cash-Out Refinance,Primary,Multi-Family,ServicerD,2021
LN0006344,2021-11,171000,7.375,360,780+,<=60,37-43,NE,Cash-Out Refinance,Primary,Condo,ServicerC,2021
LN0006345,2018-04,274000,6.375,360,700-739,91-95,>50,WV,Purchase,Primary,Condo,ServicerC,2018
LN0006346,2021-07,227000,4.875,360,<620,61-70,37-43,ID,Refinance,Primary,PUD,ServicerD,2021
LN0006347,2020-11,226000,3.75,360,660-699,61-70,29-36,RI,Cash-Out Refinance,Investment,Condo,ServicerC,2020
LN0006348,2021-03,378000,3.5,360,,<=60,29-36,KS,Purchase,Investment,Single Family,ServicerB,2021
LN0006349,2019-05,113000,7.875,360,700-739,<=60,<=28,NM,Purchase,Primary,Co-op,ServicerD,2019
LN0006350,2018-03,267000,3.5,360,740-779,91-95,37-43,ID,Refinance,Primary,PUD,ServicerD,2018
LN0006351,2022-11,417000,5.625,360,<620,71-80,44-50,NH,Refinance,Primary,PUD,ServicerA,2022
LN0006352,2022-01,142000,3.0,360,700-739,71-80,44-50,HI,Purchase,Primary,Single Family,ServicerD,2022
LN0006353,2018-06,208000,4.0,360,,71-80,37-43,KS,Purchase,Primary,Co-op,ServicerA,2018
LN0006354,2020-08,100000,2.875,360,700-739,71-80,<=28,ID,Purchase,Primary,Multi-Family,ServicerB,2020
LN0006355,2022-10,80000,3.375,360,780+,71-80,44-50,ID,Purchase,Primary,PUD,ServicerC,2022
LN0006356,2022-01,106000,7.25,360,780+,81-90,29-36,NH,Purchase,Secondary,Multi-Family,ServicerB,2022
LN0006357,2019-09,92000,2.5,180,700-739,81-90,37-43,ID,Cash-Out Refinance,Primary,Condo,ServicerA,2019
LN0006358,2020-02,90000,5.125,360,700-739,<=60,37-43,NE,Purchase,Primary,Single Family,ServicerC,2020
LN0006359,2019-10,227000,3.125,360,780+,61-70,29-36,SD,Purchase,Primary,Condo,ServicerD,2019
LN0006360,2018-09,117000,4.5,360,740-779,71-80,>50,NE,Cash-Out Refinance,Investment,Multi-Family,ServicerD,2018
LN0006361,2018-09,262000,3.25,360,<620,71-80,29-36,WV,Cash-Out Refinance,Primary,Multi-Family,ServicerE,2018
LN0006362,2022-03,92000,2.75,360,700-739,<=60,44-50,NE,Refinance,Primary,Multi-Family,ServicerD,2022
LN0006363,2019-06,164000,6.25,180,660-699,91-95,37-43,NE,Refinance,Primary,PUD,ServicerE,2019
LN0006364,2018-04,315000,5.875,360,700-739,91-95,37-43,NE,Refinance,Primary,Co-op,ServicerE,2018
LN0006365,2018-06,186000,3.25,120,,81-90,>50,ID,Cash-Out Refinance,Primary,PUD,ServicerA,2018
LN0006366,2019-04,134000,3.75,360,700-739,96-100,37-43,NV,Cash-Out Refinance,Primary,PUD,ServicerD,2019
LN0006367,2018-12,133000,2.5,180,660-699,<=60,29-36,ID,Purchase,Primary,Condo,ServicerB,2018
LN0006368,2019-05,115000,3.5,360,620-659,<=60,44-50,KS,Cash-Out Refinance,Primary,Single Family,ServicerA,2019
LN0006369,2020-08,142000,4.75,180,700-739,<=60,29-36,NH,Cash-Out Refinance,Primary,Multi-Family,ServicerC,2020
LN0006370,2019-02,452000,3.25,360,780+,96-100,37-43,NM,Purchase,Primary,Single Family,ServicerB,2019
LN0006371,2020-12,89000,3.0,180,740-779,91-95,37-43,MT,Purchase,Primary,Single Family,ServicerD,2020
LN0006372,2022-11,164000,3.25,240,660-699,91-95,29-36,NH,Refinance,Primary,Single Family,ServicerA,2022
LN0006373,2020-08,136000,4.5,360,780+,<=60,29-36,NV,Refinance,Primary,Condo,ServicerB,2020
LN0006374,2021-07,117000,2.5,360,780+,91-95,44-50,NE,Purchase,Primary,PUD,ServicerB,2021
LN0006375,2022-07,194000,7.125,180,660-699,81-90,37-43,NM,Purchase,Primary,Co-op,ServicerC,2022
LN0006376,2019-05,301000,3.25,180,<620,96-100,29-36,KS,Purchase,Primary,Single Family,ServicerB,2019
LN0006377,2019-04,177000,2.875,360,740-779,61-70,37-43,NH,Purchase,Primary,Co-op,ServicerC,2019
LN0006378,2020-07,477000,5.5,180,780+,<=60,44-50,HI,Refinance,Primary,Multi-Family,ServicerD,2020
LN0006379,2018-10,87000,4.0,360,780+,91-95,29-36,NE,Refinance,Primary,Co-op,ServicerE,2018
LN0006380,2022-05,191000,3.375,360,780+,<=60,29-36,ID,Cash-Out Refinance,Primary,Single Family,ServicerB,2022
LN0006381,2019-04,87000,5.25,360,740-779,<=60,44-50,MT,Refinance,Primary,Single Family,ServicerB,2019
LN0006382,2021-07,351000,2.25,360,700-739,61-70,29-36,NM,Refinance,Primary,Co-op,ServicerE,2021
LN0006383,2021-07,507000,3.75,360,<620,<=60,44-50,ID,Refinance,Primary,Co-op,ServicerA,2021
LN0006384,2022-12,295000,6.125,180,660-699,71-80,44-50,NM,Other,Primary,PUD,ServicerE,2022
LN0006385,2020-06,490000,3.125,360,700-739,<=60,<=28,ND,Cash-Out Refinance,Primary,Co-op,ServicerB,2020
LN0006386,2022-02,107000,2.99,360,740-779,81-90,44-50,WV,Purchase,Primary,Co-op,ServicerB,2022
LN0006387,2022-07,82000,3.125,360,700-739,61-70,37-43,NH,Refinance,Primary,Condo,ServicerC,2022
LN0006388,2021-04,206000,3.9,360,740-779,61-70,44-50,MS,Other,Primary,Multi-Family,ServicerD,2021
LN0006389,2022-06,94000,6.5,360,660-699,96-100,37-43,NH,Cash-Out Refinance,Primary,Single Family,ServicerD,2022
LN0006390,2020-11,434000,9.75,360,,61-70,44-50,AK,Purchase,Primary,Single Family,ServicerC,2020
LN0006391,2018-08,145000,2.99,360,620-659,81-90,44-50,ID,Purchase,Investment,Single Family,ServicerD,2018
LN0006392,2019-01,323000,4.0,360,700-739,<=60,37-43,NH,Refinance,Primary,Multi-Family,ServicerB,2019
LN0006393,2022-05,85000,1.0,360,740-779,71-80,37-43,ID,Refinance,Primary,Multi-Family,ServicerE,2022
LN0006394,2022-07,162000,6.5,360,740-779,71-80,37-43,VT,Cash-Out Refinance,Primary,Condo,ServicerA,2022
LN0006395,2020-10,67000,4.5,360,780+,61-70,37-43,ID,Refinance,Primary,Co-op,ServicerC,2020
LN0006396,2022-06,139000,2.875,240,660-699,<=60,37-43,KS,Cash-Out Refinance,Primary,Multi-Family,ServicerC,2022
LN0006397,2021-01,450000,6.875,180,700-739,71-80,37-43,RI,Purchase,Investment,Co-op,ServicerE,2021
LN0006398,2018-03,170000,2.5,360,660-699,<=60,44-50,ID,Cash-Out Refinance,Primary,PUD,ServicerC,2018
LN0006399,2020-07,460000,2.875,360,700-739,81-90,37-43,MT,Refinance,Primary,Multi-Family,ServicerE,2020
LN0006400,2019-06,48000,3.0,360,780+,<=60,37-43,NE,Refinance,Primary,Co-op,ServicerC,2019
LN0006401,2019-02,469000,7.04,360,740-779,61-70,37-43,NH,Purchase,Primary,Co-op,ServicerA,2019
LN0006402,2019-11,126000,4.25,360,780+,61-70,44-50,RI,Refinance,Primary,Condo,ServicerE,2019
LN0006403,2020-06,53000,3.0,180,660-699,81-90,,NE,Purchase,Primary,Multi-Family,ServicerD,2020
LN0006404,2019-06,124000,4.125,240,780+,<=60,>50,AK,Purchase,Investment,Multi-Family,ServicerB,2019
LN0006405,2018-01,148000,5.37,360,<620,<=60,37-43,MS,Refinance,Primary,Co-op,ServicerD,2018
LN0006406,2020-12,41000,5.25,360,780+,81-90,<=28,ID,Cash-Out Refinance,Primary,Multi-Family,ServicerC,2020
LN0006407,2018-12,298000,2.25,360,660-699,>100,44-50,WV,Refinance,Primary,Co-op,ServicerE,2018
LN0006408,2020-04,140000,3.45,360,660-699,71-80,37-43,SD,Cash-Out Refinance,Primary,Multi-Family,ServicerC,2020
LN0006409,2021-10,148000,2.875,360,700-739,71-80,37-43,WV,Purchase,Primary,Single Family,ServicerD,2021
LN0006410,2020-04,339000,4.5,360,780+,96-100,29-36,MT,Refinance,Secondary,Multi-Family,ServicerE,2020
LN0006411,2022-02,282000,2.375,360,<620,71-80,37-43,SD,Refinance,Primary,Condo,ServicerB,2022
LN0006412,2021-05,141000,3.125,360,660-699,,44-50,DE,Cash-Out Refinance,Primary,Single Family,ServicerE,2021
LN0006413,2022-04,137000,2.75,360,780+,71-80,44-50,NE,Refinance,Primary,Multi-Family,ServicerE,2022
LN0006414,2022-04,163000,3.0,360,700-739,61-70,29-36,NH,Purchase,Primary,Multi-Family,ServicerD,2022
LN0006415,2018-09,187000,2.75,360,620-659,<=60,29-36,SD,Purchase,Primary,Single Family,ServicerC,2018
LN0006416,2020-12,261000,3.75,360,700-739,81-90,37-43,NV,Cash-Out Refinance,Primary,Single Family,ServicerB,2020
LN0006417,2022-11,70000,3.875,180,700-739,96-100,37-43,RI,Other,Primary,PUD,ServicerC,2022
LN0006418,2018-10,213000,2.25,180,780+,71-80,37-43,NH,Cash-Out Refinance,Primary,Multi-Family,ServicerC,2018
LN0006419,2021-11,386000,4.15,360,740-779,71-80,,NM,Refinance,Primary,PUD,ServicerC,2021
LN0006420,2021-06,110000,3.25,360,700-739,71-80,37-43,NH,Refinance,Primary,PUD,ServicerE,2021
LN0006421,2020-04,114000,3.25,360,780+,71-80,44-50,,Cash-Out Refinance,Investment,Single Family,ServicerA,2020
LN0006422,2019-01,104000,3.125,360,700-739,<=60,44-50,AK,Cash-Out Refinance,Primary,Multi-Family,ServicerC,2019
LN0006423,2021-08,197000,3.375,180,<620,71-80,37-43,NH,Other,Primary,Single Family,ServicerA,2021
LN0006424,2018-05,184000,3.25,180,660-699,71-80,37-43,NE,Refinance,Primary,Multi-Family,ServicerE,2018
LN0006425,2021-02,109000,3.375,360,700-739,71-80,<=28,SD,Other,Primary,PUD,ServicerD,2021
LN0006426,2018-08,187000,3.75,180,620-659,81-90,,HI,Purchase,Primary,Co-op,ServicerD,2018
LN0006427,2019-10,152000,2.75,120,780+,71-80,29-36,RI,Purchase,Primary,Multi-Family,ServicerC,2019
LN0006428,2020-10,231000,3.0,360,740-779,71-80,37-43,AK,Refinance,Primary,Co-op,ServicerE,2020
LN0006429,2021-04,189000,2.99,360,660-699,<=60,,NV,Cash-Out Refinance,Primary,Multi-Family,ServicerC,2021
LN0006430,2022-01,187000,3.94,360,700-739,96-100,37-43,RI,Refinance,Primary,Multi-Family,ServicerB,2022
LN0006431,2020-01,81000,3.5,360,740-779,71-80,29-36,NH,Purchase,Secondary,Single Family,ServicerB,2020
LN0006432,2022-01,222000,2.75,360,780+,<=60,>50,,Refinance,Investment,Co-op,ServicerE,2022
LN0006433,2021-05,98000,2.25,360,780+,71-80,37-43,HI,Other,Primary,PUD,ServicerD,2021
LN0006434,2019-07,215000,5.0,360,700-739,,44-50,NM,Purchase,Primary,Single Family,ServicerD,2019
LN0006435,2018-09,252000,3.625,360,740-779,96-100,29-36,AK,Purchase,Primary,PUD,ServicerA,2018
LN0006436,2022-01,220000,5.125,360,700-739,61-70,37-43,DE,Cash-Out Refinance,Primary,Multi-Family,ServicerA,2022
LN0006437,2020-11,356000,2.99,360,700-739,71-80,29-36,KS,Purchase,Primary,Condo,ServicerB,2020
LN0006438,2018-02,179000,2.75,360,620-659,<=60,44-50,NM,Refinance,Primary,Single Family,ServicerE,2018
LN0006439,2021-02,159000,2.99,180,620-659,61-70,44-50,ND,Refinance,Primary,Condo,ServicerA,2021
LN0006440,2021-12,82000,2.25,360,700-739,<=60,37-43,WY,Refinance,Primary,Multi-Family,ServicerB,2021
LN0006441,2020-05,131000,5.24,180,660-699,<=60,<=28,RI,Purchase,Primary,Single Family,ServicerA,2020
LN0006442,2020-06,338000,5.375,360,<620,81-90,,KS,Purchase,Primary,Single Family,ServicerE,2020
LN0006443,2021-02,82000,3.375,360,740-779,<=60,44-50,NH,Refinance,Primary,Multi-Family,ServicerB,2021
LN0006444,2022-06,181000,3.0,360,<620,91-95,29-36,HI,Refinance,Primary,Condo,ServicerA,2022
LN0006445,2021-10,67000,6.75,360,700-739,96-100,37-43,VT,Purchase,Primary,Condo,ServicerD,2021
LN0006446,2018-07,123000,2.75,360,700-739,61-70,44-50,RI,Cash-Out Refinance,Primary,PUD,ServicerD,2018
LN0006447,2020-12,161000,3.625,360,780+,<=60,37-43,SD,Cash-Out Refinance,Primary,Co-op,ServicerD,2020
LN0006448,2021-08,166000,7.29,360,700-739,<=60,<=28,ND,Purchase,Primary,Co-op,ServicerB,2021
LN0006449,2018-06,105000,2.99,360,<620,71-80,29-36,ID,Cash-Out Refinance,Investment,PUD,ServicerA,2018
LN0006450,2022-02,229000,6.0,360,700-739,<=60,<=28,NV,Other,Primary,Condo,ServicerB,2022
LN0006451,2018-04,160000,4.1,360,780+,<=60,44-50,ID,Refinance,Primary,Multi-Family,ServicerA,2018
LN0006452,2018-01,198000,5.55,360,780+,<=60,>50,,Refinance,Primary,PUD,ServicerE,2018
LN0006453,2019-02,103000,2.25,180,,91-95,<=28,ID,Refinance,Primary,PUD,ServicerC,2019
LN0006454,2020-12,144000,5.875,360,660-699,91-95,37-43,DE,Purchase,Investment,Co-op,ServicerB,2020
LN0006455,2021-04,172000,3.125,360,780+,91-95,44-50,ID,Purchase,Primary,Single Family,ServicerE,2021
LN0006456,2019-02,162000,5.0,360,620-659,61-70,37-43,NH,Purchase,Investment,PUD,ServicerD,2019
LN0006457,2019-12,243000,8.74,360,740-779,71-80,44-50,AK,Refinance,Primary,Single Family,ServicerC,2019
LN0006458,2020-09,142000,10.5,360,700-739,71-80,44-50,,Refinance,Secondary,Co-op,ServicerC,2020
LN0006459,2018-12,182000,3.5,120,<620,71-80,<=28,WV,Refinance,Primary,Condo,ServicerD,2018
LN0006460,2018-05,570000,2.875,180,660-699,71-80,29-36,AK,Refinance,Primary,PUD,ServicerD,2018
LN0006461,2018-02,254000,3.625,360,660-699,96-100,44-50,ID,Refinance,Primary,Multi-Family,ServicerB,2018
LN0006462,2018-05,496000,4.75,180,740-779,,29-36,ID,Refinance,Primary,Condo,ServicerD,2018
LN0006463,2018-05,229000,2.625,360,780+,61-70,37-43,NE,Other,Primary,Multi-Family,ServicerB,2018
LN0006464,2020-12,101000,7.75,360,660-699,<=60,<=28,NH,Refinance,Primary,Condo,ServicerA,2020
LN0006465,2022-07,216000,1.99,360,740-779,<=60,<=28,NM,Refinance,Primary,Condo,ServicerA,2022
LN0006466,2020-12,247000,2.875,240,<620,71-80,44-50,ID,Purchase,Primary,Condo,ServicerA,2020
LN0006467,2019-03,288000,3.625,360,700-739,71-80,37-43,NE,Cash-Out Refinance,Primary,Single Family,ServicerD,2019
LN0006468,2022-08,179000,3.99,360,<620,71-80,44-50,ID,Purchase,Primary,Co-op,ServicerD,2022
LN0006469,2018-03,101000,5.25,360,780+,81-90,37-43,NM,Purchase,Primary,Single Family,ServicerE,2018
LN0006470,2020-03,155000,4.625,360,740-779,96-100,44-50,NE,Other,Primary,Multi-Family,ServicerC,2020
LN0006471,2022-07,89000,2.875,360,740-779,81-90,44-50,NH,Refinance,Primary,Multi-Family,ServicerE,2022
LN0006472,2021-11,223000,2.5,360,780+,61-70,29-36,RI,Purchase,Investment,Co-op,ServicerC,2021
LN0006473,2018-09,146000,3.375,360,740-779,96-100,44-50,VT,Purchase,Primary,PUD,ServicerA,2018
LN0006474,2022-04,251000,3.0,360,780+,71-80,37-43,NE,Purchase,Primary,Condo,ServicerB,2022
LN0006475,2022-08,124000,2.625,360,740-779,<=60,>50,NE,Purchase,Primary,Single Family,ServicerA,2022
LN0006476,2021-05,173000,5.5,360,780+,61-70,<=28,DE,Refinance,Primary,Single Family,ServicerE,2021
LN0006477,2020-12,201000,3.75,120,700-739,91-95,44-50,NH,Cash-Out Refinance,Primary,Single Family,ServicerC,2020
LN0006478,2021-04,211000,2.712,360,620-659,96-100,37-43,NH,Refinance,Primary,Multi-Family,ServicerA,2021
LN0006479,2018-05,180000,3.625,360,700-739,96-100,37-43,DE,Purchase,Secondary,PUD,ServicerD,2018
LN0006480,2020-12,279000,3.125,360,620-659,71-80,44-50,HI,Purchase,Primary,Condo,ServicerC,2020
LN0006481,2018-06,109000,2.75,180,700-739,<=60,37-43,MT,Purchase,Primary,Single Family,ServicerA,2018
LN0006482,2022-04,431000,3.125,180,700-739,96-100,44-50,ID,Refinance,Primary,Condo,ServicerA,2022
LN0006483,2019-12,414000,4.375,360,740-779,61-70,44-50,NH,Purchase,Primary,Multi-Family,ServicerE,2019
LN0006484,2018-02,223000,4.875,240,<620,81-90,37-43,ID,Refinance,Primary,Single Family,ServicerC,2018
LN0006485,2021-01,195000,4.0,360,620-659,81-90,37-43,RI,Purchase,Primary,Co-op,ServicerA,2021
LN0006486,2019-01,160000,3.5,360,700-739,96-100,37-43,ID,Cash-Out Refinance,Primary,Single Family,ServicerE,2019
LN0006487,2019-08,210000,2.5,180,780+,<=60,>50,ID,Purchase,Primary,Single Family,ServicerD,2019
LN0006488,2021-04,224000,3.5,360,700-739,71-80,>50,NH,Refinance,Primary,Multi-Family,ServicerC,2021
LN0006489,2021-02,266000,7.99,360,700-739,<=60,29-36,MT,Refinance,Primary,PUD,ServicerD,2021
LN0006490,2020-04,103000,3.25,360,740-779,81-90,44-50,NH,Purchase,Primary,Condo,ServicerE,2020
LN0006491,2022-09,63000,3.79,360,740-779,61-70,37-43,KS,Purchase,Primary,PUD,ServicerE,2022
LN0006492,2022-06,226000,7.75,120,660-699,71-80,29-36,NE,Purchase,Primary,PUD,ServicerE,2022
LN0006493,2020-12,230000,3.5,360,700-739,71-80,37-43,ID,Refinance,Primary,Condo,ServicerB,2020
LN0006494,2021-11,117000,4.75,360,660-699,<=60,44-50,NM,Refinance,Primary,PUD,ServicerA,2021
LN0006495,2019-09,140000,5.625,360,780+,<=60,44-50,NM,Purchase,Primary,Multi-Family,ServicerD,2019
LN0006496,2018-03,159000,2.5,360,620-659,71-80,37-43,MT,Purchase,Primary,Condo,ServicerE,2018
LN0006497,2019-06,163000,3.25,360,660-699,96-100,37-43,WY,Refinance,Primary,Single Family,ServicerD,2019
LN0006498,2021-08,235000,3.25,360,<620,>100,37-43,NM,Other,Primary,PUD,ServicerC,2021
LN0006499,2022-09,465000,4.8,360,660-699,61-70,29-36,ID,Refinance,Primary,Condo,ServicerC,2022
LN0006500,2019-07,134000,3.74,360,740-779,71-80,37-43,VT,Refinance,Secondary,PUD,ServicerC,2019
LN0006501,2019-02,292000,2.75,120,660-699,91-95,44-50,NV,Purchase,Primary,Co-op,ServicerE,2019
LN0006502,2020-07,210000,5.637,360,620-659,81-90,44-50,NH,Purchase,Secondary,Co-op,ServicerB,2020
LN0006503,2019-11,143000,2.375,360,700-739,<=60,>50,ID,Refinance,Primary,Single Family,ServicerE,2019
LN0006504,2020-10,161000,2.5,360,<620,71-80,29-36,NH,Cash-Out Refinance,Primary,Single Family,ServicerB,2020
LN0006505,2018-03,128000,2.75,360,620-659,<=60,37-43,ID,Cash-Out Refinance,Primary,Condo,ServicerB,2018
LN0006506,2021-02,181000,7.125,360,740-779,<=60,44-50,,Refinance,Primary,Co-op,ServicerD,2021
LN0006507,2018-04,149000,5.25,180,740-779,81-90,<=28,SD,Refinance,Primary,PUD,ServicerE,2018
LN0006508,2018-08,209000,6.87,360,780+,81-90,37-43,NM,Purchase,Primary,Multi-Family,ServicerD,2018
LN0006509,2019-05,295000,3.375,360,780+,96-100,>50,NM,Cash-Out Refinance,Primary,Multi-Family,ServicerC,2019
LN0006510,2018-08,96000,2.5,360,740-779,61-70,44-50,SD,Purchase,Primary,PUD,ServicerC,2018
LN0006511,2022-08,52000,2.875,360,<620,,44-50,MT,Purchase,Primary,Multi-Family,ServicerD,2022
LN0006512,2020-05,104000,7.125,360,740-779,61-70,<=28,NE,Refinance,Primary,Co-op,ServicerB,2020
LN0006513,2018-09,244000,2.75,360,780+,71-80,37-43,ID,Refinance,Primary,Single Family,ServicerC,2018
LN0006514,2018-06,358000,3.625,360,740-779,<=60,37-43,DE,Refinance,Primary,Co-op,ServicerD,2018
LN0006515,2021-04,280000,6.25,360,700-739,61-70,44-50,NH,Refinance,Primary,Condo,ServicerA,2021
LN0006516,2019-07,191000,5.15,360,660-699,<=60,44-50,KS,Cash-Out Refinance,Primary,Co-op,ServicerC,2019
LN0006517,2022-07,212000,2.875,360,780+,96-100,44-50,NH,Purchase,Primary,Co-op,ServicerB,2022
LN0006518,2022-06,187000,2.75,360,740-779,96-100,29-36,MT,Refinance,Primary,Condo,ServicerB,2022
LN0006519,2018-08,219000,9.2,360,780+,91-95,37-43,NM,Refinance,Secondary,Multi-Family,ServicerB,2018
LN0006520,2020-06,109000,2.25,360,620-659,96-100,<=28,HI,Cash-Out Refinance,Primary,Co-op,ServicerA,2020
LN0006521,2018-01,178000,2.99,240,660-699,,<=28,AK,Refinance,Primary,Condo,ServicerE,2018
LN0006522,2021-12,139000,3.125,360,660-699,71-80,>50,HI,Purchase,Primary,Multi-Family,ServicerC,2021
LN0006523,2021-04,88000,2.875,240,740-779,61-70,37-43,WV,Refinance,Primary,Condo,ServicerD,2021
LN0006524,2020-04,79000,3.125,360,620-659,,37-43,KS,Purchase,Primary,Multi-Family,ServicerC,2020
LN0006525,2021-03,97000,4.375,360,<620,71-80,29-36,MT,Purchase,Primary,PUD,ServicerD,2021
LN0006526,2022-05,211000,7.375,360,780+,61-70,44-50,DE,Purchase,Primary,Multi-Family,ServicerD,2022
LN0006527,2022-10,203000,3.625,360,<620,96-100,29-36,,Cash-Out Refinance,Primary,Co-op,ServicerA,2022
LN0006528,2021-09,136000,3.625,360,780+,91-95,>50,ID,Refinance,Primary,PUD,ServicerA,2021
LN0006529,2021-02,95000,3.625,360,660-699,61-70,37-43,NH,Purchase,Primary,PUD,ServicerD,2021
LN0006530,2018-11,129000,6.75,180,780+,96-100,29-36,NE,Refinance,Primary,Single Family,ServicerA,2018
LN0006531,2019-02,134000,6.85,360,700-739,71-80,37-43,NE,Purchase,Primary,Single Family,ServicerA,2019
LN0006532,2019-02,125000,3.125,180,780+,<=60,>50,RI,Purchase,Primary,Single Family,ServicerA,2019
LN0006533,2018-01,112000,5.25,360,780+,<=60,44-50,NH,Other,Primary,Single Family,ServicerE,2018
LN0006534,2022-05,126000,3.125,360,<620,81-90,29-36,ND,Purchase,Primary,Condo,ServicerC,2022
LN0006535,2019-02,234000,7.99,360,<620,81-90,37-43,AK,Purchase,Primary,Co-op,ServicerD,2019
LN0006536,2022-02,120000,3.0,360,660-699,<=60,29-36,ID,Purchase,Primary,Condo,ServicerA,2022
LN0006537,2020-04,238000,3.0,360,740-779,71-80,37-43,ID,Purchase,Primary,Condo,ServicerD,2020
LN0006538,2022-12,254000,3.5,360,780+,96-100,44-50,NV,Purchase,Primary,Multi-Family,ServicerE,2022
LN0006539,2021-07,420000,7.74,180,700-739,61-70,44-50,ID,Purchase,Primary,PUD,ServicerE,2021
LN0006540,2021-02,130000,3.375,360,740-779,81-90,37-43,NM,Purchase,Primary,Co-op,ServicerE,2021
LN0006541,2019-12,131000,3.0,360,,71-80,<=28,ID,Refinance,Primary,Multi-Family,ServicerA,2019
LN0006542,2020-08,105000,4.25,120,740-779,71-80,44-50,ID,Purchase,Primary,Condo,ServicerA,2020
LN0006543,2019-03,179000,2.625,360,780+,71-80,29-36,NE,Purchase,Primary,PUD,ServicerA,2019
LN0006544,2019-06,290000,6.875,360,660-699,<=60,29-36,NE,Cash-Out Refinance,Primary,Single Family,ServicerE,2019
LN0006545,2020-12,285000,2.8,360,700-739,96-100,29-36,KS,Purchase,Primary,PUD,ServicerD,2020
LN0006546,2022-05,175000,10.13,180,620-659,71-80,37-43,ND,Purchase,Primary,Single Family,ServicerE,2022
LN0006547,2018-02,226000,2.875,360,700-739,71-80,29-36,NE,Cash-Out Refinance,Investment,PUD,ServicerC,2018
LN0006548,2019-09,91000,3.125,360,700-739,96-100,29-36,HI,Refinance,Primary,Condo,ServicerD,2019
LN0006549,2022-08,110000,4.625,180,620-659,96-100,>50,ID,Purchase,Primary,Co-op,ServicerC,2022
LN0006550,2020-12,327000,2.875,360,700-739,61-70,29-36,ID,Cash-Out Refinance,Investment,PUD,ServicerA,2020
LN0006551,2019-03,243000,2.625,180,660-699,71-80,37-43,RI,Cash-Out Refinance,Primary,Multi-Family,ServicerC,2019
LN0006552,2020-11,114000,2.25,360,700-739,71-80,37-43,MT,Purchase,Primary,PUD,ServicerB,2020
LN0006553,2018-03,395000,5.0,180,700-739,,44-50,,Purchase,Primary,Condo,ServicerD,2018
LN0006554,2019-06,183000,10.65,360,<620,96-100,29-36,ID,Purchase,Primary,Condo,ServicerA,2019
LN0006555,2021-03,100000,3.25,360,740-779,71-80,37-43,NE,Refinance,Primary,PUD,ServicerD,2021
LN0006556,2018-11,81000,4.25,360,740-779,81-90,37-43,MT,Cash-Out Refinance,Primary,Co-op,ServicerD,2018
LN0006557,2021-07,140000,4.5,360,660-699,91-95,44-50,NH,Purchase,Primary,Co-op,ServicerA,2021
LN0006558,2020-01,90000,3.125,360,<620,96-100,37-43,ND,Other,Primary,Multi-Family,ServicerB,2020
LN0006559,2019-05,354000,4.625,360,740-779,,37-43,WV,Purchase,Primary,PUD,ServicerB,2019
LN0006560,2018-03,148000,3.25,180,780+,<=60,44-50,NE,Purchase,Primary,Co-op,ServicerB,2018
LN0006561,2018-10,53000,3.0,180,,71-80,37-43,WY,Refinance,Primary,Multi-Family,ServicerD,2018
LN0006562,2020-08,56000,3.625,360,660-699,71-80,37-43,RI,Purchase,Primary,Multi-Family,ServicerD,2020
LN0006563,2022-01,298000,4.125,360,620-659,71-80,44-50,,Other,Primary,Multi-Family,ServicerE,2022
LN0006564,2021-04,261000,8.0,360,700-739,71-80,37-43,ID,Purchase,Primary,Multi-Family,ServicerD,2021
LN0006565,2021-02,380000,2.375,180,620-659,61-70,37-43,KS,Purchase,Primary,Condo,ServicerA,2021
LN0006566,2018-01,153000,6.39,360,660-699,91-95,>50,ID,Refinance,Primary,Co-op,ServicerA,2018
LN0006567,2022-11,220000,3.5,360,740-779,71-80,,NM,Cash-Out Refinance,Investment,PUD,ServicerA,2022
LN0006568,2020-04,138000,3.308,360,700-739,91-95,37-43,DE,Refinance,Primary,Multi-Family,ServicerE,2020
LN0006569,2022-09,168000,3.125,360,700-739,<=60,37-43,,Cash-Out Refinance,Primary,Condo,ServicerE,2022
LN0006570,2019-03,261000,6.0,360,700-739,96-100,44-50,ND,Other,Primary,Multi-Family,ServicerB,2019
LN0006571,2018-02,133000,2.625,360,700-739,81-90,37-43,MT,Refinance,Primary,PUD,ServicerE,2018
LN0006572,2020-12,89000,3.75,360,<620,<=60,44-50,ID,Refinance,Primary,Condo,ServicerB,2020
LN0006573,2020-08,440000,6.99,360,<620,61-70,44-50,ID,Purchase,Primary,Single Family,ServicerD,2020
LN0006574,2021-12,110000,3.25,360,780+,<=60,37-43,NM,Refinance,Primary,Single Family,ServicerC,2021
LN0006575,2020-09,70000,3.375,360,<620,96-100,37-43,ND,Purchase,Secondary,Multi-Family,ServicerA,2020
LN0006576,2020-11,120000,2.99,360,740-779,61-70,37-43,ID,Refinance,Primary,PUD,ServicerC,2020
LN0006577,2021-05,98000,4.875,360,780+,61-70,<=28,MS,Purchase,Primary,Single Family,ServicerA,2021
LN0006578,2020-08,189000,10.5,240,660-699,71-80,37-43,MS,Purchase,Primary,PUD,ServicerE,2020
LN0006579,2018-06,141000,2.625,360,660-699,96-100,>50,ID,Refinance,Primary,PUD,ServicerB,2018
LN0006580,2020-12,128000,11.57,360,700-739,<=60,29-36,NH,Cash-Out Refinance,Primary,Multi-Family,ServicerE,2020
LN0006581,2020-09,260000,3.375,360,780+,61-70,44-50,ID,Purchase,Primary,PUD,ServicerD,2020
LN0006582,2022-08,117000,6.25,180,780+,71-80,37-43,ND,Cash-Out Refinance,Primary,Co-op,ServicerE,2022
LN0006583,2018-05,212000,3.29,360,740-779,61-70,<=28,HI,Refinance,Primary,Condo,ServicerC,2018
LN0006584,2022-12,137000,4.5,360,620-659,71-80,29-36,ID,Refinance,Primary,Condo,ServicerC,2022
LN0006585,2018-03,210000,3.75,240,740-779,91-95,44-50,WY,Refinance,Primary,PUD,ServicerA,2018
LN0006586,2021-04,127000,3.0,360,700-739,<=60,44-50,NH,Cash-Out Refinance,Primary,Condo,ServicerD,2021
LN0006587,2019-06,186000,3.125,360,700-739,71-80,>50,DE,Refinance,Primary,PUD,ServicerD,2019
LN0006588,2021-01,184000,6.625,360,<620,<=60,<=28,NE,Purchase,Primary,Multi-Family,ServicerA,2021
LN0006589,2019-10,138000,2.99,360,620-659,91-95,>50,NM,Purchase,Primary,Co-op,ServicerE,2019
LN0006590,2021-06,180000,3.75,180,740-779,96-100,29-36,MT,Refinance,Primary,Condo,ServicerE,2021
LN0006591,2019-12,199000,6.551,180,700-739,71-80,37-43,NE,Purchase,Primary,PUD,ServicerA,2019
LN0006592,2018-04,182000,6.08,360,660-699,96-100,37-43,NE,Refinance,Primary,Single Family,ServicerE,2018
LN0006593,2021-11,348000,3.625,360,700-739,<=60,37-43,NM,Purchase,Primary,Condo,ServicerC,2021
LN0006594,2018-05,194000,3.25,180,780+,71-80,37-43,SD,Purchase,Primary,PUD,ServicerE,2018
LN0006595,2022-08,140000,3.5,180,740-779,,37-43,ID,Purchase,Primary,PUD,ServicerD,2022
LN0006596,2022-03,125000,3.375,180,660-699,91-95,37-43,HI,Purchase,Secondary,Multi-Family,ServicerC,2022
LN0006597,2020-11,177000,2.875,360,620-659,71-80,<=28,KS,Refinance,Primary,PUD,ServicerB,2020
LN0006598,2020-06,506000,7.5,180,660-699,61-70,>50,NE,Purchase,Primary,Co-op,ServicerC,2020
LN0006599,2021-10,394000,3.5,360,780+,81-90,37-43,MT,Purchase,Investment,Multi-Family,ServicerE,2021
LN0006600,2021-05,170000,3.875,180,700-739,81-90,37-43,ID,Purchase,Primary,Condo,ServicerB,2021
LN0006601,2020-04,91000,2.875,360,700-739,81-90,29-36,KS,Purchase,Primary,PUD,ServicerC,2020
LN0006602,2018-10,231000,4.25,360,700-739,96-100,37-43,NE,Refinance,Primary,Single Family,ServicerB,2018
LN0006603,2022-12,84000,2.75,360,660-699,<=60,<=28,ND,Other,Primary,Condo,ServicerB,2022
LN0006604,2020-10,130000,5.99,360,740-779,81-90,44-50,HI,Refinance,Primary,Co-op,ServicerA,2020
LN0006605,2018-07,124000,2.875,360,700-739,61-70,29-36,NE,Cash-Out Refinance,Primary,Multi-Family,ServicerC,2018
LN0006606,2021-10,301000,5.625,360,620-659,91-95,37-43,NH,Refinance,Primary,Condo,ServicerB,2021
LN0006607,2020-05,74000,6.0,360,620-659,91-95,44-50,HI,Other,Secondary,Multi-Family,ServicerD,2020
LN0006608,2018-01,125000,3.125,360,700-739,>100,37-43,MS,Purchase,Primary,Multi-Family,ServicerC,2018
LN0006609,2021-11,101000,2.875,360,780+,<=60,<=28,NH,Refinance,Primary,Co-op,ServicerD,2021
LN0006610,2019-08,126000,2.625,360,660-699,<=60,44-50,NM,Refinance,Primary,Single Family,ServicerA,2019
LN0006611,2019-09,159000,7.63,360,780+,<=60,37-43,WY,Refinance,Primary,Condo,ServicerB,2019
LN0006612,2020-10,209000,3.0,360,740-779,61-70,37-43,NM,Refinance,Primary,Co-op,ServicerD,2020
LN0006613,2022-11,216000,5.75,240,660-699,61-70,44-50,ND,Refinance,Primary,Single Family,ServicerE,2022
LN0006614,2019-05,328000,3.375,360,<620,61-70,44-50,AK,Refinance,Primary,Single Family,ServicerE,2019
LN0006615,2021-05,132000,2.75,360,620-659,61-70,<=28,KS,Purchase,Primary,Single Family,ServicerD,2021
LN0006616,2018-05,245000,2.875,360,740-779,81-90,37-43,KS,Cash-Out Refinance,Investment,Co-op,ServicerE,2018
LN0006617,2018-08,151000,3.125,360,620-659,<=60,37-43,HI,Cash-Out Refinance,Primary,Co-op,ServicerA,2018
LN0006618,2018-04,122000,2.875,360,660-699,61-70,44-50,HI,Cash-Out Refinance,Primary,Co-op,ServicerD,2018
LN0006619,2020-10,166000,2.875,360,700-739,96-100,44-50,,Refinance,Primary,Co-op,ServicerA,2020
LN0006620,2018-01,141000,3.25,360,740-779,81-90,37-43,NH,Cash-Out Refinance,Secondary,Multi-Family,ServicerD,2018
LN0006621,2021-05,60000,5.0,180,620-659,71-80,44-50,MT,Other,Secondary,Co-op,ServicerE,2021
LN0006622,2018-07,90000,3.0,360,700-739,71-80,>50,VT,Cash-Out Refinance,Primary,Condo,ServicerE,2018
LN0006623,2020-11,82000,3.75,360,700-739,91-95,37-43,NH,Purchase,Primary,PUD,ServicerA,2020
LN0006624,2018-01,295000,5.0,360,700-739,81-90,<=28,DE,Purchase,Primary,Multi-Family,ServicerE,2018
LN0006625,2020-03,299000,2.0,240,740-779,91-95,<=28,NM,Purchase,Primary,Co-op,ServicerA,2020
LN0006626,2020-05,268000,3.0,360,620-659,81-90,37-43,NH,Refinance,Primary,PUD,ServicerE,2020
LN0006627,2022-11,93000,6.125,360,740-779,81-90,44-50,ID,Refinance,Primary,Multi-Family,ServicerC,2022
LN0006628,2022-03,156000,11.74,360,740-779,<=60,44-50,NE,Purchase,Primary,Single Family,ServicerB,2022
LN0006629,2018-12,127000,2.625,360,700-739,,44-50,NE,Cash-Out Refinance,Primary,Multi-Family,ServicerE,2018
LN0006630,2020-03,200000,2.49,360,740-779,,29-36,,Purchase,Primary,Single Family,ServicerA,2020
LN0006631,2019-07,72000,8.5,360,700-739,71-80,37-43,HI,Refinance,Primary,Single Family,ServicerB,2019
LN0006632,2022-02,106000,4.625,360,620-659,71-80,37-43,,Purchase,Primary,Condo,ServicerE,2022
LN0006633,2020-04,587000,5.69,360,740-779,61-70,37-43,NE,Purchase,Primary,Condo,ServicerE,2020
LN0006634,2018-08,97000,6.0,360,700-739,71-80,44-50,ID,Cash-Out Refinance,Primary,PUD,ServicerA,2018
LN0006635,2020-04,283000,3.0,360,740-779,91-95,37-43,ID,Purchase,Primary,Multi-Family,ServicerB,2020
LN0006636,2021-07,128000,2.625,360,660-699,71-80,37-43,NH,Purchase,Primary,Single Family,ServicerE,2021
LN0006637,2021-02,175000,2.99,360,780+,71-80,29-36,NH,Purchase,Primary,Multi-Family,ServicerB,2021
LN0006638,2020-05,140000,4.25,360,700-739,,37-43,ID,Purchase,Primary,Co-op,ServicerD,2020
LN0006639,2022-05,144000,3.75,360,620-659,91-95,37-43,ID,Cash-Out Refinance,Primary,PUD,ServicerA,2022
LN0006640,2019-10,165000,3.75,240,700-739,71-80,44-50,MT,Refinance,Primary,PUD,ServicerE,2019
LN0006641,2021-11,86000,4.625,360,740-779,96-100,37-43,NE,Refinance,Primary,Co-op,ServicerD,2021
LN0006642,2020-10,158000,8.0,360,740-779,<=60,44-50,NM,Purchase,Primary,Co-op,ServicerA,2020
LN0006643,2019-11,46000,3.125,360,700-739,71-80,29-36,NE,Refinance,Primary,Co-op,ServicerE,2019
LN0006644,2019-05,109000,2.75,180,780+,61-70,>50,,Refinance,Primary,Co-op,ServicerD,2019
LN0006645,2019-07,252000,3.875,360,660-699,71-80,44-50,NE,Refinance,Primary,Multi-Family,ServicerD,2019
LN0006646,2022-04,717000,2.874,360,700-739,81-90,37-43,MT,Purchase,Primary,Condo,ServicerC,2022
LN0006647,2020-05,130000,8.5,180,780+,71-80,37-43,VT,Other,Primary,Co-op,ServicerB,2020
LN0006648,2018-05,225000,4.75,360,780+,<=60,29-36,RI,Refinance,Primary,PUD,ServicerA,2018
LN0006649,2022-11,554000,6.125,360,740-779,96-100,37-43,VT,Refinance,Primary,Multi-Family,ServicerA,2022
LN0006650,2021-09,288000,7.5,180,780+,71-80,,NH,Refinance,Primary,Single Family,ServicerB,2021
LN0006651,2019-07,224000,3.75,180,620-659,<=60,44-50,ND,Purchase,Primary,PUD,ServicerE,2019
LN0006652,2021-02,343000,6.625,180,,71-80,44-50,NH,Refinance,Primary,PUD,ServicerC,2021
LN0006653,2019-09,301000,2.625,360,660-699,<=60,37-43,ND,Purchase,Primary,Co-op,ServicerE,2019
LN0006654,2021-12,264000,3.25,360,620-659,61-70,44-50,HI,Refinance,Primary,Single Family,ServicerE,2021
LN0006655,2020-09,297000,5.5,360,660-699,61-70,37-43,NE,Purchase,Primary,Multi-Family,ServicerC,2020
LN0006656,2020-08,171000,3.625,360,700-739,71-80,37-43,RI,Other,Primary,Co-op,ServicerD,2020
LN0006657,2020-07,295000,3.125,180,660-699,71-80,37-43,NM,Refinance,Primary,PUD,ServicerD,2020
LN0006658,2021-07,110000,3.0,360,,91-95,44-50,NE,Refinance,Primary,Multi-Family,ServicerC,2021
LN0006659,2021-08,312000,3.39,360,620-659,71-80,37-43,NH,Cash-Out Refinance,Primary,Multi-Family,ServicerA,2021
LN0006660,2018-09,277000,2.875,360,,71-80,44-50,ID,Purchase,Investment,Single Family,ServicerD,2018
LN0006661,2018-07,376000,2.75,360,700-739,71-80,29-36,AK,Purchase,Primary,Single Family,ServicerE,2018
LN0006662,2018-03,81000,7.25,360,700-739,61-70,37-43,NH,Refinance,Primary,Co-op,ServicerD,2018
LN0006663,2022-05,538000,2.0,180,660-699,96-100,29-36,NE,Refinance,Investment,Condo,ServicerA,2022
LN0006664,2019-10,139000,4.5,180,740-779,61-70,29-36,KS,Purchase,Primary,Single Family,ServicerD,2019
LN0006665,2022-06,43000,3.25,360,780+,<=60,<=28,HI,Purchase,Primary,Condo,ServicerC,2022
LN0006666,2019-10,123000,3.0,240,740-779,81-90,44-50,SD,Refinance,Primary,PUD,ServicerA,2019
LN0006667,2022-10,350000,7.0,360,660-699,<=60,>50,NH,Other,Primary,Condo,ServicerE,2022
LN0006668,2020-01,510000,3.5,360,740-779,81-90,44-50,,Purchase,Primary,Multi-Family,ServicerB,2020
LN0006669,2021-03,393000,6.5,360,620-659,96-100,44-50,NM,Purchase,Primary,Co-op,ServicerE,2021
LN0006670,2021-11,160000,7.25,180,620-659,<=60,44-50,DE,Refinance,Primary,Multi-Family,ServicerB,2021
LN0006671,2018-08,72000,4.5,360,660-699,,44-50,MT,Purchase,Primary,PUD,ServicerD,2018
LN0006672,2022-08,56000,2.875,360,740-779,96-100,44-50,AK,Purchase,Primary,PUD,ServicerB,2022
LN0006673,2018-02,110000,5.375,120,660-699,91-95,37-43,,Cash-Out Refinance,Primary,Multi-Family,ServicerD,2018
LN0006674,2018-05,346000,3.5,180,<620,61-70,>50,AK,Cash-Out Refinance,Primary,Single Family,ServicerB,2018
LN0006675,2018-06,166000,5.99,360,620-659,71-80,37-43,HI,Purchase,Primary,Single Family,ServicerB,2018
LN0006676,2022-02,209000,2.99,360,780+,96-100,44-50,NH,Refinance,Primary,PUD,ServicerE,2022
LN0006677,2020-10,119000,7.25,180,740-779,81-90,,RI,Refinance,Primary,Single Family,ServicerC,2020
LN0006678,2021-12,220000,2.0,360,660-699,96-100,29-36,MT,Refinance,Primary,PUD,ServicerB,2021
LN0006679,2020-01,299000,7.25,180,,61-70,37-43,ID,Purchase,Primary,Multi-Family,ServicerD,2020
LN0006680,2018-12,98000,4.875,360,700-739,<=60,37-43,NE,Purchase,Primary,Condo,ServicerA,2018
LN0006681,2022-11,141000,2.875,360,740-779,71-80,44-50,NE,Refinance,Investment,Co-op,ServicerE,2022
LN0006682,2022-12,276000,4.75,360,660-699,71-80,>50,NM,Refinance,Primary,Multi-Family,ServicerD,2022
LN0006683,2018-12,135000,9.125,360,780+,>100,44-50,MT,Purchase,Primary,Multi-Family,ServicerD,2018
LN0006684,2019-09,211000,3.5,360,660-699,71-80,37-43,VT,Purchase,Primary,Co-op,ServicerC,2019
LN0006685,2019-09,266000,3.75,360,740-779,71-80,37-43,RI,Refinance,Primary,Single Family,ServicerD,2019
LN0006686,2021-03,102000,5.75,360,<620,71-80,44-50,NH,Refinance,Primary,PUD,ServicerB,2021
LN0006687,2019-11,90000,3.85,360,660-699,<=60,<=28,ID,Cash-Out Refinance,Primary,Co-op,ServicerE,2019
LN0006688,2019-05,210000,5.375,360,660-699,61-70,44-50,WY,Refinance,Primary,PUD,ServicerD,2019
LN0006689,2020-12,182000,2.75,240,700-739,71-80,<=28,ID,Purchase,Primary,Multi-Family,ServicerC,2020
LN0006690,2018-08,97000,5.5,180,<620,81-90,37-43,NM,Purchase,Primary,PUD,ServicerD,2018
LN0006691,2022-12,84000,7.0,120,740-779,71-80,44-50,HI,Purchase,Secondary,Condo,ServicerC,2022
LN0006692,2019-02,280000,2.999,120,660-699,71-80,37-43,SD,Cash-Out Refinance,Primary,Condo,ServicerA,2019
LN0006693,2018-01,232000,6.375,360,740-779,>100,>50,ID,Purchase,Primary,Condo,ServicerA,2018
LN0006694,2019-10,267000,4.75,360,740-779,<=60,>50,NV,Purchase,Secondary,Co-op,ServicerC,2019
LN0006695,2018-09,176000,7.0,180,700-739,96-100,37-43,NE,Purchase,Primary,Co-op,ServicerD,2018
LN0006696,2018-04,89000,4.5,360,740-779,71-80,44-50,NH,Refinance,Primary,Multi-Family,ServicerA,2018
LN0006697,2019-02,294000,6.625,360,740-779,<=60,29-36,WV,Refinance,Primary,Single Family,ServicerB,2019
LN0006698,2021-01,98000,2.125,360,660-699,,>50,ID,Purchase,Primary,Single Family,ServicerC,2021
LN0006699,2022-08,46000,5.75,360,740-779,61-70,>50,SD,Purchase,Primary,Co-op,ServicerB,2022
LN0006700,2021-01,393000,3.75,360,660-699,71-80,44-50,KS,Purchase,Primary,PUD,ServicerE,2021
LN0006701,2018-05,307000,3.25,360,700-739,81-90,44-50,RI,Refinance,Primary,Single Family,ServicerA,2018
LN0006702,2021-08,161000,2.5,360,740-779,71-80,37-43,NM,Purchase,Primary,PUD,ServicerB,2021
LN0006703,2019-04,195000,4.74,360,660-699,71-80,37-43,ID,Purchase,Primary,Condo,ServicerC,2019
LN0006704,2022-05,110000,3.25,360,660-699,71-80,37-43,,Purchase,Primary,Condo,ServicerA,2022
LN0006705,2022-11,118000,6.5,360,700-739,,44-50,SD,Purchase,Primary,Single Family,ServicerB,2022
LN0006706,2021-11,128000,7.875,360,740-779,<=60,44-50,RI,Cash-Out Refinance,Primary,Multi-Family,ServicerB,2021
LN0006707,2022-02,231000,6.25,180,780+,96-100,44-50,NE,Purchase,Primary,PUD,ServicerB,2022
LN0006708,2021-03,1101000,4.125,240,700-739,<=60,37-43,,Refinance,Primary,Single Family,ServicerA,2021
LN0006709,2018-03,256000,3.95,360,740-779,<=60,<=28,,Cash-Out Refinance,Primary,PUD,ServicerE,2018
LN0006710,2019-12,101000,8.3,240,780+,<=60,37-43,NV,Purchase,Primary,Condo,ServicerE,2019
LN0006711,2019-03,86000,3.5,360,620-659,96-100,<=28,DE,Purchase,Primary,Condo,ServicerC,2019
LN0006712,2022-12,107000,7.75,360,660-699,61-70,37-43,RI,Cash-Out Refinance,Primary,Multi-Family,ServicerC,2022
LN0006713,2022-04,129000,2.875,180,740-779,61-70,37-43,NH,Refinance,Primary,Co-op,ServicerB,2022
LN0006714,2021-08,165000,3.75,240,780+,<=60,44-50,NH,Refinance,Primary,Condo,ServicerC,2021
LN0006715,2020-05,266000,6.36,180,780+,81-90,44-50,NE,Cash-Out Refinance,Primary,Multi-Family,ServicerB,2020
LN0006716,2018-10,659000,2.875,360,700-739,61-70,44-50,DE,Refinance,Primary,Condo,ServicerD,2018
LN0006717,2021-06,144000,5.15,360,620-659,71-80,<=28,MT,Purchase,Primary,Multi-Family,ServicerB,2021
LN0006718,2020-07,219000,4.99,180,700-739,71-80,37-43,WY,Purchase,Primary,PUD,ServicerD,2020
LN0006719,2021-12,107000,6.125,360,660-699,71-80,37-43,DE,Cash-Out Refinance,Primary,Condo,ServicerE,2021
LN0006720,2018-08,214000,2.99,360,660-699,81-90,37-43,NM,Refinance,Primary,Multi-Family,ServicerC,2018
LN0006721,2021-07,423000,3.125,120,740-779,71-80,37-43,WV,Purchase,Investment,PUD,ServicerA,2021
LN0006722,2019-01,67000,3.25,180,<620,61-70,37-43,HI,Purchase,Primary,Multi-Family,ServicerA,2019
LN0006723,2020-08,128000,3.99,360,780+,<=60,37-43,ID,Purchase,Primary,PUD,ServicerD,2020
LN0006724,2018-10,225000,4.625,360,700-739,61-70,37-43,ND,Refinance,Primary,PUD,ServicerB,2018
LN0006725,2021-01,112000,3.99,360,700-739,71-80,44-50,NH,Cash-Out Refinance,Primary,Co-op,ServicerE,2021
LN0006726,2022-05,78000,2.5,180,620-659,71-80,29-36,ID,Purchase,Investment,Co-op,ServicerD,2022
LN0006727,2018-11,252000,5.54,360,660-699,71-80,29-36,RI,Refinance,Primary,Single Family,ServicerE,2018
LN0006728,2022-08,100000,3.0,360,620-659,<=60,37-43,WV,Purchase,Primary,PUD,ServicerC,2022
LN0006729,2018-06,267000,3.25,360,780+,96-100,<=28,ID,Purchase,Primary,Single Family,ServicerE,2018
LN0006730,2019-08,72000,3.375,240,740-779,<=60,44-50,NH,Refinance,Primary,Condo,ServicerD,2019
LN0006731,2021-05,204000,5.625,360,700-739,81-90,44-50,AK,Purchase,Primary,Single Family,ServicerB,2021
LN0006732,2018-03,193000,3.9,180,660-699,96-100,37-43,AK,Purchase,Primary,Co-op,ServicerB,2018
LN0006733,2020-09,156000,3.5,360,780+,61-70,37-43,ID,Purchase,Primary,Single Family,ServicerE,2020
LN0006734,2022-04,224000,2.875,180,660-699,71-80,29-36,NE,Purchase,Primary,PUD,ServicerD,2022
LN0006735,2020-12,152000,2.875,360,620-659,71-80,<=28,ID,Refinance,Primary,Single Family,ServicerA,2020
LN0006736,2022-07,270000,3.375,360,700-739,61-70,37-43,ID,Cash-Out Refinance,Primary,Condo,ServicerB,2022
LN0006737,2022-02,63000,1.999,360,780+,71-80,37-43,ID,Other,Primary,Multi-Family,ServicerB,2022
LN0006738,2019-11,62000,6.875,360,<620,>100,29-36,DE,Other,Primary,PUD,ServicerB,2019
LN0006739,2019-06,212000,2.875,360,660-699,96-100,<=28,RI,Purchase,Primary,PUD,ServicerE,2019
LN0006740,2022-06,191000,3.0,360,780+,96-100,29-36,ID,Cash-Out Refinance,Primary,Multi-Family,ServicerC,2022
LN0006741,2021-12,314000,4.375,180,620-659,71-80,37-43,ND,Purchase,Primary,PUD,ServicerD,2021
LN0006742,2019-05,409000,7.0,360,620-659,,44-50,ID,Purchase,Primary,Co-op,ServicerB,2019
LN0006743,2020-07,269000,3.875,360,700-739,>100,37-43,NM,Purchase,Primary,Condo,ServicerB,2020
LN0006744,2018-11,194000,9.875,180,780+,91-95,<=28,NV,Purchase,Primary,Condo,ServicerA,2018
LN0006745,2021-07,210000,6.25,240,700-739,71-80,29-36,MT,Purchase,Primary,Single Family,ServicerB,2021
LN0006746,2021-10,203000,3.375,360,780+,71-80,44-50,ID,Purchase,Primary,Co-op,ServicerD,2021
LN0006747,2019-10,249000,2.625,360,740-779,71-80,37-43,NM,Cash-Out Refinance,Primary,PUD,ServicerA,2019
LN0006748,2022-11,126000,6.625,360,<620,<=60,37-43,NH,Purchase,Primary,Condo,ServicerC,2022
LN0006749,2022-05,250000,2.25,360,780+,<=60,>50,DE,Purchase,Primary,Condo,ServicerB,2022
LN0006750,2019-12,208000,2.894,360,700-739,<=60,44-50,NH,Refinance,Primary,Condo,ServicerC,2019
LN0006751,2020-10,295000,3.125,360,660-699,96-100,37-43,ID,Cash-Out Refinance,Primary,Co-op,ServicerC,2020
LN0006752,2022-06,87000,5.25,360,700-739,61-70,44-50,NH,Purchase,Primary,Single Family,ServicerB,2022
LN0006753,2022-10,215000,3.0,360,660-699,71-80,>50,ID,Cash-Out Refinance,Primary,Condo,ServicerB,2022
LN0006754,2021-02,253000,7.25,360,620-659,71-80,29-36,NH,Cash-Out Refinance,Primary,Multi-Family,ServicerB,2021
LN0006755,2018-01,201000,2.875,360,<620,71-80,>50,NE,Cash-Out Refinance,Primary,Multi-Family,ServicerD,2018
LN0006756,2019-04,79000,4.0,240,700-739,<=60,<=28,ID,Purchase,Investment,Condo,ServicerA,2019
LN0006757,2018-11,512000,4.0,360,780+,81-90,44-50,MT,Refinance,Primary,Multi-Family,ServicerB,2018
LN0006758,2018-08,160000,5.5,360,700-739,<=60,<=28,DE,Refinance,Primary,Single Family,ServicerB,2018
LN0006759,2021-06,146000,3.85,360,780+,61-70,37-43,MT,Purchase,Primary,Single Family,ServicerB,2021
LN0006760,2019-12,131000,2.375,360,660-699,96-100,29-36,RI,Purchase,Primary,Multi-Family,ServicerC,2019
LN0006761,2019-02,283000,4.0,360,660-699,91-95,<=28,RI,Other,Primary,Single Family,ServicerE,2019
LN0006762,2019-12,199000,3.0,360,620-659,<=60,37-43,HI,Refinance,Primary,Co-op,ServicerE,2019
LN0006763,2021-07,202000,3.875,360,620-659,<=60,37-43,WV,Purchase,Primary,Condo,ServicerD,2021
LN0006764,2018-01,113000,6.02,180,660-699,<=60,29-36,WY,Other,Primary,Single Family,ServicerC,2018
LN0006765,2022-05,214000,2.625,240,740-779,81-90,37-43,NE,Purchase,Primary,PUD,ServicerA,2022
LN0006766,2018-01,154000,5.5,360,780+,<=60,44-50,HI,Cash-Out Refinance,Primary,Co-op,ServicerD,2018
LN0006767,2018-08,157000,4.5,120,780+,<=60,37-43,NE,Purchase,Investment,Multi-Family,ServicerA,2018
LN0006768,2020-10,246000,4.875,360,660-699,71-80,37-43,NE,Refinance,Primary,Multi-Family,ServicerA,2020
LN0006769,2018-03,128000,7.5,240,780+,<=60,37-43,NE,Purchase,Primary,Multi-Family,ServicerE,2018
LN0006770,2020-02,472000,3.19,240,660-699,<=60,<=28,MT,Purchase,Secondary,Co-op,ServicerA,2020
LN0006771,2021-07,407000,2.75,360,620-659,71-80,44-50,WV,Other,Primary,Single Family,ServicerD,2021
LN0006772,2019-11,197000,5.25,360,780+,71-80,<=28,ID,Cash-Out Refinance,Primary,Condo,ServicerB,2019
LN0006773,2022-09,55000,5.115,180,740-779,71-80,>50,MT,Refinance,Primary,Multi-Family,ServicerA,2022
LN0006774,2019-04,129000,3.25,360,620-659,96-100,37-43,NE,Purchase,Primary,Multi-Family,ServicerA,2019
LN0006775,2020-08,228000,4.375,360,700-739,96-100,37-43,NH,Cash-Out Refinance,Primary,Single Family,ServicerD,2020
LN0006776,2021-11,86000,3.25,360,660-699,81-90,44-50,ID,Purchase,Primary,Multi-Family,ServicerC,2021
LN0006777,2020-04,170000,2.25,360,740-779,71-80,37-43,ND,Purchase,Primary,Single Family,ServicerC,2020
LN0006778,2019-12,203000,3.45,360,700-739,71-80,>50,,Purchase,Primary,Condo,ServicerE,2019
LN0006779,2019-07,253000,2.99,360,780+,<=60,<=28,ID,Cash-Out Refinance,Primary,Condo,ServicerC,2019
LN0006780,2022-04,148000,2.99,360,<620,96-100,37-43,ID,Other,Primary,Condo,ServicerC,2022
LN0006781,2018-10,190000,5.0,360,660-699,91-95,29-36,KS,Refinance,Primary,Single Family,ServicerC,2018
LN0006782,2018-11,86000,6.25,360,700-739,96-100,>50,RI,Refinance,Primary,PUD,ServicerE,2018
LN0006783,2018-04,214000,5.125,180,700-739,61-70,37-43,WV,Purchase,Primary,Condo,ServicerE,2018
LN0006784,2018-03,235000,3.25,360,660-699,61-70,37-43,KS,Purchase,Primary,Single Family,ServicerD,2018
LN0006785,2018-06,67000,3.5,180,740-779,61-70,>50,ID,Refinance,Primary,Single Family,ServicerE,2018
LN0006786,2021-10,203000,4.625,360,780+,71-80,>50,WV,Cash-Out Refinance,Primary,Co-op,ServicerA,2021
LN0006787,2022-02,72000,3.375,360,780+,61-70,>50,NE,Refinance,Primary,Co-op,ServicerC,2022
LN0006788,2020-03,224000,7.125,180,740-779,96-100,44-50,RI,Refinance,Primary,Co-op,ServicerC,2020
LN0006789,2022-08,83000,3.0,360,780+,71-80,<=28,RI,Refinance,Primary,Single Family,ServicerD,2022
LN0006790,2019-04,287000,6.25,360,700-739,91-95,37-43,SD,Refinance,Primary,Single Family,ServicerB,2019
LN0006791,2022-08,172000,7.125,360,780+,61-70,<=28,VT,Purchase,Primary,Condo,ServicerD,2022
LN0006792,2022-06,130000,3.625,120,660-699,71-80,37-43,NH,Purchase,Primary,Co-op,ServicerA,2022
LN0006793,2020-10,251000,5.0,360,700-739,71-80,29-36,VT,Purchase,Primary,Single Family,ServicerA,2020
LN0006794,2022-03,97000,7.0,360,660-699,71-80,37-43,RI,Refinance,Primary,PUD,ServicerC,2022
LN0006795,2018-08,209000,4.625,180,700-739,61-70,37-43,MS,Refinance,Primary,Condo,ServicerC,2018
LN0006796,2021-11,147000,4.0,180,660-699,71-80,44-50,AK,Refinance,Primary,PUD,ServicerA,2021
LN0006797,2021-02,180000,3.5,180,780+,71-80,29-36,MT,Other,Primary,Co-op,ServicerB,2021
LN0006798,2022-02,88000,6.875,360,660-699,91-95,<=28,WV,Refinance,Primary,Condo,ServicerA,2022
LN0006799,2019-09,348000,2.625,360,620-659,61-70,,MT,Purchase,Primary,Multi-Family,ServicerC,2019
LN0006800,2020-02,211000,4.75,360,700-739,81-90,29-36,HI,Other,Primary,Condo,ServicerB,2020
LN0006801,2018-08,101000,11.75,360,<620,71-80,37-43,WY,Refinance,Primary,Condo,ServicerA,2018
LN0006802,2019-01,254000,3.375,180,620-659,96-100,29-36,ID,Refinance,Primary,Co-op,ServicerE,2019
LN0006803,2022-09,271000,3.125,360,660-699,<=60,44-50,NE,Refinance,Primary,Single Family,ServicerE,2022
LN0006804,2020-01,248000,2.875,360,700-739,81-90,<=28,,Refinance,Primary,Multi-Family,ServicerD,2020
LN0006805,2019-05,125000,4.375,180,700-739,61-70,37-43,ID,Purchase,Primary,Condo,ServicerD,2019
LN0006806,2020-07,318000,4.7,360,740-779,71-80,>50,NH,Refinance,Primary,PUD,ServicerE,2020
LN0006807,2020-02,92000,8.25,360,740-779,<=60,37-43,NH,Purchase,Primary,PUD,ServicerE,2020
LN0006808,2019-05,86000,5.125,360,700-739,71-80,44-50,ID,Cash-Out Refinance,Primary,Multi-Family,ServicerB,2019
LN0006809,2018-09,101000,3.5,360,660-699,96-100,>50,RI,Purchase,Primary,Co-op,ServicerE,2018
LN0006810,2022-04,98000,4.75,360,660-699,71-80,37-43,WY,Purchase,Investment,Co-op,ServicerC,2022
LN0006811,2022-10,361000,2.75,360,740-779,<=60,44-50,ID,Cash-Out Refinance,Primary,Condo,ServicerC,2022
LN0006812,2022-05,102000,3.125,360,<620,91-95,44-50,,Other,Primary,Multi-Family,ServicerD,2022
LN0006813,2021-10,206000,3.875,360,<620,96-100,37-43,,Purchase,Primary,Multi-Family,ServicerD,2021
LN0006814,2018-09,161000,2.25,360,740-779,<=60,>50,ND,Cash-Out Refinance,Primary,Multi-Family,ServicerB,2018
LN0006815,2018-10,29000,3.5,360,700-739,71-80,<=28,SD,Purchase,Primary,Multi-Family,ServicerB,2018
LN0006816,2021-05,219000,2.375,360,,,44-50,HI,Refinance,Primary,Condo,ServicerC,2021
LN0006817,2018-01,80000,8.99,360,660-699,91-95,44-50,MT,Cash-Out Refinance,Primary,PUD,ServicerB,2018
LN0006818,2020-07,141000,3.875,360,780+,96-100,37-43,NH,Refinance,Primary,Single Family,ServicerD,2020
LN0006819,2020-04,118000,5.465,360,780+,<=60,,NV,Purchase,Primary,Single Family,ServicerE,2020
LN0006820,2020-01,215000,4.3,360,740-779,71-80,44-50,NE,Purchase,Primary,PUD,ServicerB,2020
LN0006821,2019-04,62000,4.75,180,700-739,<=60,37-43,MT,Refinance,Primary,Co-op,ServicerC,2019
LN0006822,2022-12,89000,6.625,360,700-739,<=60,37-43,ID,Cash-Out Refinance,Secondary,PUD,ServicerD,2022
LN0006823,2020-11,371000,2.75,360,780+,61-70,37-43,NE,Purchase,Primary,Multi-Family,ServicerB,2020
LN0006824,2018-04,370000,3.0,360,780+,71-80,37-43,MT,Refinance,Primary,Single Family,ServicerA,2018
LN0006825,2021-02,96000,2.5,360,660-699,<=60,37-43,SD,Cash-Out Refinance,Primary,Multi-Family,ServicerC,2021
LN0006826,2022-10,224000,4.0,360,740-779,96-100,44-50,NH,Refinance,Secondary,Multi-Family,ServicerA,2022
LN0006827,2018-06,113000,4.0,360,620-659,71-80,37-43,ID,Purchase,Primary,Co-op,ServicerC,2018
LN0006828,2018-07,59000,3.25,360,660-699,96-100,29-36,SD,Cash-Out Refinance,Primary,Multi-Family,ServicerA,2018
LN0006829,2022-12,163000,4.75,360,740-779,61-70,<=28,MS,Cash-Out Refinance,Primary,PUD,ServicerB,2022
LN0006830,2022-02,367000,3.125,360,700-739,96-100,37-43,WY,Purchase,Primary,Co-op,ServicerD,2022
LN0006831,2022-08,245000,2.5,360,780+,96-100,44-50,NM,Purchase,Primary,Multi-Family,ServicerD,2022
LN0006832,2019-05,275000,2.25,360,,71-80,37-43,AK,Refinance,Primary,Single Family,ServicerC,2019
LN0006833,2018-02,201000,3.625,360,700-739,71-80,37-43,MT,Purchase,Primary,Co-op,ServicerA,2018
LN0006834,2018-08,310000,5.0,360,780+,91-95,37-43,WV,Purchase,Primary,Multi-Family,ServicerE,2018
LN0006835,2022-04,115000,3.375,360,780+,61-70,37-43,ND,Refinance,Primary,Co-op,ServicerC,2022
LN0006836,2020-07,88000,3.99,360,620-659,96-100,44-50,ID,Purchase,Primary,Co-op,ServicerD,2020
LN0006837,2021-05,168000,6.5,120,660-699,71-80,44-50,NE,Refinance,Primary,Single Family,ServicerD,2021
LN0006838,2019-01,84000,5.61,180,740-779,<=60,37-43,NE,Refinance,Primary,Single Family,ServicerB,2019
LN0006839,2018-01,74000,3.25,180,620-659,<=60,37-43,ID,Purchase,Primary,Co-op,ServicerD,2018
LN0006840,2019-09,88000,3.625,180,780+,71-80,37-43,ID,Cash-Out Refinance,Primary,Single Family,ServicerA,2019
LN0006841,2022-07,110000,3.25,180,780+,<=60,37-43,HI,Other,Primary,Multi-Family,ServicerE,2022
LN0006842,2018-09,94000,2.99,360,620-659,96-100,37-43,NH,Refinance,Primary,PUD,ServicerE,2018
LN0006843,2021-01,219000,3.75,360,620-659,71-80,>50,WY,Refinance,Primary,Multi-Family,ServicerB,2021
LN0006844,2021-07,309000,5.625,360,620-659,71-80,<=28,NV,Purchase,Primary,Multi-Family,ServicerA,2021
LN0006845,2019-07,213000,2.375,180,780+,71-80,,,Cash-Out Refinance,Primary,Single Family,ServicerE,2019
LN0006846,2021-09,236000,3.125,360,620-659,71-80,37-43,NE,Purchase,Primary,Condo,ServicerD,2021
LN0006847,2019-02,158000,5.375,180,700-739,81-90,29-36,ID,Refinance,Primary,Condo,ServicerD,2019
LN0006848,2021-02,192000,4.75,180,700-739,71-80,<=28,MT,Cash-Out Refinance,Primary,Multi-Family,ServicerA,2021
LN0006849,2022-06,232000,2.25,180,700-739,91-95,37-43,MT,Cash-Out Refinance,Primary,Co-op,ServicerB,2022
LN0006850,2020-04,230000,6.375,240,<620,81-90,29-36,VT,Cash-Out Refinance,Primary,Multi-Family,ServicerA,2020
LN0006851,2020-07,362000,3.312,180,660-699,71-80,37-43,HI,Cash-Out Refinance,Primary,PUD,ServicerD,2020
LN0006852,2018-04,60000,7.49,180,,71-80,37-43,ID,Purchase,Primary,Multi-Family,ServicerC,2018
LN0006853,2019-02,187000,2.625,360,780+,71-80,44-50,NE,Refinance,Primary,Condo,ServicerA,2019
LN0006854,2022-01,86000,3.25,180,740-779,<=60,37-43,ID,Cash-Out Refinance,Primary,Single Family,ServicerB,2022
LN0006855,2019-07,162000,2.375,360,<620,91-95,29-36,VT,Purchase,Primary,Single Family,ServicerB,2019
LN0006856,2022-10,377000,2.375,360,660-699,<=60,44-50,NE,Purchase,Primary,PUD,ServicerC,2022
LN0006857,2018-01,255000,7.125,360,740-779,71-80,37-43,MT,Purchase,Secondary,Condo,ServicerE,2018
LN0006858,2019-01,53000,8.74,360,660-699,96-100,44-50,ID,Purchase,Primary,Single Family,ServicerB,2019
LN0006859,2018-01,402000,3.0,360,780+,81-90,29-36,NH,Cash-Out Refinance,Primary,Co-op,ServicerD,2018
LN0006860,2019-08,253000,7.375,180,740-779,81-90,29-36,NH,Refinance,Primary,PUD,ServicerD,2019
LN0006861,2019-05,58000,6.999,360,<620,71-80,29-36,NE,Refinance,Primary,Condo,ServicerD,2019
LN0006862,2018-06,148000,2.875,180,780+,81-90,<=28,KS,Purchase,Primary,Single Family,ServicerB,2018
LN0006863,2020-10,234000,3.0,360,780+,91-95,37-43,NH,Purchase,Investment,Condo,ServicerA,2020
LN0006864,2019-05,165000,4.25,360,<620,,37-43,KS,Purchase,Primary,Single Family,ServicerE,2019
LN0006865,2019-10,156000,2.375,240,700-739,71-80,29-36,MT,Refinance,Primary,Co-op,ServicerA,2019
LN0006866,2021-08,213000,7.0,360,660-699,<=60,44-50,DE,Refinance,Primary,Condo,ServicerA,2021
LN0006867,2018-11,166000,7.0,360,700-739,91-95,44-50,NH,Cash-Out Refinance,Secondary,Co-op,ServicerA,2018
LN0006868,2018-02,173000,3.0,360,620-659,61-70,37-43,NH,Purchase,Secondary,Co-op,ServicerD,2018
LN0006869,2020-09,84000,2.875,360,700-739,<=60,37-43,SD,Cash-Out Refinance,Primary,Co-op,ServicerA,2020
LN0006870,2019-08,123000,7.125,360,780+,71-80,44-50,RI,Refinance,Primary,Co-op,ServicerD,2019
LN0006871,2020-04,163000,3.25,360,700-739,81-90,>50,DE,Purchase,Primary,Single Family,ServicerB,2020
LN0006872,2021-12,114000,2.5,360,620-659,<=60,37-43,NM,Purchase,Investment,Condo,ServicerC,2021
LN0006873,2020-06,390000,6.875,360,,<=60,37-43,WV,Refinance,Primary,Co-op,ServicerC,2020
LN0006874,2022-05,225000,6.75,180,660-699,<=60,37-43,KS,Purchase,Primary,Condo,ServicerE,2022
LN0006875,2019-09,70000,6.125,120,780+,<=60,37-43,ND,Purchase,Primary,Condo,ServicerB,2019
LN0006876,2020-06,183000,5.625,360,700-739,96-100,<=28,NE,Refinance,Primary,Multi-Family,ServicerE,2020
LN0006877,2022-09,225000,3.5,360,620-659,<=60,29-36,AK,Refinance,Primary,Co-op,ServicerA,2022
LN0006878,2018-01,108000,4.125,360,620-659,71-80,44-50,WV,Other,Primary,Multi-Family,ServicerD,2018
LN0006879,2020-07,296000,3.0,360,740-779,96-100,37-43,NM,Purchase,Secondary,Single Family,ServicerB,2020
LN0006880,2022-08,323000,7.95,240,660-699,91-95,37-43,MT,Purchase,Primary,PUD,ServicerB,2022
LN0006881,2020-02,137000,3.625,360,740-779,71-80,,HI,Purchase,Investment,Condo,ServicerB,2020
LN0006882,2019-03,80000,7.5,180,660-699,61-70,>50,RI,Refinance,Primary,Multi-Family,ServicerC,2019
LN0006883,2022-04,90000,2.75,360,660-699,71-80,37-43,NV,Purchase,Primary,Multi-Family,ServicerD,2022
LN0006884,2020-12,114000,3.625,360,700-739,,44-50,RI,Purchase,Primary,Co-op,ServicerC,2020
LN0006885,2022-04,158000,2.875,360,780+,<=60,44-50,WV,Refinance,Primary,Single Family,ServicerA,2022
LN0006886,2018-06,66000,4.99,360,780+,61-70,44-50,KS,Purchase,Primary,Multi-Family,ServicerA,2018
LN0006887,2019-01,136000,3.75,360,660-699,<=60,37-43,MT,Refinance,Secondary,Condo,ServicerE,2019
LN0006888,2019-12,114000,6.75,360,660-699,<=60,37-43,,Cash-Out Refinance,Primary,Multi-Family,ServicerA,2019
LN0006889,2021-11,173000,3.375,360,620-659,<=60,44-50,VT,Cash-Out Refinance,Primary,PUD,ServicerD,2021
LN0006890,2021-02,150000,2.75,360,700-739,61-70,44-50,NE,Cash-Out Refinance,Primary,Single Family,ServicerA,2021
LN0006891,2018-08,411000,5.75,360,700-739,<=60,37-43,,Purchase,Primary,Single Family,ServicerB,2018
LN0006892,2018-05,361000,2.5,360,780+,61-70,,NM,Purchase,Primary,PUD,ServicerD,2018
LN0006893,2020-10,50000,2.95,360,,<=60,29-36,ID,Purchase,Primary,Single Family,ServicerE,2020
LN0006894,2021-05,233000,4.25,360,700-739,<=60,37-43,NE,Purchase,Primary,Single Family,ServicerA,2021
LN0006895,2018-01,285000,3.875,360,700-739,<=60,29-36,ID,Purchase,Primary,PUD,ServicerB,2018
LN0006896,2020-10,158000,6.875,360,780+,61-70,37-43,ID,Refinance,Investment,PUD,ServicerE,2020
LN0006897,2021-08,96000,3.375,360,740-779,71-80,<=28,AK,Purchase,Primary,Single Family,ServicerA,2021
LN0006898,2018-07,108000,2.25,360,<620,91-95,29-36,ID,Purchase,Secondary,Single Family,ServicerD,2018
LN0006899,2021-08,406000,4.0,240,660-699,71-80,29-36,NE,Refinance,Primary,Multi-Family,ServicerE,2021
LN0006900,2018-04,208000,3.0,360,700-739,61-70,29-36,NH,Refinance,Primary,PUD,ServicerB,2018
LN0006901,2019-07,84000,2.75,360,660-699,61-70,>50,DE,Purchase,Primary,Condo,ServicerD,2019
LN0006902,2019-11,112000,4.32,360,620-659,61-70,44-50,ND,Other,Primary,Co-op,ServicerA,2019
LN0006903,2021-09,113000,5.875,360,<620,<=60,44-50,NM,Purchase,Primary,Co-op,ServicerA,2021
LN0006904,2018-11,431000,5.625,360,740-779,71-80,29-36,DE,Refinance,Primary,PUD,ServicerA,2018
LN0006905,2020-01,459000,3.5,360,660-699,81-90,44-50,DE,Other,Primary,Condo,ServicerE,2020
LN0006906,2022-06,174000,6.875,180,<620,<=60,44-50,NM,Purchase,Primary,Condo,ServicerE,2022
LN0006907,2018-10,122000,6.45,360,660-699,96-100,44-50,KS,Purchase,Primary,Co-op,ServicerD,2018
LN0006908,2020-05,278000,3.875,360,740-779,61-70,37-43,DE,Purchase,Primary,Multi-Family,ServicerB,2020
LN0006909,2022-04,254000,3.0,360,780+,91-95,44-50,ID,Purchase,Primary,Multi-Family,ServicerB,2022
LN0006910,2018-06,72000,3.25,360,700-739,71-80,44-50,ID,Refinance,Primary,Co-op,ServicerE,2018
LN0006911,2022-07,108000,3.75,360,700-739,<=60,>50,NH,Refinance,Primary,Condo,ServicerA,2022
LN0006912,2021-12,131000,3.25,360,780+,71-80,37-43,NH,Purchase,Primary,Multi-Family,ServicerB,2021
LN0006913,2018-02,200000,3.375,240,660-699,>100,<=28,WY,Refinance,Primary,Single Family,ServicerC,2018
LN0006914,2022-07,261000,10.0,360,660-699,96-100,>50,ID,Purchase,Primary,Condo,ServicerD,2022
LN0006915,2020-09,126000,4.75,360,660-699,61-70,37-43,ID,Purchase,Primary,Condo,ServicerB,2020
LN0006916,2021-07,321000,2.375,180,620-659,<=60,37-43,NM,Refinance,Primary,PUD,ServicerE,2021
LN0006917,2022-12,45000,5.25,180,660-699,71-80,37-43,VT,Purchase,Primary,Single Family,ServicerE,2022
LN0006918,2022-09,194000,2.75,180,780+,96-100,44-50,VT,Refinance,Primary,Multi-Family,ServicerA,2022
LN0006919,2020-03,63000,4.125,360,740-779,96-100,,WY,Other,Primary,Multi-Family,ServicerE,2020
LN0006920,2021-08,84000,5.0,360,700-739,96-100,29-36,NV,Purchase,Investment,Condo,ServicerD,2021
LN0006921,2019-03,186000,6.0,360,780+,<=60,29-36,ND,Purchase,Primary,Co-op,ServicerE,2019
LN0006922,2018-05,157000,4.0,360,<620,91-95,37-43,ID,Refinance,Secondary,Multi-Family,ServicerE,2018
LN0006923,2020-02,165000,2.875,360,660-699,91-95,29-36,VT,Refinance,Primary,Single Family,ServicerB,2020
LN0006924,2019-09,147000,6.875,180,700-739,<=60,44-50,NE,Purchase,Investment,Condo,ServicerA,2019
LN0006925,2020-06,266000,2.375,360,740-779,<=60,29-36,NE,Purchase,Primary,Multi-Family,ServicerD,2020
LN0006926,2022-07,124000,3.875,240,<620,71-80,44-50,NE,Purchase,Primary,Condo,ServicerB,2022
LN0006927,2018-10,63000,8.66,360,700-739,81-90,37-43,RI,Purchase,Secondary,PUD,ServicerC,2018
LN0006928,2020-06,212000,3.875,360,740-779,96-100,37-43,HI,Refinance,Primary,Co-op,ServicerA,2020
LN0006929,2020-11,180000,6.75,360,740-779,71-80,37-43,MS,Purchase,Primary,Single Family,ServicerB,2020
LN0006930,2020-11,175000,5.875,360,740-779,61-70,,WY,Other,Primary,Condo,ServicerD,2020
LN0006931,2022-01,129000,2.5,240,660-699,81-90,37-43,VT,Purchase,Primary,Co-op,ServicerE,2022
LN0006932,2018-05,334000,2.5,180,620-659,,29-36,ID,Cash-Out Refinance,Primary,Condo,ServicerE,2018
LN0006933,2022-11,175000,2.5,360,700-739,96-100,<=28,NM,Refinance,Primary,Multi-Family,ServicerC,2022
LN0006934,2020-05,160000,3.75,360,620-659,>100,37-43,SD,Purchase,Primary,Multi-Family,ServicerC,2020
LN0006935,2019-08,234000,2.75,360,780+,91-95,29-36,WV,Purchase,Secondary,Condo,ServicerA,2019
LN0006936,2021-01,255000,3.625,360,700-739,71-80,37-43,MS,Purchase,Primary,Multi-Family,ServicerA,2021
LN0006937,2021-01,112000,2.24,360,660-699,61-70,37-43,ID,Refinance,Primary,Single Family,ServicerB,2021
LN0006938,2021-01,206000,4.125,360,740-779,81-90,44-50,ID,Purchase,Primary,Co-op,ServicerA,2021
LN0006939,2020-08,66000,5.0,180,700-739,<=60,37-43,NH,Purchase,Primary,Multi-Family,ServicerC,2020
LN0006940,2022-04,324000,2.99,360,660-699,96-100,37-43,NH,Refinance,Primary,Single Family,ServicerD,2022
LN0006941,2021-01,189000,2.75,180,740-779,<=60,44-50,ID,Purchase,Primary,Co-op,ServicerB,2021
LN0006942,2022-02,345000,3.625,240,780+,71-80,44-50,ID,Purchase,Primary,Co-op,ServicerA,2022
LN0006943,2020-10,80000,2.999,360,740-779,91-95,<=28,NE,Refinance,Primary,PUD,ServicerC,2020
LN0006944,2022-06,217000,4.0,360,<620,<=60,37-43,ND,Purchase,Primary,Co-op,ServicerB,2022
LN0006945,2018-08,240000,3.5,180,700-739,71-80,37-43,NV,Refinance,Primary,Single Family,ServicerE,2018
LN0006946,2019-05,108000,6.625,360,740-779,<=60,44-50,SD,Purchase,Primary,Condo,ServicerE,2019
LN0006947,2020-05,143000,3.5,360,620-659,<=60,29-36,HI,Purchase,Primary,Condo,ServicerB,2020
LN0006948,2021-03,380000,5.375,360,660-699,91-95,<=28,ID,Other,Primary,Co-op,ServicerB,2021
LN0006949,2019-11,390000,4.5,360,780+,91-95,>50,NH,Refinance,Primary,Condo,ServicerD,2019
LN0006950,2019-03,49000,2.875,360,<620,81-90,>50,ID,Purchase,Primary,Single Family,ServicerA,2019
LN0006951,2022-11,198000,3.5,120,740-779,,>50,SD,Purchase,Primary,Condo,ServicerA,2022
LN0006952,2018-04,163000,5.75,360,700-739,<=60,29-36,KS,Refinance,Primary,Condo,ServicerC,2018
LN0006953,2018-11,496000,2.875,360,700-739,<=60,37-43,MT,Purchase,Primary,Single Family,ServicerE,2018
LN0006954,2018-03,307000,2.75,360,<620,<=60,>50,MT,Purchase,Primary,Multi-Family,ServicerB,2018
LN0006955,2022-08,528000,3.99,360,740-779,>100,<=28,WY,Purchase,Primary,PUD,ServicerB,2022
LN0006956,2022-06,527000,3.75,360,660-699,71-80,44-50,MT,Purchase,Secondary,Single Family,ServicerC,2022
LN0006957,2018-09,174000,4.0,180,700-739,71-80,44-50,ID,Purchase,Primary,PUD,ServicerC,2018
LN0006958,2019-01,143000,2.625,360,740-779,<=60,<=28,NE,Refinance,Primary,Co-op,ServicerB,2019
LN0006959,2020-05,248000,6.75,180,740-779,61-70,44-50,KS,Purchase,Primary,PUD,ServicerB,2020
LN0006960,2018-11,248000,5.625,360,780+,71-80,29-36,NH,Purchase,Primary,PUD,ServicerB,2018
LN0006961,2020-09,124000,2.99,360,700-739,61-70,44-50,AK,Purchase,Primary,Multi-Family,ServicerA,2020
LN0006962,2018-10,285000,6.24,360,700-739,<=60,37-43,MT,Purchase,Primary,Condo,ServicerA,2018
LN0006963,2019-06,116000,6.625,360,780+,96-100,29-36,KS,Purchase,Primary,Condo,ServicerB,2019
LN0006964,2018-02,100000,4.7,360,740-779,71-80,44-50,ND,Purchase,Primary,Condo,ServicerA,2018
LN0006965,2022-08,137000,3.125,360,660-699,81-90,>50,ID,Cash-Out Refinance,Investment,Multi-Family,ServicerA,2022
LN0006966,2018-09,545000,4.5,360,620-659,>100,44-50,MS,Purchase,Primary,Condo,ServicerB,2018
LN0006967,2018-04,173000,3.5,360,780+,<=60,37-43,SD,Refinance,Primary,Single Family,ServicerB,2018
LN0006968,2019-06,147000,5.5,180,660-699,71-80,44-50,NH,Cash-Out Refinance,Primary,Single Family,ServicerA,2019
LN0006969,2022-06,121000,4.0,360,740-779,<=60,29-36,VT,Purchase,Primary,PUD,ServicerE,2022
LN0006970,2021-02,126000,4.125,360,700-739,<=60,37-43,NH,Purchase,Primary,Single Family,ServicerC,2021
LN0006971,2021-05,104000,2.375,360,620-659,<=60,44-50,ID,Other,Primary,Multi-Family,ServicerE,2021
LN0006972,2019-01,322000,6.625,360,740-779,96-100,37-43,MS,Other,Primary,Co-op,ServicerD,2019
LN0006973,2020-10,473000,3.0,360,<620,71-80,29-36,DE,Purchase,Primary,Multi-Family,ServicerE,2020
LN0006974,2020-06,166000,2.75,240,700-739,71-80,29-36,VT,Cash-Out Refinance,Primary,PUD,ServicerB,2020
LN0006975,2021-11,108000,6.875,360,700-739,71-80,29-36,,Purchase,Investment,Condo,ServicerD,2021
LN0006976,2020-08,197000,2.875,360,700-739,71-80,44-50,ID,Refinance,Primary,Single Family,ServicerA,2020
LN0006977,2020-10,136000,5.25,360,740-779,<=60,37-43,SD,Refinance,Primary,PUD,ServicerE,2020
LN0006978,2018-03,568000,3.0,180,780+,<=60,44-50,NH,Refinance,Primary,Single Family,ServicerC,2018
LN0006979,2020-01,172000,7.25,360,740-779,<=60,44-50,NH,Purchase,Primary,Co-op,ServicerC,2020
LN0006980,2020-03,353000,2.75,360,<620,81-90,37-43,NE,Refinance,Primary,PUD,ServicerC,2020
LN0006981,2022-01,525000,4.75,360,620-659,,29-36,MT,Refinance,Primary,Single Family,ServicerE,2022
LN0006982,2018-10,136000,6.75,360,700-739,<=60,37-43,ID,Purchase,Primary,Co-op,ServicerB,2018
LN0006983,2019-06,140000,3.0,360,780+,71-80,44-50,AK,Refinance,Investment,PUD,ServicerC,2019
LN0006984,2022-12,261000,4.5,360,780+,71-80,37-43,ND,Purchase,Primary,Co-op,ServicerE,2022
LN0006985,2022-10,119000,8.1,360,780+,<=60,44-50,VT,Purchase,Primary,Multi-Family,ServicerE,2022
LN0006986,2020-04,274000,4.75,360,,71-80,29-36,HI,Purchase,Investment,Co-op,ServicerC,2020
LN0006987,2021-10,259000,2.125,240,700-739,71-80,>50,WV,Refinance,Primary,Co-op,ServicerD,2021
LN0006988,2018-11,201000,4.99,360,700-739,,44-50,NH,Refinance,Primary,Co-op,ServicerE,2018
LN0006989,2019-07,307000,3.25,360,620-659,61-70,<=28,NE,Refinance,Primary,PUD,ServicerE,2019
LN0006990,2018-02,237000,3.25,180,<620,96-100,29-36,ID,Purchase,Investment,Co-op,ServicerE,2018
LN0006991,2019-10,220000,3.25,360,780+,71-80,29-36,MT,Purchase,Primary,Single Family,ServicerD,2019
LN0006992,2022-10,336000,2.99,360,660-699,71-80,44-50,MT,Refinance,Primary,Condo,ServicerD,2022
LN0006993,2022-12,291000,4.625,360,660-699,<=60,37-43,ID,Purchase,Primary,PUD,ServicerE,2022
LN0006994,2021-09,73000,3.5,240,620-659,71-80,<=28,ID,Cash-Out Refinance,Investment,PUD,ServicerC,2021
LN0006995,2018-09,262000,3.25,360,780+,91-95,<=28,NH,Purchase,Primary,Multi-Family,ServicerB,2018
LN0006996,2018-10,83000,2.875,360,700-739,96-100,37-43,ID,Cash-Out Refinance,Investment,PUD,ServicerD,2018
LN0006997,2021-11,261000,4.125,180,740-779,61-70,37-43,VT,Cash-Out Refinance,Primary,Multi-Family,ServicerC,2021
LN0006998,2022-09,143000,3.0,180,780+,71-80,44-50,HI,Purchase,Primary,Multi-Family,ServicerC,2022
LN0006999,2021-06,138000,2.99,360,660-699,<=60,37-43,ID,Cash-Out Refinance,Primary,Multi-Family,ServicerA,2021
LN0007000,2020-04,83000,4.875,360,740-779,<=60,37-43,MT,Refinance,Secondary,Co-op,ServicerD,2020
LN0007001,2022-05,208000,2.75,120,<620,61-70,37-43,KS,Refinance,Primary,Co-op,ServicerD,2022
LN0007002,2019-06,275000,11.125,360,620-659,,37-43,NH,Cash-Out Refinance,Primary,Multi-Family,ServicerE,2019
LN0007003,2019-06,360000,3.625,360,780+,<=60,37-43,NM,Refinance,Primary,Multi-Family,ServicerB,2019
LN0007004,2019-08,210000,3.375,180,740-779,71-80,44-50,NE,Purchase,Primary,PUD,ServicerD,2019
LN0007005,2020-12,152000,3.125,360,660-699,96-100,44-50,ID,Purchase,Primary,Condo,ServicerD,2020
LN0007006,2018-12,207000,2.601,360,660-699,<=60,,VT,Purchase,Primary,Co-op,ServicerD,2018
LN0007007,2019-08,148000,5.5,360,700-739,71-80,<=28,ID,Refinance,Primary,PUD,ServicerC,2019
LN0007008,2021-06,85000,8.5,360,<620,71-80,>50,HI,Purchase,Investment,PUD,ServicerC,2021
LN0007009,2018-06,409000,2.625,360,660-699,<=60,44-50,NE,Cash-Out Refinance,Primary,Multi-Family,ServicerA,2018
LN0007010,2022-09,165000,6.875,360,660-699,91-95,44-50,WY,Cash-Out Refinance,Primary,Multi-Family,ServicerD,2022
LN0007011,2018-06,281000,7.75,120,660-699,>100,<=28,DE,Refinance,Primary,Condo,ServicerB,2018
LN0007012,2021-10,254000,3.625,360,740-779,71-80,44-50,,Refinance,Primary,Single Family,ServicerE,2021
LN0007013,2019-08,152000,3.25,360,660-699,>100,37-43,MT,Refinance,Primary,Multi-Family,ServicerB,2019
LN0007014,2021-04,70000,2.25,180,620-659,<=60,37-43,MS,Other,Primary,Multi-Family,ServicerB,2021
LN0007015,2022-03,123000,2.75,360,700-739,<=60,44-50,NH,Purchase,Primary,Multi-Family,ServicerD,2022
LN0007016,2022-04,124000,2.375,360,780+,81-90,37-43,NE,Refinance,Primary,Single Family,ServicerD,2022
LN0007017,2021-11,113000,2.75,360,660-699,<=60,44-50,ID,Cash-Out Refinance,Primary,PUD,ServicerE,2021
LN0007018,2022-11,463000,2.875,360,<620,<=60,44-50,WY,Purchase,Primary,Multi-Family,ServicerB,2022
LN0007019,2019-10,121000,6.625,180,660-699,71-80,37-43,ID,Refinance,Primary,PUD,ServicerE,2019
LN0007020,2020-05,209000,5.3,360,740-779,<=60,44-50,NH,Refinance,Primary,Co-op,ServicerA,2020
LN0007021,2020-06,146000,7.75,360,700-739,81-90,>50,NH,Purchase,Primary,Co-op,ServicerA,2020
LN0007022,2018-02,161000,2.5,360,740-779,<=60,44-50,NH,Refinance,Primary,Single Family,ServicerC,2018
LN0007023,2021-07,137000,2.75,240,780+,61-70,37-43,DE,Purchase,Primary,PUD,ServicerB,2021
LN0007024,2022-03,388000,8.24,360,,71-80,37-43,MT,Refinance,Investment,PUD,ServicerA,2022
LN0007025,2022-08,183000,3.375,360,740-779,,37-43,NM,Refinance,Primary,Multi-Family,ServicerE,2022
LN0007026,2019-03,145000,3.25,360,700-739,96-100,>50,NE,Purchase,Primary,Co-op,ServicerA,2019
LN0007027,2021-01,325000,5.25,360,<620,61-70,37-43,ID,Refinance,Primary,Co-op,ServicerA,2021
LN0007028,2019-02,125000,2.5,360,780+,91-95,44-50,ND,Purchase,Primary,Multi-Family,ServicerA,2019
LN0007029,2021-05,110000,7.5,360,700-739,<=60,37-43,NH,Purchase,Primary,Multi-Family,ServicerA,2021
LN0007030,2022-12,266000,3.5,180,620-659,61-70,44-50,DE,Purchase,Primary,Single Family,ServicerE,2022
LN0007031,2021-12,173000,2.875,360,740-779,81-90,44-50,ID,Purchase,Primary,Co-op,ServicerE,2021
LN0007032,2018-03,239000,5.5,360,660-699,61-70,37-43,NH,Purchase,Primary,Single Family,ServicerB,2018
LN0007033,2018-07,103000,4.875,360,700-739,>100,>50,DE,Purchase,Primary,Condo,ServicerE,2018
LN0007034,2018-12,240000,4.25,120,700-739,91-95,29-36,NH,Refinance,Primary,Condo,ServicerC,2018
LN0007035,2019-02,314000,2.875,360,700-739,71-80,37-43,ID,Purchase,Primary,PUD,ServicerC,2019
LN0007036,2019-09,294000,7.5,360,780+,81-90,>50,ID,Refinance,Primary,Multi-Family,ServicerB,2019
LN0007037,2022-07,202000,7.0,360,660-699,61-70,37-43,NM,Purchase,Primary,Single Family,ServicerC,2022
LN0007038,2021-06,406000,2.5,360,700-739,81-90,44-50,WV,Cash-Out Refinance,Primary,Co-op,ServicerB,2021
LN0007039,2019-07,266000,2.874,360,700-739,<=60,,NH,Refinance,Primary,Multi-Family,ServicerB,2019
LN0007040,2022-04,166000,6.0,360,740-779,81-90,37-43,ND,Refinance,Primary,Co-op,ServicerE,2022
LN0007041,2020-02,98000,2.875,180,740-779,96-100,44-50,AK,Purchase,Primary,Condo,ServicerB,2020
LN0007042,2020-06,119000,3.74,360,700-739,61-70,29-36,NV,Refinance,Primary,PUD,ServicerD,2020
LN0007043,2022-10,138000,4.74,360,740-779,<=60,29-36,NE,Purchase,Primary,Single Family,ServicerD,2022
LN0007044,2022-02,109000,7.125,360,620-659,71-80,44-50,DE,Purchase,Primary,Condo,ServicerA,2022
LN0007045,2018-02,256000,4.24,360,780+,<=60,29-36,ID,Refinance,Primary,Multi-Family,ServicerA,2018
LN0007046,2020-08,223000,1.875,180,700-739,71-80,44-50,NH,Purchase,Primary,PUD,ServicerE,2020
LN0007047,2021-11,205000,3.125,360,740-779,<=60,37-43,NH,Purchase,Primary,Condo,ServicerE,2021
LN0007048,2021-12,255000,4.5,360,<620,71-80,>50,KS,Purchase,Primary,Condo,ServicerC,2021
LN0007049,2021-05,136000,6.5,360,660-699,71-80,37-43,SD,Purchase,Primary,Single Family,ServicerD,2021
LN0007050,2021-12,129000,6.04,360,700-739,61-70,<=28,NE,Other,Primary,Single Family,ServicerE,2021
LN0007051,2019-12,128000,6.415,120,780+,71-80,29-36,WV,Refinance,Investment,PUD,ServicerC,2019
LN0007052,2019-12,108000,6.125,180,700-739,71-80,44-50,NE,Purchase,Primary,Single Family,ServicerC,2019
LN0007053,2022-09,443000,4.99,360,780+,91-95,44-50,NH,Cash-Out Refinance,Primary,Multi-Family,ServicerA,2022
LN0007054,2018-03,96000,2.625,120,700-739,<=60,29-36,WY,Refinance,Primary,Condo,ServicerB,2018
LN0007055,2018-10,162000,3.125,360,700-739,61-70,37-43,MS,Refinance,Primary,Single Family,ServicerE,2018
LN0007056,2022-06,62000,3.375,360,620-659,<=60,37-43,NH,Refinance,Primary,PUD,ServicerA,2022
LN0007057,2021-07,55000,3.49,180,740-779,96-100,37-43,HI,Refinance,Primary,Condo,ServicerE,2021
LN0007058,2020-08,223000,3.875,360,660-699,81-90,29-36,AK,Purchase,Primary,Condo,ServicerC,2020
LN0007059,2019-09,374000,6.425,240,780+,91-95,<=28,SD,Refinance,Primary,Multi-Family,ServicerE,2019
LN0007060,2022-05,355000,3.99,360,780+,91-95,37-43,ID,Purchase,Primary,Single Family,ServicerC,2022
LN0007061,2018-04,343000,6.875,360,780+,61-70,44-50,NM,Other,Primary,PUD,ServicerE,2018
LN0007062,2020-08,154000,5.0,360,700-739,81-90,37-43,WY,Purchase,Primary,Multi-Family,ServicerD,2020
LN0007063,2020-01,321000,3.25,360,740-779,<=60,44-50,NM,Refinance,Primary,Condo,ServicerA,2020
LN0007064,2022-09,241000,6.25,180,740-779,61-70,44-50,VT,Purchase,Primary,Co-op,ServicerC,2022
LN0007065,2022-10,62000,3.74,360,620-659,71-80,<=28,NH,Refinance,Primary,PUD,ServicerC,2022
LN0007066,2022-07,96000,3.625,180,740-779,96-100,37-43,WV,Refinance,Primary,PUD,ServicerB,2022
LN0007067,2020-06,66000,3.625,180,<620,71-80,29-36,KS,Purchase,Primary,PUD,ServicerD,2020
LN0007068,2021-06,358000,3.5,360,700-739,81-90,37-43,MS,Refinance,Primary,Single Family,ServicerE,2021
LN0007069,2019-03,250000,5.5,180,620-659,71-80,,WY,Refinance,Primary,Multi-Family,ServicerC,2019
LN0007070,2018-12,260000,3.875,360,620-659,91-95,37-43,HI,Cash-Out Refinance,Secondary,Multi-Family,ServicerA,2018
LN0007071,2019-07,206000,3.25,180,660-699,91-95,37-43,,Refinance,Primary,Multi-Family,ServicerC,2019
LN0007072,2022-05,52000,2.5,360,700-739,<=60,>50,HI,Cash-Out Refinance,Primary,Condo,ServicerB,2022
LN0007073,2022-10,281000,2.875,360,740-779,96-100,<=28,NM,Purchase,Primary,Multi-Family,ServicerB,2022
LN0007074,2020-02,53000,3.875,360,<620,71-80,<=28,ID,Purchase,Primary,Co-op,ServicerA,2020
LN0007075,2020-05,47000,4.0,240,700-739,96-100,44-50,ID,Refinance,Primary,PUD,ServicerC,2020
LN0007076,2019-02,138000,5.5,360,620-659,61-70,29-36,NE,Refinance,Primary,Condo,ServicerC,2019
LN0007077,2020-05,181000,4.0,360,700-739,91-95,<=28,NH,Refinance,Primary,PUD,ServicerE,2020
LN0007078,2021-08,67000,2.875,180,740-779,,37-43,NM,Cash-Out Refinance,Primary,Single Family,ServicerC,2021
LN0007079,2019-03,169000,6.75,360,700-739,91-95,37-43,SD,Purchase,Investment,PUD,ServicerD,2019
LN0007080,2020-05,276000,2.875,360,740-779,<=60,29-36,MT,Purchase,Primary,PUD,ServicerA,2020
LN0007081,2022-02,754000,3.375,360,660-699,61-70,44-50,ND,Refinance,Primary,Single Family,ServicerA,2022
LN0007082,2019-11,123000,4.5,180,740-779,<=60,44-50,ID,Cash-Out Refinance,Primary,Multi-Family,ServicerB,2019
LN0007083,2020-03,305000,3.375,360,700-739,61-70,44-50,ID,Refinance,Primary,Condo,ServicerC,2020
LN0007084,2018-04,158000,2.25,360,700-739,71-80,44-50,NM,Purchase,Primary,Multi-Family,ServicerA,2018
LN0007085,2022-09,119000,5.99,180,740-779,91-95,<=28,MT,Cash-Out Refinance,Primary,PUD,ServicerE,2022
LN0007086,2019-01,147000,2.875,360,<620,81-90,37-43,NH,Cash-Out Refinance,Primary,Co-op,ServicerE,2019
LN0007087,2022-01,263000,3.25,360,740-779,96-100,44-50,VT,Cash-Out Refinance,Primary,Single Family,ServicerE,2022
LN0007088,2022-09,195000,8.5,360,740-779,<=60,44-50,KS,Refinance,Primary,Condo,ServicerB,2022
LN0007089,2019-01,158000,3.0,360,660-699,81-90,29-36,NH,Other,Primary,Condo,ServicerB,2019
LN0007090,2021-01,160000,1.99,180,620-659,<=60,29-36,NM,Purchase,Primary,Condo,ServicerB,2021
LN0007091,2020-04,84000,5.374,360,620-659,>100,<=28,NM,Refinance,Primary,Condo,ServicerB,2020
LN0007092,2020-10,108000,6.625,360,780+,<=60,37-43,SD,Purchase,Primary,Co-op,ServicerA,2020
LN0007093,2021-12,382000,6.375,360,740-779,<=60,44-50,MT,Refinance,Primary,Co-op,ServicerC,2021
LN0007094,2021-09,94000,2.687,240,620-659,<=60,44-50,AK,Purchase,Secondary,Multi-Family,ServicerB,2021
LN0007095,2019-08,96000,3.75,180,660-699,61-70,44-50,NH,Purchase,Primary,Multi-Family,ServicerB,2019
LN0007096,2020-02,701000,5.094,360,700-739,<=60,44-50,KS,Purchase,Primary,Single Family,ServicerE,2020
LN0007097,2018-08,209000,5.625,360,780+,96-100,29-36,ID,Cash-Out Refinance,Primary,PUD,ServicerC,2018
LN0007098,2021-08,343000,5.625,180,<620,<=60,>50,WV,Purchase,Primary,Co-op,ServicerE,2021
LN0007099,2020-02,251000,2.375,360,660-699,81-90,29-36,NH,Purchase,Primary,PUD,ServicerA,2020
LN0007100,2019-05,165000,3.375,120,780+,71-80,>50,VT,Refinance,Primary,Single Family,ServicerC,2019
LN0007101,2018-06,192000,3.25,360,<620,<=60,37-43,NM,Purchase,Primary,Multi-Family,ServicerD,2018
LN0007102,2018-12,148000,3.5,360,660-699,61-70,,NE,Purchase,Primary,Co-op,ServicerE,2018
LN0007103,2019-12,180000,3.375,240,780+,91-95,44-50,SD,Purchase,Primary,Condo,ServicerD,2019
LN0007104,2018-06,317000,5.25,360,740-779,71-80,37-43,NM,Refinance,Primary,Co-op,ServicerE,2018
LN0007105,2019-09,81000,5.5,360,660-699,61-70,29-36,WV,Purchase,Investment,Condo,ServicerC,2019
LN0007106,2020-05,183000,5.75,180,<620,96-100,,NM,Refinance,Investment,PUD,ServicerD,2020
LN0007107,2021-11,243000,2.25,360,<620,61-70,37-43,,Other,Primary,Multi-Family,ServicerA,2021
LN0007108,2022-11,314000,3.25,180,660-699,71-80,<=28,RI,Refinance,Primary,Single Family,ServicerD,2022
LN0007109,2018-12,104000,6.0,360,780+,71-80,44-50,MT,Purchase,Primary,Single Family,ServicerB,2018
LN0007110,2020-01,280000,3.5,360,700-739,96-100,29-36,ID,Cash-Out Refinance,Primary,PUD,ServicerB,2020
LN0007111,2021-02,135000,2.5,360,740-779,71-80,29-36,,Refinance,Primary,Multi-Family,ServicerC,2021
LN0007112,2022-06,140000,6.875,180,780+,91-95,29-36,NM,Purchase,Primary,Multi-Family,ServicerA,2022
LN0007113,2019-09,325000,3.44,180,700-739,71-80,37-43,DE,Purchase,Primary,Co-op,ServicerB,2019
LN0007114,2018-11,153000,2.99,360,620-659,61-70,44-50,HI,Purchase,Primary,Single Family,ServicerA,2018
LN0007115,2018-04,147000,2.5,180,700-739,91-95,>50,DE,Refinance,Primary,Multi-Family,ServicerE,2018
LN0007116,2019-10,603000,8.75,360,780+,71-80,>50,ID,Cash-Out Refinance,Primary,Co-op,ServicerD,2019
LN0007117,2021-04,164000,5.764,180,740-779,96-100,37-43,WY,Purchase,Primary,Multi-Family,ServicerB,2021
LN0007118,2019-05,119000,3.74,360,<620,<=60,>50,SD,Cash-Out Refinance,Primary,Co-op,ServicerD,2019
LN0007119,2021-03,86000,4.5,180,740-779,71-80,37-43,DE,Purchase,Primary,Single Family,ServicerA,2021
LN0007120,2021-03,104000,3.5,360,700-739,61-70,<=28,NM,Refinance,Primary,Multi-Family,ServicerC,2021
LN0007121,2021-05,352000,2.875,360,780+,71-80,>50,AK,Purchase,Primary,Condo,ServicerD,2021
LN0007122,2019-04,48000,2.375,360,620-659,71-80,>50,KS,Refinance,Investment,Condo,ServicerD,2019
LN0007123,2018-09,190000,7.25,360,700-739,61-70,37-43,NH,Refinance,Primary,Condo,ServicerD,2018
LN0007124,2019-01,360000,5.25,360,780+,71-80,29-36,RI,Other,Primary,PUD,ServicerD,2019
LN0007125,2021-02,56000,2.25,360,700-739,96-100,37-43,WY,Purchase,Primary,Condo,ServicerE,2021
LN0007126,2021-09,92000,6.75,180,700-739,96-100,29-36,VT,Cash-Out Refinance,Primary,Single Family,ServicerA,2021
LN0007127,2022-04,501000,3.0,360,<620,<=60,44-50,NE,Refinance,Primary,Single Family,ServicerB,2022
LN0007128,2019-01,240000,8.42,360,660-699,<=60,29-36,HI,Purchase,Primary,Co-op,ServicerA,2019
LN0007129,2021-12,82000,6.75,360,660-699,71-80,44-50,DE,Cash-Out Refinance,Secondary,PUD,ServicerE,2021
LN0007130,2020-10,267000,2.25,360,780+,91-95,44-50,NM,Cash-Out Refinance,Primary,Multi-Family,ServicerC,2020
LN0007131,2021-11,88000,3.99,360,660-699,96-100,29-36,WV,Purchase,Primary,PUD,ServicerE,2021
LN0007132,2022-04,420000,6.875,360,700-739,91-95,44-50,ID,Refinance,Primary,Condo,ServicerB,2022
LN0007133,2020-08,220000,2.875,180,740-779,71-80,37-43,WY,Cash-Out Refinance,Primary,Condo,ServicerE,2020
LN0007134,2022-11,171000,4.25,360,620-659,96-100,29-36,,Refinance,Primary,Multi-Family,ServicerC,2022
LN0007135,2019-05,72000,3.25,360,700-739,71-80,44-50,NE,Other,Primary,PUD,ServicerC,2019
LN0007136,2019-05,123000,3.125,360,740-779,71-80,37-43,NM,Refinance,Primary,PUD,ServicerC,2019
LN0007137,2021-08,108000,2.99,120,780+,91-95,37-43,ID,Refinance,Primary,Multi-Family,ServicerE,2021
LN0007138,2021-10,71000,3.875,360,740-779,96-100,37-43,VT,Cash-Out Refinance,Primary,PUD,ServicerE,2021
LN0007139,2020-09,184000,3.125,360,740-779,81-90,<=28,MS,Purchase,Primary,Multi-Family,ServicerA,2020
LN0007140,2021-05,153000,3.125,360,620-659,81-90,37-43,HI,Refinance,Primary,PUD,ServicerB,2021
LN0007141,2018-04,113000,3.29,240,780+,71-80,37-43,ID,Refinance,Primary,PUD,ServicerB,2018
LN0007142,2018-05,153000,2.75,180,620-659,81-90,44-50,MT,Purchase,Primary,Multi-Family,ServicerB,2018
LN0007143,2021-08,118000,4.125,360,740-779,<=60,44-50,ID,Purchase,Primary,Single Family,ServicerB,2021
LN0007144,2020-04,306000,2.75,180,660-699,<=60,>50,NE,Purchase,Primary,PUD,ServicerB,2020
LN0007145,2021-02,148000,3.125,360,780+,<=60,<=28,KS,Cash-Out Refinance,Primary,Single Family,ServicerB,2021
LN0007146,2019-08,165000,3.12,360,740-779,71-80,37-43,ND,Purchase,Primary,Co-op,ServicerD,2019
LN0007147,2020-11,358000,8.5,360,740-779,71-80,>50,MT,Refinance,Investment,Co-op,ServicerE,2020
LN0007148,2018-06,106000,2.375,360,660-699,96-100,37-43,ID,Purchase,Primary,Single Family,ServicerB,2018
LN0007149,2021-12,177000,5.0,360,700-739,<=60,44-50,NM,Purchase,Primary,Condo,ServicerD,2021
LN0007150,2019-08,143000,2.875,360,740-779,<=60,44-50,MT,Purchase,Primary,PUD,ServicerE,2019
LN0007151,2021-10,230000,3.099,360,740-779,71-80,37-43,AK,Cash-Out Refinance,Primary,Single Family,ServicerC,2021
LN0007152,2021-11,330000,3.073,180,620-659,61-70,37-43,NE,Refinance,Primary,PUD,ServicerA,2021
LN0007153,2019-01,131000,6.9,180,780+,61-70,44-50,NE,Purchase,Primary,PUD,ServicerD,2019
LN0007154,2020-05,157000,12.24,360,780+,<=60,44-50,ID,Cash-Out Refinance,Primary,PUD,ServicerA,2020
LN0007155,2022-04,129000,3.25,360,660-699,<=60,37-43,NH,Refinance,Primary,Multi-Family,ServicerC,2022
LN0007156,2021-01,170000,5.0,360,780+,91-95,44-50,,Purchase,Primary,Condo,ServicerA,2021
LN0007157,2022-06,422000,2.25,360,700-739,<=60,37-43,NV,Purchase,Primary,Single Family,ServicerD,2022
LN0007158,2020-11,77000,6.0,360,700-739,91-95,,MT,Refinance,Primary,Co-op,ServicerB,2020
LN0007159,2020-07,97000,5.0,360,660-699,71-80,44-50,RI,Cash-Out Refinance,Primary,Co-op,ServicerD,2020
LN0007160,2021-08,125000,3.875,360,700-739,96-100,44-50,ND,Purchase,Primary,Condo,ServicerE,2021
LN0007161,2021-07,300000,3.125,360,740-779,91-95,37-43,NM,Purchase,Primary,PUD,ServicerD,2021
LN0007162,2020-01,433000,4.375,240,700-739,<=60,>50,SD,Purchase,Primary,Condo,ServicerA,2020
LN0007163,2020-08,213000,2.25,360,740-779,<=60,37-43,MT,Purchase,Primary,Multi-Family,ServicerA,2020
LN0007164,2019-06,72000,2.875,360,740-779,81-90,44-50,HI,Purchase,Primary,Condo,ServicerA,2019
LN0007165,2018-05,117000,3.375,360,740-779,71-80,,DE,Purchase,Primary,PUD,ServicerD,2018
LN0007166,2021-07,96000,7.19,240,<620,71-80,44-50,DE,Purchase,Primary,Co-op,ServicerB,2021
LN0007167,2019-10,149000,2.625,360,780+,96-100,37-43,NM,Cash-Out Refinance,Primary,Single Family,ServicerB,2019
LN0007168,2019-09,503000,8.5,360,700-739,<=60,29-36,MT,Refinance,Primary,Co-op,ServicerA,2019
LN0007169,2019-11,104000,3.875,360,660-699,61-70,37-43,HI,Refinance,Primary,Single Family,ServicerB,2019
LN0007170,2018-10,254000,4.25,360,660-699,96-100,29-36,NH,Refinance,Primary,Co-op,ServicerA,2018
LN0007171,2022-06,228000,4.0,180,700-739,91-95,44-50,MS,Purchase,Primary,Condo,ServicerC,2022
LN0007172,2019-10,157000,3.25,360,780+,<=60,29-36,MT,Cash-Out Refinance,Primary,Single Family,ServicerB,2019
LN0007173,2022-01,110000,5.625,360,,<=60,29-36,NE,Cash-Out Refinance,Primary,Condo,ServicerD,2022
LN0007174,2018-07,56000,6.5,360,740-779,<=60,29-36,AK,Purchase,Primary,Multi-Family,ServicerB,2018
LN0007175,2018-12,238000,5.656,120,,61-70,37-43,ID,Refinance,Primary,Condo,ServicerB,2018
LN0007176,2020-06,96000,3.375,360,700-739,>100,37-43,MT,Cash-Out Refinance,Primary,Multi-Family,ServicerC,2020
LN0007177,2022-02,140000,2.5,360,780+,<=60,37-43,ID,Purchase,Primary,PUD,ServicerA,2022
LN0007178,2018-09,59000,3.64,180,740-779,71-80,44-50,ND,Refinance,Primary,Co-op,ServicerA,2018
LN0007179,2019-06,165000,2.625,360,660-699,<=60,<=28,NH,Purchase,Primary,Single Family,ServicerC,2019
LN0007180,2022-04,225000,2.375,180,700-739,<=60,37-43,HI,Purchase,Primary,Co-op,ServicerD,2022
LN0007181,2019-09,68000,5.75,360,660-699,96-100,44-50,ID,Refinance,Primary,Single Family,ServicerB,2019
LN0007182,2021-12,189000,5.2,240,700-739,81-90,44-50,WV,Purchase,Primary,Single Family,ServicerD,2021
LN0007183,2019-05,184000,3.0,360,740-779,71-80,>50,NM,Cash-Out Refinance,Primary,Single Family,ServicerE,2019
LN0007184,2019-06,96000,3.0,120,740-779,<=60,,NH,Refinance,Secondary,PUD,ServicerD,2019
LN0007185,2020-07,240000,3.5,120,660-699,61-70,37-43,WV,Purchase,Primary,PUD,ServicerD,2020
LN0007186,2019-09,63000,7.5,240,780+,81-90,29-36,NE,Refinance,Primary,Co-op,ServicerB,2019
LN0007187,2019-01,112000,8.0,180,700-739,<=60,29-36,NM,Other,Primary,Condo,ServicerD,2019
LN0007188,2018-01,227000,7.5,240,660-699,96-100,44-50,NV,Purchase,Primary,Condo,ServicerB,2018
LN0007189,2022-02,203000,4.75,360,,71-80,37-43,MT,Purchase,Primary,Co-op,ServicerA,2022
LN0007190,2022-07,372000,4.875,360,740-779,91-95,37-43,SD,Refinance,Primary,Multi-Family,ServicerB,2022
LN0007191,2021-01,307000,2.375,360,700-739,>100,37-43,ND,Purchase,Primary,PUD,ServicerE,2021
LN0007192,2019-05,377000,5.25,360,700-739,71-80,<=28,ID,Purchase,Primary,PUD,ServicerC,2019
LN0007193,2020-01,155000,6.75,360,700-739,81-90,<=28,ID,Purchase,Primary,PUD,ServicerD,2020
LN0007194,2019-11,83000,2.625,360,620-659,61-70,29-36,ID,Refinance,Primary,Single Family,ServicerD,2019
LN0007195,2019-01,45000,3.25,360,740-779,61-70,37-43,NV,Purchase,Primary,Multi-Family,ServicerB,2019
LN0007196,2020-12,108000,2.5,360,700-739,61-70,29-36,ID,Refinance,Primary,Co-op,ServicerD,2020
LN0007197,2018-07,168000,6.125,360,620-659,<=60,44-50,NE,Cash-Out Refinance,Primary,Multi-Family,ServicerE,2018
LN0007198,2021-03,129000,7.25,360,740-779,<=60,44-50,KS,Purchase,Primary,Single Family,ServicerD,2021
LN0007199,2020-02,109000,4.5,120,780+,71-80,37-43,NE,Purchase,Primary,PUD,ServicerB,2020
LN0007200,2018-02,228000,4.5,360,780+,81-90,44-50,NM,Cash-Out Refinance,Primary,Multi-Family,ServicerB,2018
LN0007201,2022-12,147000,3.5,180,660-699,81-90,37-43,RI,Refinance,Primary,Co-op,ServicerA,2022
LN0007202,2021-01,212000,3.25,180,620-659,81-90,29-36,SD,Purchase,Primary,Co-op,ServicerC,2021
LN0007203,2018-12,303000,5.375,360,700-739,<=60,37-43,,Cash-Out Refinance,Primary,Co-op,ServicerB,2018
LN0007204,2022-10,152000,6.375,360,620-659,<=60,37-43,NE,Other,Primary,Condo,ServicerC,2022
LN0007205,2019-02,176000,5.99,360,780+,,44-50,NM,Refinance,Primary,Single Family,ServicerA,2019
LN0007206,2022-07,161000,6.5,120,620-659,>100,>50,NE,Refinance,Primary,Co-op,ServicerD,2022
LN0007207,2019-10,226000,2.875,360,660-699,81-90,37-43,KS,Purchase,Primary,Condo,ServicerA,2019
LN0007208,2020-06,403000,3.625,360,700-739,71-80,44-50,NE,Refinance,Primary,PUD,ServicerE,2020
LN0007209,2021-09,58000,3.25,360,700-739,71-80,<=28,NM,Purchase,Primary,Condo,ServicerC,2021
LN0007210,2018-05,79000,2.625,360,740-779,71-80,44-50,NH,Cash-Out Refinance,Primary,Single Family,ServicerD,2018
LN0007211,2020-08,165000,5.5,240,700-739,71-80,37-43,ID,Refinance,Primary,PUD,ServicerB,2020
LN0007212,2019-02,332000,4.65,360,620-659,,37-43,NM,Cash-Out Refinance,Investment,Multi-Family,ServicerE,2019
LN0007213,2020-11,109000,2.875,360,660-699,71-80,37-43,NE,Refinance,Primary,Single Family,ServicerE,2020
LN0007214,2022-08,273000,2.875,360,700-739,71-80,<=28,AK,Refinance,Primary,Condo,ServicerB,2022
LN0007215,2021-05,432000,4.3,360,620-659,<=60,44-50,ND,Refinance,Primary,Single Family,ServicerE,2021
LN0007216,2021-02,265000,4.625,360,740-779,71-80,29-36,NE,Refinance,Primary,Single Family,ServicerE,2021
LN0007217,2019-07,113000,3.375,360,700-739,91-95,44-50,NE,Refinance,Primary,Multi-Family,ServicerA,2019
LN0007218,2022-05,113000,4.875,360,740-779,71-80,44-50,ID,Refinance,Primary,Condo,ServicerB,2022
LN0007219,2021-05,343000,3.5,180,780+,71-80,44-50,ID,Cash-Out Refinance,Primary,Multi-Family,ServicerC,2021
LN0007220,2022-09,157000,2.875,360,780+,71-80,29-36,ID,Cash-Out Refinance,Investment,Co-op,ServicerB,2022
LN0007221,2019-07,221000,3.125,360,780+,96-100,37-43,WV,Refinance,Primary,Condo,ServicerA,2019
LN0007222,2018-08,134000,3.0,360,660-699,96-100,44-50,WV,Refinance,Primary,PUD,ServicerD,2018
LN0007223,2021-06,117000,4.0,180,620-659,91-95,>50,NM,Refinance,Primary,Multi-Family,ServicerB,2021
LN0007224,2022-12,85000,3.0,240,660-699,<=60,44-50,HI,Cash-Out Refinance,Primary,Multi-Family,ServicerC,2022
LN0007225,2018-08,382000,4.0,360,780+,81-90,44-50,NH,Refinance,Primary,Condo,ServicerB,2018
LN0007226,2019-10,94000,6.625,360,780+,,37-43,NE,Refinance,Primary,Co-op,ServicerA,2019
LN0007227,2018-07,295000,3.875,360,780+,<=60,<=28,NM,Purchase,Primary,Multi-Family,ServicerA,2018
LN0007228,2019-08,290000,3.0,360,620-659,61-70,44-50,,Purchase,Primary,Single Family,ServicerD,2019
LN0007229,2020-08,333000,2.75,240,780+,91-95,>50,SD,Refinance,Primary,Co-op,ServicerB,2020
LN0007230,2022-02,354000,2.25,360,700-739,81-90,44-50,MS,Purchase,Primary,PUD,ServicerC,2022
LN0007231,2020-06,133000,5.625,360,<620,<=60,37-43,NH,Other,Primary,Single Family,ServicerD,2020
LN0007232,2019-11,281000,4.875,360,700-739,96-100,<=28,,Cash-Out Refinance,Primary,PUD,ServicerC,2019
LN0007233,2018-02,349000,4.0,360,<620,,37-43,MS,Purchase,Primary,Co-op,ServicerA,2018
LN0007234,2022-03,75000,3.375,360,700-739,>100,44-50,KS,Cash-Out Refinance,Primary,PUD,ServicerD,2022
LN0007235,2019-08,113000,2.99,180,660-699,<=60,44-50,ND,Purchase,Primary,Co-op,ServicerA,2019
LN0007236,2022-04,165000,3.625,360,700-739,91-95,29-36,NE,Purchase,Primary,Single Family,ServicerA,2022
LN0007237,2018-03,145000,5.375,180,740-779,61-70,>50,HI,Cash-Out Refinance,Primary,PUD,ServicerB,2018
LN0007238,2021-10,154000,4.875,360,780+,61-70,37-43,NH,Cash-Out Refinance,Primary,Co-op,ServicerE,2021
LN0007239,2021-09,75000,2.75,360,740-779,<=60,29-36,NH,Refinance,Primary,Co-op,ServicerD,2021
LN0007240,2022-04,25000,3.0,360,700-739,<=60,29-36,SD,Purchase,Secondary,Multi-Family,ServicerD,2022
LN0007241,2018-08,203000,4.125,360,740-779,,<=28,,Refinance,Primary,Single Family,ServicerE,2018
LN0007242,2020-07,172000,6.125,240,780+,96-100,29-36,NM,Refinance,Primary,Single Family,ServicerA,2020
LN0007243,2020-12,240000,2.125,360,620-659,<=60,29-36,RI,Refinance,Primary,Single Family,ServicerD,2020
LN0007244,2020-03,171000,4.125,360,700-739,<=60,44-50,NH,Refinance,Primary,PUD,ServicerE,2020
LN0007245,2018-06,117000,3.375,360,660-699,71-80,44-50,NH,Purchase,Primary,Single Family,ServicerB,2018
LN0007246,2022-10,247000,2.625,360,<620,<=60,44-50,ID,Purchase,Primary,PUD,ServicerC,2022
LN0007247,2021-01,72000,6.625,180,,61-70,37-43,HI,Purchase,Primary,PUD,ServicerA,2021
LN0007248,2020-12,118000,6.375,120,780+,<=60,29-36,NM,Refinance,Primary,Condo,ServicerA,2020
LN0007249,2019-09,265000,3.5,180,620-659,<=60,29-36,WY,Refinance,Primary,Condo,ServicerE,2019
LN0007250,2021-09,91000,3.625,360,740-779,71-80,37-43,ID,Cash-Out Refinance,Primary,Condo,ServicerB,2021
LN0007251,2021-06,272000,2.875,360,780+,96-100,37-43,SD,Refinance,Primary,Single Family,ServicerB,2021
LN0007252,2019-06,194000,2.375,360,780+,96-100,44-50,NM,Purchase,Primary,Co-op,ServicerC,2019
LN0007253,2021-12,248000,3.25,360,660-699,96-100,37-43,ID,Cash-Out Refinance,Primary,Co-op,ServicerB,2021
LN0007254,2021-09,142000,5.25,360,780+,96-100,37-43,KS,Purchase,Primary,Condo,ServicerC,2021
LN0007255,2022-12,136000,2.99,240,660-699,<=60,>50,ID,Purchase,Primary,PUD,ServicerE,2022
LN0007256,2018-02,251000,5.875,360,700-739,91-95,37-43,VT,Purchase,Primary,Condo,ServicerD,2018
LN0007257,2021-12,196000,8.85,180,,96-100,<=28,ID,Refinance,Primary,Single Family,ServicerD,2021
LN0007258,2018-07,163000,2.875,360,<620,<=60,44-50,ID,Refinance,Primary,PUD,ServicerB,2018
LN0007259,2019-01,223000,6.125,360,740-779,96-100,>50,MS,Purchase,Primary,Condo,ServicerC,2019
LN0007260,2019-09,152000,4.0,360,700-739,96-100,37-43,VT,Refinance,Primary,Co-op,ServicerC,2019
LN0007261,2018-03,217000,2.75,360,660-699,71-80,44-50,WV,Refinance,Primary,Single Family,ServicerA,2018
LN0007262,2019-08,68000,2.75,360,620-659,91-95,>50,NM,Purchase,Primary,Co-op,ServicerB,2019
LN0007263,2018-01,122000,3.875,360,740-779,81-90,44-50,ID,Purchase,Primary,Multi-Family,ServicerD,2018
LN0007264,2021-08,187000,5.5,180,<620,61-70,44-50,DE,Other,Primary,Multi-Family,ServicerC,2021
LN0007265,2019-11,181000,7.5,360,740-779,96-100,>50,ID,Refinance,Primary,Co-op,ServicerC,2019
LN0007266,2022-08,165000,2.75,360,<620,81-90,37-43,AK,Purchase,Primary,Single Family,ServicerA,2022
LN0007267,2019-12,336000,3.625,360,620-659,61-70,29-36,,Refinance,Primary,Multi-Family,ServicerA,2019
LN0007268,2022-07,226000,2.875,360,700-739,61-70,44-50,WV,Cash-Out Refinance,Primary,PUD,ServicerD,2022
LN0007269,2021-01,125000,8.5,360,700-739,91-95,37-43,ID,Cash-Out Refinance,Primary,Multi-Family,ServicerA,2021
LN0007270,2020-02,336000,3.625,360,660-699,,<=28,MT,Refinance,Primary,Co-op,ServicerB,2020
LN0007271,2021-05,122000,3.625,180,660-699,61-70,29-36,NH,Purchase,Primary,Single Family,ServicerA,2021
LN0007272,2020-09,68000,2.99,360,780+,71-80,37-43,ID,Refinance,Primary,Single Family,ServicerA,2020
LN0007273,2020-10,152000,5.0,360,740-779,71-80,44-50,NE,Refinance,Primary,Condo,ServicerC,2020
LN0007274,2020-10,154000,3.74,360,<620,,37-43,ID,Purchase,Primary,Multi-Family,ServicerD,2020
LN0007275,2019-03,217000,3.875,360,700-739,<=60,37-43,NH,Purchase,Primary,Condo,ServicerE,2019
LN0007276,2020-09,90000,3.125,360,780+,96-100,37-43,NV,Cash-Out Refinance,Investment,Condo,ServicerE,2020
LN0007277,2019-10,300000,2.99,360,660-699,<=60,37-43,RI,Refinance,Primary,Co-op,ServicerD,2019
LN0007278,2020-09,89000,2.875,360,620-659,<=60,,AK,Refinance,Primary,Multi-Family,ServicerC,2020
LN0007279,2022-05,120000,3.74,360,740-779,96-100,29-36,MT,Refinance,Investment,PUD,ServicerB,2022
LN0007280,2021-08,109000,2.25,240,740-779,<=60,44-50,NM,Purchase,Primary,Condo,ServicerC,2021
LN0007281,2019-06,184000,3.25,360,700-739,71-80,44-50,VT,Cash-Out Refinance,Primary,Multi-Family,ServicerB,2019
LN0007282,2019-03,243000,3.5,360,<620,81-90,44-50,NV,Purchase,Primary,Condo,ServicerE,2019
LN0007283,2022-12,425000,3.49,360,620-659,61-70,29-36,ID,Other,Investment,Condo,ServicerB,2022
LN0007284,2021-01,186000,4.75,360,740-779,96-100,29-36,NV,Purchase,Primary,Condo,ServicerD,2021
LN0007285,2020-07,136000,3.5,360,660-699,>100,37-43,HI,Purchase,Primary,PUD,ServicerA,2020
LN0007286,2019-03,240000,8.75,360,700-739,<=60,37-43,WY,Cash-Out Refinance,Primary,Co-op,ServicerA,2019
LN0007287,2021-02,264000,5.75,180,700-739,61-70,29-36,ID,Purchase,Secondary,Condo,ServicerC,2021
LN0007288,2018-05,116000,3.25,360,660-699,71-80,37-43,ID,Refinance,Primary,Co-op,ServicerE,2018
LN0007289,2019-04,214000,3.25,180,780+,71-80,37-43,ID,Refinance,Primary,Co-op,ServicerB,2019
LN0007290,2018-09,194000,3.75,360,780+,71-80,44-50,VT,Cash-Out Refinance,Primary,PUD,ServicerC,2018
LN0007291,2021-06,86000,6.0,360,740-779,<=60,37-43,NE,Refinance,Primary,PUD,ServicerC,2021
LN0007292,2018-01,331000,3.25,360,<620,61-70,,NH,Cash-Out Refinance,Primary,Multi-Family,ServicerE,2018
LN0007293,2022-08,169000,7.0,360,620-659,71-80,37-43,HI,Purchase,Primary,Multi-Family,ServicerB,2022
LN0007294,2022-03,161000,3.99,360,700-739,71-80,44-50,MT,Purchase,Primary,Condo,ServicerA,2022
LN0007295,2018-06,142000,2.99,360,620-659,61-70,29-36,NE,Purchase,Primary,PUD,ServicerC,2018
LN0007296,2022-04,198000,3.0,180,780+,96-100,37-43,MT,Cash-Out Refinance,Primary,PUD,ServicerD,2022
LN0007297,2020-11,59000,2.875,180,620-659,<=60,<=28,ID,Refinance,Primary,Condo,ServicerB,2020
LN0007298,2018-04,140000,3.99,360,700-739,61-70,44-50,WV,Refinance,Primary,Single Family,ServicerA,2018
LN0007299,2020-05,51000,6.25,360,660-699,91-95,37-43,ID,Refinance,Primary,Condo,ServicerC,2020
LN0007300,2021-10,119000,4.875,360,740-779,<=60,29-36,MT,Refinance,Primary,Condo,ServicerB,2021
LN0007301,2020-06,50000,2.5,360,620-659,<=60,37-43,NH,Purchase,Primary,Multi-Family,ServicerA,2020
LN0007302,2022-07,335000,3.0,180,700-739,96-100,44-50,ID,Purchase,Primary,Condo,ServicerA,2022
LN0007303,2020-09,198000,3.125,360,660-699,61-70,37-43,NV,Other,Primary,Co-op,ServicerE,2020
LN0007304,2022-11,165000,2.625,360,780+,<=60,29-36,ID,Purchase,Primary,Single Family,ServicerE,2022
LN0007305,2019-02,79000,3.125,360,<620,91-95,37-43,MT,Purchase,Primary,Single Family,ServicerB,2019
LN0007306,2022-03,206000,6.999,360,780+,<=60,37-43,WV,Purchase,Primary,Condo,ServicerC,2022
LN0007307,2018-12,89000,2.25,360,780+,81-90,29-36,NE,Refinance,Primary,Multi-Family,ServicerE,2018
LN0007308,2019-05,109000,8.5,360,660-699,81-90,44-50,VT,Purchase,Primary,Condo,ServicerA,2019
LN0007309,2019-05,199000,4.25,360,,61-70,29-36,MT,Refinance,Primary,PUD,ServicerB,2019
LN0007310,2022-02,113000,2.75,360,<620,81-90,44-50,ID,Purchase,Primary,Co-op,ServicerD,2022
LN0007311,2019-09,61000,3.75,180,780+,81-90,<=28,,Purchase,Primary,Multi-Family,ServicerC,2019
LN0007312,2022-11,331000,2.99,360,700-739,,29-36,ND,Purchase,Primary,Multi-Family,ServicerC,2022
LN0007313,2021-06,440000,2.875,360,660-699,81-90,>50,NM,Purchase,Primary,Co-op,ServicerA,2021
LN0007314,2022-10,98000,3.5,360,660-699,81-90,<=28,,Refinance,Primary,Condo,ServicerE,2022
LN0007315,2022-05,108000,3.125,360,<620,,<=28,NM,Refinance,Primary,Condo,ServicerE,2022
LN0007316,2022-11,171000,3.25,360,780+,<=60,>50,AK,Cash-Out Refinance,Primary,Condo,ServicerE,2022
LN0007317,2021-04,215000,5.875,240,<620,71-80,37-43,ID,Refinance,Primary,Co-op,ServicerB,2021
LN0007318,2019-01,106000,2.99,180,740-779,61-70,44-50,HI,Refinance,Primary,Single Family,ServicerE,2019
LN0007319,2019-04,190000,2.875,360,700-739,81-90,>50,MS,Cash-Out Refinance,Primary,Condo,ServicerA,2019
LN0007320,2018-10,150000,3.5,180,780+,81-90,>50,NE,Purchase,Primary,PUD,ServicerE,2018
LN0007321,2019-03,160000,3.5,120,660-699,71-80,29-36,DE,Purchase,Primary,Multi-Family,ServicerD,2019
LN0007322,2019-08,276000,3.25,360,,<=60,37-43,VT,Purchase,Investment,Condo,ServicerA,2019
LN0007323,2018-06,310000,8.15,360,700-739,91-95,44-50,HI,Refinance,Primary,PUD,ServicerB,2018
LN0007324,2018-01,105000,2.875,360,,71-80,37-43,VT,Purchase,Primary,Condo,ServicerB,2018
LN0007325,2019-09,157000,5.5,180,<620,96-100,44-50,WV,Purchase,Primary,Condo,ServicerC,2019
LN0007326,2021-07,235000,3.99,360,620-659,71-80,37-43,NM,Purchase,Primary,PUD,ServicerA,2021
LN0007327,2021-06,181000,2.99,360,660-699,<=60,44-50,SD,Purchase,Primary,Co-op,ServicerB,2021
LN0007328,2020-09,256000,3.125,360,740-779,71-80,44-50,MT,Other,Primary,Single Family,ServicerD,2020
LN0007329,2018-04,148000,2.875,360,620-659,71-80,44-50,HI,Other,Primary,Single Family,ServicerD,2018
LN0007330,2022-07,116000,2.625,360,700-739,<=60,37-43,RI,Purchase,Primary,Co-op,ServicerC,2022
LN0007331,2021-07,171000,3.625,360,660-699,<=60,>50,ID,Other,Investment,Single Family,ServicerA,2021
LN0007332,2021-06,206000,6.125,360,780+,71-80,37-43,NH,Cash-Out Refinance,Primary,Co-op,ServicerC,2021
LN0007333,2020-09,323000,2.99,360,780+,61-70,37-43,NH,Cash-Out Refinance,Primary,Condo,ServicerB,2020
LN0007334,2020-09,514000,6.875,360,700-739,71-80,37-43,MT,Purchase,Primary,Condo,ServicerC,2020
LN0007335,2018-10,150000,3.25,360,660-699,<=60,<=28,ND,Purchase,Primary,PUD,ServicerB,2018
LN0007336,2019-03,135000,3.5,360,660-699,<=60,29-36,NE,Purchase,Primary,Multi-Family,ServicerD,2019
LN0007337,2020-12,59000,2.875,240,,71-80,<=28,KS,Purchase,Primary,Condo,ServicerC,2020
LN0007338,2019-07,175000,2.25,360,660-699,96-100,37-43,ID,Purchase,Primary,Co-op,ServicerA,2019
LN0007339,2022-08,125000,3.125,360,740-779,91-95,44-50,AK,Purchase,Primary,Multi-Family,ServicerE,2022
LN0007340,2021-12,270000,5.75,360,,96-100,>50,,Cash-Out Refinance,Primary,Co-op,ServicerC,2021
LN0007341,2020-11,61000,2.873,360,780+,81-90,,ID,Purchase,Primary,Multi-Family,ServicerA,2020
LN0007342,2018-09,85000,2.375,360,700-739,91-95,44-50,NE,Refinance,Primary,Co-op,ServicerD,2018
LN0007343,2021-11,138000,2.99,240,740-779,81-90,>50,NH,Purchase,Primary,PUD,ServicerE,2021
LN0007344,2020-03,259000,2.5,360,700-739,91-95,37-43,NH,Cash-Out Refinance,Primary,Co-op,ServicerB,2020
LN0007345,2018-06,106000,5.625,360,700-739,>100,37-43,DE,Purchase,Primary,PUD,ServicerE,2018
LN0007346,2021-11,57000,3.25,360,660-699,96-100,29-36,NH,Purchase,Primary,Multi-Family,ServicerB,2021
LN0007347,2020-12,58000,5.25,180,700-739,<=60,>50,RI,Refinance,Primary,Single Family,ServicerA,2020
LN0007348,2021-04,69000,2.75,360,700-739,96-100,>50,WY,Purchase,Primary,Condo,ServicerE,2021
LN0007349,2022-09,75000,3.75,360,740-779,71-80,37-43,ID,Purchase,Primary,PUD,ServicerD,2022
LN0007350,2019-07,220000,3.25,360,780+,71-80,37-43,ID,Purchase,Primary,Multi-Family,ServicerA,2019
LN0007351,2020-03,232000,3.121,360,660-699,71-80,44-50,WY,Purchase,Primary,Co-op,ServicerB,2020
LN0007352,2018-04,271000,6.25,180,<620,61-70,37-43,NE,Cash-Out Refinance,Primary,Single Family,ServicerA,2018
LN0007353,2021-06,138000,2.5,360,700-739,96-100,29-36,ID,Cash-Out Refinance,Primary,Co-op,ServicerE,2021
LN0007354,2022-04,129000,3.5,360,700-739,61-70,44-50,RI,Purchase,Primary,Single Family,ServicerE,2022
LN0007355,2018-10,91000,5.25,360,620-659,61-70,37-43,WV,Refinance,Primary,Co-op,ServicerC,2018
LN0007356,2020-06,73000,2.625,360,740-779,71-80,<=28,SD,Purchase,Primary,Multi-Family,ServicerD,2020
LN0007357,2018-06,68000,3.375,180,780+,71-80,37-43,VT,Purchase,Primary,Multi-Family,ServicerC,2018
LN0007358,2020-09,86000,5.125,360,780+,,37-43,NH,Cash-Out Refinance,Primary,PUD,ServicerC,2020
LN0007359,2018-10,159000,4.875,360,620-659,81-90,,ID,Other,Primary,Single Family,ServicerC,2018
LN0007360,2020-01,77000,2.99,360,780+,<=60,37-43,VT,Purchase,Primary,Multi-Family,ServicerA,2020
LN0007361,2020-11,169000,3.9,360,740-779,71-80,37-43,VT,Refinance,Primary,Co-op,ServicerB,2020
LN0007362,2021-07,352000,2.875,360,700-739,<=60,37-43,ID,Cash-Out Refinance,Primary,Condo,ServicerE,2021
LN0007363,2018-12,240000,4.0,180,700-739,61-70,37-43,RI,Purchase,Primary,Condo,ServicerB,2018
LN0007364,2020-05,26000,9.99,360,780+,61-70,29-36,RI,Cash-Out Refinance,Investment,Multi-Family,ServicerD,2020
LN0007365,2018-10,68000,3.125,360,700-739,<=60,44-50,SD,Purchase,Primary,Condo,ServicerD,2018
LN0007366,2018-12,138000,5.75,120,660-699,81-90,,NE,Cash-Out Refinance,Primary,Multi-Family,ServicerE,2018
LN0007367,2021-10,207000,3.375,360,700-739,96-100,37-43,HI,Purchase,Primary,Co-op,ServicerA,2021
LN0007368,2021-08,114000,5.125,360,700-739,61-70,44-50,ID,Cash-Out Refinance,Investment,Single Family,ServicerC,2021
LN0007369,2019-08,86000,3.5,360,620-659,71-80,37-43,AK,Refinance,Primary,Co-op,ServicerC,2019
LN0007370,2022-02,177000,3.0,360,780+,96-100,44-50,ID,Refinance,Primary,Co-op,ServicerE,2022
LN0007371,2018-06,59000,2.875,360,740-779,96-100,29-36,ID,Purchase,Primary,Co-op,ServicerB,2018
LN0007372,2018-10,148000,2.75,240,740-779,81-90,37-43,NV,Purchase,Secondary,PUD,ServicerD,2018
LN0007373,2019-12,225000,2.5,180,,<=60,44-50,NM,Cash-Out Refinance,Primary,Single Family,ServicerB,2019
LN0007374,2019-03,146000,2.875,180,740-779,96-100,>50,NE,Refinance,Primary,Multi-Family,ServicerA,2019
LN0007375,2018-07,397000,3.0,360,620-659,<=60,37-43,WV,Refinance,Primary,Condo,ServicerB,2018
LN0007376,2018-01,138000,4.9,360,<620,96-100,29-36,MT,Refinance,Primary,Condo,ServicerB,2018
LN0007377,2021-11,46000,6.75,360,700-739,61-70,37-43,WV,Refinance,Primary,PUD,ServicerC,2021
LN0007378,2018-06,219000,5.0,360,700-739,71-80,37-43,ND,Purchase,Primary,Single Family,ServicerC,2018
LN0007379,2018-09,430000,2.875,360,700-739,<=60,44-50,ID,Purchase,Primary,Single Family,ServicerC,2018
LN0007380,2020-04,127000,2.375,360,620-659,<=60,<=28,NH,Purchase,Primary,Co-op,ServicerC,2020
LN0007381,2022-12,183000,3.375,360,700-739,71-80,,NE,Purchase,Primary,Single Family,ServicerE,2022
LN0007382,2018-06,59000,3.75,240,620-659,<=60,<=28,ID,Purchase,Primary,Co-op,ServicerE,2018
LN0007383,2020-12,100000,3.25,240,780+,61-70,44-50,ND,Purchase,Primary,Multi-Family,ServicerA,2020
LN0007384,2019-10,284000,6.625,360,700-739,71-80,<=28,VT,Other,Investment,Single Family,ServicerB,2019
LN0007385,2020-09,445000,6.5,360,740-779,71-80,44-50,NE,Purchase,Primary,Multi-Family,ServicerC,2020
LN0007386,2018-11,269000,4.625,360,660-699,71-80,37-43,ID,Purchase,Primary,Single Family,ServicerA,2018
LN0007387,2021-07,140000,4.0,360,620-659,71-80,29-36,AK,Cash-Out Refinance,Primary,Multi-Family,ServicerB,2021
LN0007388,2018-02,138000,3.25,360,780+,81-90,37-43,NE,Purchase,Investment,Condo,ServicerE,2018
LN0007389,2019-09,144000,3.25,360,660-699,<=60,37-43,NM,Refinance,Primary,Condo,ServicerE,2019
LN0007390,2019-12,163000,4.625,240,700-739,91-95,37-43,VT,Refinance,Primary,Condo,ServicerD,2019
LN0007391,2020-02,63000,3.25,360,740-779,71-80,<=28,NM,Other,Primary,Multi-Family,ServicerB,2020
LN0007392,2019-08,315000,3.875,360,<620,>100,44-50,ID,Cash-Out Refinance,Investment,Co-op,ServicerA,2019
LN0007393,2018-05,152000,5.125,360,740-779,71-80,,ID,Purchase,Primary,Single Family,ServicerB,2018
LN0007394,2022-04,122000,3.75,360,700-739,96-100,44-50,AK,Purchase,Primary,Co-op,ServicerB,2022
LN0007395,2022-07,209000,5.75,360,660-699,96-100,44-50,NH,Purchase,Primary,Condo,ServicerC,2022
LN0007396,2019-11,187000,2.875,240,<620,>100,44-50,AK,Purchase,Investment,Co-op,ServicerB,2019
LN0007397,2018-05,182000,3.25,360,620-659,,37-43,ID,Purchase,Primary,Condo,ServicerB,2018
LN0007398,2020-09,272000,5.25,360,780+,71-80,<=28,RI,Refinance,Primary,Condo,ServicerA,2020
LN0007399,2020-02,61000,2.875,180,740-779,61-70,37-43,ND,Refinance,Primary,Single Family,ServicerC,2020
LN0007400,2020-08,348000,3.25,360,660-699,91-95,37-43,NH,Refinance,Primary,Condo,ServicerA,2020
LN0007401,2022-12,145000,2.375,360,<620,81-90,37-43,RI,Other,Primary,PUD,ServicerC,2022
LN0007402,2018-10,71000,3.75,360,740-779,96-100,37-43,AK,Purchase,Primary,Single Family,ServicerB,2018
LN0007403,2021-02,416000,2.625,360,700-739,71-80,>50,KS,Refinance,Primary,Multi-Family,ServicerE,2021
LN0007404,2018-02,280000,3.0,180,700-739,<=60,<=28,RI,Other,Primary,Co-op,ServicerA,2018
LN0007405,2019-12,123000,2.625,180,660-699,71-80,,NE,Refinance,Primary,Single Family,ServicerE,2019
LN0007406,2018-03,69000,2.99,240,660-699,<=60,44-50,MS,Refinance,Primary,Co-op,ServicerE,2018
LN0007407,2020-10,52000,7.125,360,740-779,71-80,44-50,RI,Refinance,Primary,Single Family,ServicerA,2020
LN0007408,2018-03,105000,2.375,360,780+,<=60,37-43,,Purchase,Primary,Multi-Family,ServicerE,2018
LN0007409,2018-04,66000,4.875,180,620-659,<=60,29-36,WY,Purchase,Primary,Multi-Family,ServicerC,2018
LN0007410,2020-08,227000,4.25,360,700-739,91-95,44-50,RI,Refinance,Primary,Multi-Family,ServicerB,2020
LN0007411,2018-12,81000,2.25,180,700-739,61-70,37-43,HI,Purchase,Primary,Single Family,ServicerC,2018
LN0007412,2019-05,89000,4.0,360,700-739,71-80,29-36,NV,Other,Primary,Single Family,ServicerA,2019
LN0007413,2019-12,268000,4.375,360,660-699,81-90,44-50,NE,Purchase,Primary,Single Family,ServicerD,2019
LN0007414,2019-05,86000,2.999,120,780+,71-80,37-43,SD,Purchase,Primary,Co-op,ServicerE,2019
LN0007415,2018-07,281000,3.0,240,700-739,<=60,29-36,ID,Refinance,Primary,Multi-Family,ServicerA,2018
LN0007416,2020-03,324000,3.125,240,700-739,,44-50,NE,Purchase,Primary,Condo,ServicerA,2020
LN0007417,2020-03,165000,2.875,360,660-699,71-80,44-50,NE,Refinance,Primary,Single Family,ServicerC,2020
LN0007418,2022-06,205000,2.75,360,620-659,71-80,29-36,VT,Purchase,Primary,PUD,ServicerD,2022
LN0007419,2021-04,304000,3.875,240,620-659,61-70,44-50,NM,Purchase,Primary,Single Family,ServicerD,2021
LN0007420,2019-05,91000,6.0,360,740-779,71-80,<=28,MT,Purchase,Primary,Single Family,ServicerE,2019
LN0007421,2019-03,234000,3.5,360,620-659,<=60,>50,NE,Cash-Out Refinance,Primary,PUD,ServicerC,2019
LN0007422,2020-05,364000,7.5,360,740-779,91-95,44-50,NH,Refinance,Primary,PUD,ServicerC,2020
LN0007423,2021-05,157000,3.5,360,700-739,<=60,37-43,MT,Purchase,Primary,Single Family,ServicerB,2021
LN0007424,2018-08,205000,3.0,360,700-739,91-95,<=28,NE,Refinance,Primary,Multi-Family,ServicerB,2018
LN0007425,2020-10,192000,4.625,180,700-739,<=60,,WY,Purchase,Primary,PUD,ServicerE,2020
LN0007426,2020-06,308000,7.25,360,,61-70,37-43,RI,Refinance,Primary,Condo,ServicerA,2020
LN0007427,2022-08,199000,6.375,360,620-659,<=60,<=28,MS,Refinance,Primary,Co-op,ServicerE,2022
LN0007428,2019-01,61000,2.875,360,,71-80,44-50,KS,Cash-Out Refinance,Primary,PUD,ServicerE,2019
LN0007429,2022-07,331000,3.125,360,740-779,>100,,NE,Purchase,Primary,Single Family,ServicerB,2022
LN0007430,2019-09,71000,3.99,360,740-779,71-80,44-50,NE,Refinance,Primary,Co-op,ServicerA,2019
LN0007431,2022-04,114000,2.625,360,660-699,81-90,37-43,HI,Refinance,Primary,Multi-Family,ServicerE,2022
LN0007432,2021-06,36000,3.0,360,700-739,61-70,44-50,SD,Refinance,Primary,PUD,ServicerC,2021
LN0007433,2020-04,69000,6.375,360,620-659,71-80,37-43,ID,Purchase,Primary,Single Family,ServicerE,2020
LN0007434,2020-12,148000,8.0,180,660-699,91-95,37-43,SD,Cash-Out Refinance,Primary,Single Family,ServicerA,2020
LN0007435,2022-09,96000,6.834,360,<620,<=60,44-50,AK,Refinance,Primary,PUD,ServicerD,2022
LN0007436,2020-02,167000,3.5,360,780+,71-80,37-43,ID,Purchase,Primary,Multi-Family,ServicerD,2020
LN0007437,2022-04,354000,5.75,120,660-699,96-100,29-36,NE,Cash-Out Refinance,Primary,Condo,ServicerD,2022
LN0007438,2020-04,228000,3.75,180,660-699,71-80,37-43,SD,Purchase,Primary,PUD,ServicerB,2020
LN0007439,2021-05,196000,3.25,180,660-699,81-90,44-50,ID,Purchase,Primary,Single Family,ServicerC,2021
LN0007440,2018-02,293000,7.74,360,620-659,91-95,29-36,NH,Purchase,Primary,Condo,ServicerE,2018
LN0007441,2022-11,86000,3.375,180,740-779,96-100,37-43,NE,Purchase,Primary,PUD,ServicerC,2022
LN0007442,2019-08,155000,2.75,360,<620,61-70,37-43,ID,Purchase,Primary,Multi-Family,ServicerD,2019
LN0007443,2019-08,194000,3.5,360,620-659,96-100,44-50,VT,Purchase,Secondary,Condo,ServicerC,2019
LN0007444,2022-06,84000,2.875,360,740-779,61-70,29-36,NE,Refinance,Primary,Condo,ServicerB,2022
LN0007445,2020-10,65000,4.375,360,660-699,>100,37-43,KS,Other,Primary,Condo,ServicerE,2020
LN0007446,2021-11,95000,3.05,360,740-779,<=60,37-43,NH,Purchase,Investment,PUD,ServicerA,2021
LN0007447,2022-01,105000,2.25,360,700-739,<=60,29-36,AK,Purchase,Primary,PUD,ServicerB,2022
LN0007448,2020-12,242000,3.0,360,660-699,71-80,<=28,NV,Other,Primary,Single Family,ServicerD,2020
LN0007449,2018-11,88000,6.25,240,740-779,,44-50,NH,Refinance,Primary,Condo,ServicerE,2018
LN0007450,2020-01,109000,6.874,240,620-659,<=60,<=28,KS,Purchase,Primary,Co-op,ServicerD,2020
LN0007451,2019-07,141000,8.99,360,700-739,96-100,29-36,ID,Refinance,Primary,Single Family,ServicerA,2019
LN0007452,2021-06,286000,2.875,360,700-739,<=60,37-43,WY,Cash-Out Refinance,Primary,Multi-Family,ServicerE,2021
LN0007453,2020-11,260000,4.5,360,660-699,61-70,29-36,NH,Purchase,Primary,Multi-Family,ServicerD,2020
LN0007454,2018-03,525000,2.65,360,740-779,81-90,44-50,DE,Other,Primary,Multi-Family,ServicerE,2018
LN0007455,2020-05,68000,2.875,360,780+,71-80,44-50,AK,Refinance,Primary,Co-op,ServicerA,2020
LN0007456,2019-08,202000,9.99,360,780+,71-80,37-43,MT,Cash-Out Refinance,Primary,PUD,ServicerB,2019
LN0007457,2022-03,302000,6.875,360,740-779,71-80,37-43,WV,Purchase,Primary,Multi-Family,ServicerD,2022
LN0007458,2018-08,170000,5.75,360,700-739,96-100,29-36,NH,Refinance,Primary,Single Family,ServicerB,2018
LN0007459,2022-08,102000,5.77,180,660-699,91-95,44-50,NM,Refinance,Primary,Multi-Family,ServicerD,2022
LN0007460,2022-10,114000,3.75,180,660-699,71-80,37-43,ID,Refinance,Primary,Single Family,ServicerB,2022
LN0007461,2021-12,82000,6.5,360,700-739,81-90,37-43,ND,Purchase,Primary,Single Family,ServicerB,2021
LN0007462,2021-08,148000,3.25,360,660-699,96-100,44-50,WV,Purchase,Primary,Condo,ServicerE,2021
LN0007463,2019-05,322000,2.875,360,780+,71-80,44-50,ID,Cash-Out Refinance,Primary,Co-op,ServicerC,2019
LN0007464,2020-10,40000,4.375,240,660-699,71-80,44-50,KS,Purchase,Primary,Multi-Family,ServicerB,2020
LN0007465,2020-08,66000,3.375,240,660-699,61-70,37-43,,Refinance,Primary,Single Family,ServicerE,2020
LN0007466,2021-05,154000,2.75,240,700-739,<=60,37-43,NH,Refinance,Primary,Co-op,ServicerA,2021
LN0007467,2018-04,171000,4.875,360,780+,<=60,<=28,NM,Purchase,Primary,Condo,ServicerD,2018
LN0007468,2022-02,155000,3.375,360,,96-100,37-43,NE,Purchase,Primary,PUD,ServicerA,2022
LN0007469,2021-07,144000,3.25,360,740-779,91-95,29-36,NH,Purchase,Primary,Condo,ServicerB,2021
LN0007470,2020-10,291000,3.125,180,660-699,61-70,29-36,NM,Purchase,Primary,Multi-Family,ServicerB,2020
LN0007471,2021-10,259000,4.25,360,740-779,71-80,44-50,ID,Cash-Out Refinance,Primary,Single Family,ServicerB,2021
LN0007472,2018-03,150000,7.99,360,<620,71-80,37-43,ID,Purchase,Primary,Single Family,ServicerE,2018
LN0007473,2022-03,45000,5.124,360,780+,81-90,44-50,SD,Refinance,Primary,Multi-Family,ServicerE,2022
LN0007474,2020-10,144000,5.125,360,700-739,81-90,29-36,ID,Purchase,Primary,Multi-Family,ServicerE,2020
LN0007475,2022-04,65000,5.875,360,700-739,,44-50,MT,Purchase,Secondary,Multi-Family,ServicerA,2022
LN0007476,2022-03,95000,5.5,120,,81-90,29-36,WY,Purchase,Primary,Multi-Family,ServicerA,2022
LN0007477,2019-11,89000,8.25,360,740-779,81-90,>50,KS,Refinance,Primary,Single Family,ServicerE,2019
LN0007478,2020-01,156000,7.625,360,<620,61-70,44-50,KS,Purchase,Primary,Condo,ServicerC,2020
LN0007479,2018-05,174000,5.125,360,780+,<=60,44-50,AK,Purchase,Primary,Multi-Family,ServicerA,2018
LN0007480,2019-06,300000,3.75,360,700-739,81-90,37-43,AK,Purchase,Primary,PUD,ServicerC,2019
LN0007481,2021-07,275000,3.25,360,660-699,<=60,37-43,ID,Cash-Out Refinance,Primary,Single Family,ServicerD,2021
LN0007482,2019-08,166000,4.875,360,620-659,71-80,29-36,NH,Purchase,Primary,Single Family,ServicerC,2019
LN0007483,2018-11,82000,3.25,120,700-739,<=60,>50,ID,Purchase,Primary,Single Family,ServicerC,2018
LN0007484,2019-04,194000,3.125,180,700-739,96-100,44-50,NE,Other,Primary,Co-op,ServicerA,2019
LN0007485,2019-05,124000,3.25,180,700-739,61-70,>50,KS,Purchase,Primary,Multi-Family,ServicerE,2019
LN0007486,2020-02,95000,4.0,120,740-779,61-70,37-43,ID,Purchase,Primary,PUD,ServicerA,2020
LN0007487,2019-04,224000,7.05,360,700-739,71-80,44-50,ND,Refinance,Primary,Single Family,ServicerB,2019
LN0007488,2019-07,168000,2.75,360,780+,71-80,44-50,HI,Purchase,Primary,PUD,ServicerB,2019
LN0007489,2018-12,268000,5.0,360,700-739,<=60,29-36,NE,Cash-Out Refinance,Primary,Multi-Family,ServicerB,2018
LN0007490,2019-03,594000,3.0,360,740-779,71-80,29-36,ID,Purchase,Primary,Multi-Family,ServicerD,2019
LN0007491,2022-06,154000,3.0,360,620-659,91-95,37-43,,Other,Primary,PUD,ServicerB,2022
LN0007492,2018-08,157000,2.5,360,,81-90,37-43,RI,Cash-Out Refinance,Primary,Single Family,ServicerD,2018
LN0007493,2019-06,214000,3.5,360,660-699,91-95,44-50,ND,Purchase,Primary,PUD,ServicerD,2019
LN0007494,2018-08,198000,4.5,360,700-739,61-70,29-36,DE,Purchase,Primary,Multi-Family,ServicerA,2018
LN0007495,2022-11,202000,3.75,360,780+,<=60,<=28,ID,Refinance,Primary,Single Family,ServicerD,2022
LN0007496,2021-12,57000,4.75,120,<620,91-95,44-50,DE,Purchase,Primary,Condo,ServicerE,2021
LN0007497,2019-08,237000,8.75,360,<620,<=60,>50,NH,Purchase,Primary,Single Family,ServicerB,2019
LN0007498,2021-08,329000,7.5,120,780+,71-80,44-50,ID,Purchase,Primary,Co-op,ServicerA,2021
LN0007499,2019-02,95000,2.75,360,660-699,<=60,44-50,ID,Refinance,Primary,Co-op,ServicerA,2019
LN0007500,2021-03,78000,5.99,360,740-779,61-70,37-43,,Refinance,Primary,Single Family,ServicerB,2021
LN0007501,2020-03,371000,5.74,180,700-739,71-80,44-50,MT,Cash-Out Refinance,Primary,Condo,ServicerB,2020
LN0007502,2021-06,159000,3.25,360,780+,71-80,37-43,WV,Refinance,Primary,Condo,ServicerD,2021
LN0007503,2020-11,284000,3.99,360,620-659,71-80,37-43,ID,Purchase,Primary,Single Family,ServicerD,2020
LN0007504,2021-10,356000,3.25,360,620-659,96-100,44-50,NV,Purchase,Primary,Co-op,ServicerC,2021
LN0007505,2021-09,250000,5.75,360,700-739,,37-43,NE,Refinance,Primary,Condo,ServicerA,2021
LN0007506,2018-06,143000,6.25,360,780+,<=60,<=28,ID,Refinance,Primary,PUD,ServicerA,2018
LN0007507,2021-11,240000,3.25,360,700-739,61-70,37-43,KS,Purchase,Investment,Co-op,ServicerD,2021
LN0007508,2022-01,162000,12.31,360,660-699,71-80,29-36,NH,Refinance,Primary,Single Family,ServicerE,2022
LN0007509,2019-10,162000,2.99,360,740-779,<=60,<=28,WV,Purchase,Primary,PUD,ServicerA,2019
LN0007510,2019-04,149000,4.5,180,780+,<=60,37-43,NH,Cash-Out Refinance,Primary,PUD,ServicerE,2019
LN0007511,2020-06,139000,6.625,360,780+,61-70,>50,MT,Refinance,Primary,PUD,ServicerE,2020
LN0007512,2020-09,313000,5.75,360,780+,96-100,37-43,ID,Refinance,Primary,PUD,ServicerA,2020
LN0007513,2018-10,143000,4.75,240,<620,81-90,<=28,DE,Other,Primary,Multi-Family,ServicerA,2018
LN0007514,2022-07,90000,5.99,240,620-659,61-70,44-50,KS,Purchase,Primary,Co-op,ServicerB,2022
LN0007515,2018-11,149000,3.375,360,740-779,>100,44-50,NH,Cash-Out Refinance,Primary,Single Family,ServicerD,2018
LN0007516,2019-03,90000,4.0,360,780+,81-90,<=28,ND,Other,Primary,Co-op,ServicerD,2019
LN0007517,2021-04,87000,3.0,360,660-699,81-90,37-43,RI,Refinance,Primary,Single Family,ServicerA,2021
LN0007518,2018-04,248000,5.875,240,660-699,96-100,44-50,AK,Other,Primary,Multi-Family,ServicerC,2018
LN0007519,2020-07,37000,2.999,360,740-779,<=60,29-36,NH,Refinance,Investment,Co-op,ServicerD,2020
LN0007520,2018-06,152000,3.49,180,<620,71-80,37-43,NE,Purchase,Primary,PUD,ServicerD,2018
LN0007521,2021-11,303000,2.75,360,660-699,91-95,37-43,SD,Purchase,Primary,Single Family,ServicerB,2021
LN0007522,2019-07,405000,6.99,360,700-739,61-70,29-36,NH,Cash-Out Refinance,Primary,PUD,ServicerD,2019
LN0007523,2019-05,103000,2.49,360,700-739,<=60,37-43,NV,Purchase,Primary,Condo,ServicerA,2019
LN0007524,2020-07,226000,2.625,360,740-779,71-80,37-43,NM,Purchase,Primary,PUD,ServicerE,2020
LN0007525,2021-01,240000,5.99,360,660-699,<=60,37-43,NH,Purchase,Primary,Condo,ServicerC,2021
LN0007526,2020-07,125000,2.875,180,740-779,<=60,<=28,RI,Refinance,Primary,PUD,ServicerD,2020
LN0007527,2019-03,116000,3.5,360,700-739,81-90,<=28,AK,Refinance,Primary,Condo,ServicerE,2019
LN0007528,2021-11,203000,4.25,360,700-739,71-80,37-43,NE,Cash-Out Refinance,Investment,Single Family,ServicerA,2021
LN0007529,2022-02,186000,4.625,360,740-779,<=60,44-50,NE,Refinance,Primary,Condo,ServicerD,2022
LN0007530,2021-02,48000,2.625,360,660-699,<=60,37-43,KS,Cash-Out Refinance,Primary,Multi-Family,ServicerA,2021
LN0007531,2020-11,189000,3.0,180,620-659,81-90,37-43,NE,Purchase,Primary,Condo,ServicerE,2020
LN0007532,2018-11,172000,3.375,360,620-659,71-80,44-50,MT,Refinance,Primary,Single Family,ServicerC,2018
LN0007533,2021-01,202000,4.99,360,660-699,96-100,37-43,NM,Refinance,Primary,Multi-Family,ServicerC,2021
LN0007534,2019-06,152000,3.375,360,700-739,71-80,>50,NH,Cash-Out Refinance,Primary,Condo,ServicerB,2019
LN0007535,2019-10,110000,8.0,360,780+,71-80,37-43,AK,Refinance,Primary,Multi-Family,ServicerD,2019
LN0007536,2022-07,164000,3.375,360,740-779,<=60,37-43,KS,Refinance,Primary,Co-op,ServicerC,2022
LN0007537,2021-01,344000,2.75,180,740-779,<=60,>50,VT,Purchase,Primary,Condo,ServicerD,2021
LN0007538,2021-11,77000,6.125,240,660-699,91-95,37-43,SD,Purchase,Primary,PUD,ServicerD,2021
LN0007539,2021-07,52000,2.625,180,700-739,<=60,37-43,NE,Purchase,Primary,Co-op,ServicerA,2021
LN0007540,2018-05,244000,5.75,180,700-739,<=60,37-43,KS,Purchase,Primary,Condo,ServicerD,2018
LN0007541,2021-05,112000,3.499,360,620-659,<=60,>50,SD,Refinance,Primary,Condo,ServicerA,2021
LN0007542,2018-10,789000,5.99,180,<620,<=60,>50,ID,Refinance,Primary,Single Family,ServicerD,2018
LN0007543,2021-09,147000,5.125,240,700-739,71-80,<=28,RI,Refinance,Primary,PUD,ServicerD,2021
LN0007544,2020-08,54000,3.125,360,780+,96-100,44-50,NE,Refinance,Primary,Multi-Family,ServicerC,2020
LN0007545,2020-09,200000,6.625,120,620-659,71-80,,ID,Purchase,Primary,Co-op,ServicerC,2020
LN0007546,2020-02,237000,3.49,360,<620,61-70,44-50,VT,Cash-Out Refinance,Primary,PUD,ServicerA,2020
LN0007547,2019-07,202000,2.875,240,740-779,96-100,<=28,ID,Other,Primary,Co-op,ServicerA,2019
LN0007548,2022-07,142000,8.75,360,660-699,<=60,37-43,HI,Cash-Out Refinance,Primary,Multi-Family,ServicerD,2022
LN0007549,2018-03,217000,4.625,360,780+,91-95,44-50,NM,Purchase,Primary,Single Family,ServicerA,2018
LN0007550,2018-06,109000,2.625,360,740-779,<=60,29-36,NE,Cash-Out Refinance,Primary,Multi-Family,ServicerA,2018
LN0007551,2022-05,292000,4.0,360,780+,61-70,37-43,NM,Cash-Out Refinance,Primary,Multi-Family,ServicerE,2022
LN0007552,2019-09,274000,3.75,360,700-739,96-100,44-50,WY,Other,Primary,Single Family,ServicerD,2019
LN0007553,2022-12,257000,4.25,360,740-779,61-70,37-43,NM,Refinance,Primary,Multi-Family,ServicerB,2022
LN0007554,2021-07,429000,5.125,360,700-739,,44-50,ID,Refinance,Primary,Condo,ServicerC,2021
LN0007555,2018-08,279000,8.5,360,740-779,<=60,37-43,ID,Refinance,Primary,Multi-Family,ServicerA,2018
LN0007556,2020-01,284000,9.74,360,700-739,91-95,37-43,ND,Cash-Out Refinance,Primary,Single Family,ServicerA,2020
LN0007557,2018-08,260000,3.5,180,620-659,71-80,44-50,ID,Cash-Out Refinance,Primary,PUD,ServicerE,2018
LN0007558,2021-06,159000,3.625,360,700-739,71-80,<=28,SD,Refinance,Primary,Multi-Family,ServicerE,2021
LN0007559,2018-10,536000,6.5,240,700-739,>100,29-36,NE,Other,Primary,Condo,ServicerD,2018
LN0007560,2020-05,271000,2.75,360,740-779,91-95,<=28,SD,Other,Primary,Condo,ServicerC,2020
LN0007561,2021-06,113000,1.875,360,740-779,61-70,44-50,ID,Purchase,Primary,Single Family,ServicerD,2021
LN0007562,2020-01,297000,6.5,360,740-779,96-100,44-50,ID,Purchase,Primary,PUD,ServicerC,2020
LN0007563,2022-05,181000,4.875,240,620-659,71-80,>50,MT,Refinance,Primary,Co-op,ServicerB,2022
LN0007564,2019-05,153000,2.875,360,740-779,>100,37-43,MT,Refinance,Primary,Condo,ServicerA,2019
LN0007565,2020-07,57000,3.99,180,700-739,<=60,37-43,RI,Refinance,Primary,Multi-Family,ServicerD,2020
LN0007566,2018-08,93000,3.0,360,780+,61-70,29-36,AK,Refinance,Primary,Condo,ServicerA,2018
LN0007567,2020-05,421000,2.875,360,780+,71-80,44-50,ID,Refinance,Primary,Single Family,ServicerC,2020
LN0007568,2018-10,314000,3.625,360,<620,71-80,29-36,NE,Purchase,Primary,Co-op,ServicerB,2018
LN0007569,2018-06,136000,3.25,360,780+,81-90,44-50,ID,Cash-Out Refinance,Primary,Multi-Family,ServicerB,2018
LN0007570,2018-09,403000,2.625,360,<620,71-80,37-43,HI,Purchase,Primary,Single Family,ServicerA,2018
LN0007571,2021-04,348000,2.75,360,660-699,71-80,44-50,WV,Cash-Out Refinance,Primary,Co-op,ServicerD,2021
LN0007572,2019-02,80000,2.625,360,700-739,81-90,44-50,HI,Cash-Out Refinance,Primary,Condo,ServicerA,2019
LN0007573,2022-02,221000,4.625,240,620-659,71-80,37-43,ID,Purchase,Secondary,PUD,ServicerC,2022
LN0007574,2019-12,159000,4.5,360,740-779,<=60,37-43,NM,Purchase,Primary,PUD,ServicerD,2019
LN0007575,2019-11,48000,2.5,360,<620,61-70,37-43,NV,Cash-Out Refinance,Primary,Single Family,ServicerB,2019
LN0007576,2021-07,184000,3.75,360,620-659,96-100,37-43,HI,Purchase,Primary,Condo,ServicerE,2021
LN0007577,2020-06,291000,2.875,180,,71-80,37-43,MT,Refinance,Primary,Condo,ServicerD,2020
LN0007578,2021-12,204000,3.0,240,740-779,71-80,44-50,NM,Purchase,Investment,Condo,ServicerB,2021
LN0007579,2022-04,121000,3.375,180,780+,61-70,44-50,ID,Purchase,Primary,Condo,ServicerA,2022
LN0007580,2022-10,157000,4.0,360,740-779,,44-50,NE,Refinance,Primary,Co-op,ServicerD,2022
LN0007581,2021-01,246000,5.495,180,740-779,61-70,37-43,WY,Purchase,Secondary,Co-op,ServicerC,2021
LN0007582,2018-06,115000,3.25,360,700-739,71-80,29-36,ID,Refinance,Primary,Multi-Family,ServicerD,2018
LN0007583,2020-01,180000,3.125,360,<620,61-70,44-50,HI,Purchase,Primary,Multi-Family,ServicerA,2020
LN0007584,2019-10,170000,8.65,180,620-659,61-70,44-50,DE,Refinance,Primary,Single Family,ServicerA,2019
LN0007585,2018-07,93000,5.875,360,700-739,71-80,29-36,NM,Purchase,Primary,Condo,ServicerB,2018
LN0007586,2022-12,102000,3.625,240,740-779,<=60,37-43,RI,Purchase,Primary,Condo,ServicerE,2022
LN0007587,2018-06,179000,4.99,360,700-739,71-80,37-43,ID,Cash-Out Refinance,Primary,PUD,ServicerE,2018
LN0007588,2020-07,179000,2.99,360,740-779,71-80,44-50,NH,Refinance,Primary,PUD,ServicerB,2020
LN0007589,2021-01,245000,2.625,360,700-739,71-80,37-43,,Cash-Out Refinance,Primary,Multi-Family,ServicerD,2021
LN0007590,2019-12,91000,7.125,360,<620,71-80,37-43,ID,Purchase,Primary,Single Family,ServicerC,2019
LN0007591,2020-12,135000,4.375,360,620-659,71-80,44-50,KS,Refinance,Primary,Multi-Family,ServicerA,2020
LN0007592,2018-07,131000,7.49,180,780+,<=60,37-43,ID,Purchase,Investment,Co-op,ServicerE,2018
LN0007593,2018-04,114000,9.85,360,740-779,96-100,<=28,KS,Cash-Out Refinance,Primary,PUD,ServicerD,2018
LN0007594,2022-05,92000,3.625,360,780+,<=60,37-43,AK,Purchase,Primary,PUD,ServicerB,2022
LN0007595,2020-10,362000,3.125,360,620-659,<=60,44-50,RI,Purchase,Primary,Single Family,ServicerB,2020
LN0007596,2022-09,232000,6.5,360,780+,<=60,37-43,NE,Purchase,Primary,Single Family,ServicerD,2022
LN0007597,2019-12,308000,2.25,360,660-699,91-95,37-43,ID,Cash-Out Refinance,Secondary,Multi-Family,ServicerB,2019
LN0007598,2018-06,232000,2.375,180,<620,<=60,29-36,NM,Refinance,Primary,Single Family,ServicerB,2018
LN0007599,2022-08,68000,2.875,360,780+,<=60,29-36,MT,Purchase,Primary,Single Family,ServicerD,2022
LN0007600,2019-07,40000,4.0,360,660-699,<=60,>50,NV,Purchase,Primary,Single Family,ServicerC,2019
LN0007601,2020-12,118000,2.99,180,740-779,<=60,37-43,NE,Purchase,Primary,Single Family,ServicerA,2020
LN0007602,2019-05,173000,7.75,360,620-659,,37-43,NE,Purchase,Primary,Co-op,ServicerA,2019
LN0007603,2022-11,130000,1.99,360,700-739,61-70,44-50,SD,Cash-Out Refinance,Primary,Condo,ServicerB,2022
LN0007604,2018-10,260000,3.875,360,780+,81-90,44-50,NH,Refinance,Primary,Condo,ServicerD,2018
LN0007605,2021-03,112000,7.5,120,,71-80,,ID,Cash-Out Refinance,Primary,PUD,ServicerD,2021
LN0007606,2020-05,96000,2.5,360,740-779,71-80,>50,ID,Purchase,Investment,Multi-Family,ServicerB,2020
LN0007607,2018-07,88000,2.75,360,620-659,61-70,44-50,NV,Purchase,Primary,Condo,ServicerE,2018
LN0007608,2019-01,602000,3.0,360,740-779,<=60,44-50,WV,Cash-Out Refinance,Primary,Co-op,ServicerB,2019
LN0007609,2021-11,138000,4.74,360,660-699,<=60,44-50,NE,Refinance,Primary,Co-op,ServicerE,2021
LN0007610,2019-05,208000,2.25,360,660-699,96-100,44-50,NH,Cash-Out Refinance,Primary,Single Family,ServicerD,2019
LN0007611,2020-08,110000,8.875,360,660-699,<=60,37-43,MT,Purchase,Primary,Condo,ServicerD,2020
LN0007612,2022-11,98000,8.75,360,620-659,<=60,37-43,NE,Purchase,Primary,Multi-Family,ServicerE,2022
LN0007613,2020-02,334000,2.75,360,780+,>100,>50,NE,Purchase,Primary,PUD,ServicerA,2020
LN0007614,2019-04,135000,5.125,360,700-739,61-70,44-50,,Refinance,Primary,Single Family,ServicerB,2019
LN0007615,2018-12,279000,2.625,180,660-699,61-70,44-50,VT,Purchase,Primary,Co-op,ServicerA,2018
LN0007616,2020-04,98000,5.99,180,700-739,61-70,37-43,ND,Refinance,Primary,Multi-Family,ServicerC,2020
LN0007617,2018-10,105000,3.24,360,660-699,<=60,44-50,MT,Refinance,Primary,Condo,ServicerE,2018
LN0007618,2020-12,272000,3.25,360,740-779,<=60,<=28,RI,Refinance,Primary,Multi-Family,ServicerB,2020
LN0007619,2022-08,234000,4.625,360,780+,71-80,44-50,WV,Cash-Out Refinance,Primary,Single Family,ServicerC,2022
LN0007620,2022-07,174000,3.75,360,700-739,96-100,37-43,MT,Cash-Out Refinance,Primary,PUD,ServicerC,2022
LN0007621,2022-06,190000,3.5,360,780+,81-90,37-43,ID,Purchase,Secondary,Co-op,ServicerB,2022
LN0007622,2022-07,102000,3.0,180,700-739,71-80,>50,DE,Cash-Out Refinance,Primary,Condo,ServicerB,2022
LN0007623,2021-09,78000,3.3,360,620-659,<=60,44-50,SD,Cash-Out Refinance,Primary,PUD,ServicerC,2021
LN0007624,2018-06,245000,4.375,360,740-779,81-90,<=28,NE,Purchase,Secondary,PUD,ServicerB,2018
LN0007625,2020-06,60000,2.75,360,700-739,91-95,44-50,WV,Refinance,Primary,Multi-Family,ServicerD,2020
LN0007626,2020-08,373000,3.5,180,740-779,96-100,29-36,ID,Cash-Out Refinance,Primary,PUD,ServicerE,2020
LN0007627,2019-08,326000,3.625,360,780+,71-80,,RI,Refinance,Primary,Condo,ServicerE,2019
LN0007628,2021-04,194000,8.0,360,700-739,71-80,44-50,NM,Refinance,Primary,Multi-Family,ServicerA,2021
LN0007629,2022-12,87000,3.99,360,780+,,>50,,Cash-Out Refinance,Primary,Multi-Family,ServicerB,2022
LN0007630,2019-11,331000,3.125,180,740-779,91-95,44-50,NE,Refinance,Primary,Multi-Family,ServicerA,2019
LN0007631,2021-05,209000,6.25,240,700-739,<=60,37-43,NH,Refinance,Primary,Co-op,ServicerE,2021
LN0007632,2021-01,171000,9.0,120,740-779,<=60,44-50,NE,Refinance,Primary,Co-op,ServicerC,2021
LN0007633,2022-02,220000,3.5,360,660-699,61-70,29-36,WY,Purchase,Primary,Condo,ServicerA,2022
LN0007634,2021-09,150000,5.5,360,780+,71-80,37-43,NH,Purchase,Primary,Condo,ServicerE,2021
LN0007635,2020-02,308000,5.5,360,740-779,<=60,<=28,ID,Refinance,Primary,Multi-Family,ServicerE,2020
LN0007636,2019-12,199000,3.99,360,<620,71-80,37-43,DE,Cash-Out Refinance,Primary,Co-op,ServicerC,2019
LN0007637,2022-06,202000,5.99,240,,61-70,37-43,RI,Purchase,Secondary,Co-op,ServicerA,2022
LN0007638,2020-05,147000,4.0,360,740-779,<=60,37-43,VT,Refinance,Primary,Co-op,ServicerA,2020
LN0007639,2020-08,92000,3.25,360,<620,71-80,>50,NE,Refinance,Primary,Condo,ServicerB,2020
LN0007640,2021-01,119000,3.5,360,<620,91-95,29-36,NE,Refinance,Primary,Multi-Family,ServicerB,2021
LN0007641,2019-10,176000,4.25,180,700-739,91-95,37-43,SD,Purchase,Primary,PUD,ServicerD,2019
LN0007642,2022-03,181000,3.75,120,660-699,96-100,37-43,ID,Cash-Out Refinance,Primary,Condo,ServicerA,2022
LN0007643,2022-06,160000,2.625,180,700-739,96-100,29-36,KS,Refinance,Primary,Single Family,ServicerB,2022
LN0007644,2022-07,56000,3.125,180,660-699,<=60,<=28,NE,Purchase,Investment,Single Family,ServicerE,2022
LN0007645,2021-01,66000,3.25,360,620-659,<=60,44-50,WV,Refinance,Primary,Condo,ServicerA,2021
LN0007646,2020-09,275000,3.125,360,740-779,91-95,44-50,ID,Cash-Out Refinance,Primary,Multi-Family,ServicerA,2020
LN0007647,2021-04,280000,4.25,360,700-739,96-100,44-50,NE,Purchase,Secondary,Co-op,ServicerC,2021
LN0007648,2021-09,253000,7.125,360,660-699,71-80,29-36,ID,Refinance,Primary,Multi-Family,ServicerE,2021
LN0007649,2019-07,470000,2.5,360,660-699,<=60,<=28,DE,Refinance,Primary,Condo,ServicerA,2019
LN0007650,2022-02,269000,2.625,360,700-739,71-80,44-50,NH,Refinance,Secondary,Condo,ServicerA,2022
LN0007651,2018-07,100000,2.99,360,<620,71-80,<=28,HI,Other,Primary,Single Family,ServicerB,2018
LN0007652,2019-04,152000,6.75,360,620-659,61-70,44-50,SD,Refinance,Primary,Single Family,ServicerB,2019
LN0007653,2018-10,182000,8.25,360,<620,<=60,,ID,Cash-Out Refinance,Investment,PUD,ServicerC,2018
LN0007654,2020-03,109000,3.375,180,740-779,71-80,29-36,WY,Purchase,Primary,Multi-Family,ServicerD,2020
LN0007655,2019-12,202000,4.5,180,740-779,<=60,29-36,RI,Refinance,Primary,PUD,ServicerB,2019
LN0007656,2021-09,157000,6.0,360,740-779,71-80,37-43,MT,Refinance,Primary,Multi-Family,ServicerA,2021
LN0007657,2021-06,159000,4.49,360,740-779,81-90,37-43,NM,Purchase,Primary,Condo,ServicerC,2021
LN0007658,2019-07,130000,6.5,360,740-779,<=60,<=28,KS,Purchase,Primary,Single Family,ServicerA,2019
LN0007659,2022-05,141000,7.0,360,700-739,<=60,44-50,MT,Cash-Out Refinance,Primary,Condo,ServicerA,2022
LN0007660,2020-06,358000,3.0,360,740-779,>100,37-43,WY,Refinance,Primary,Single Family,ServicerD,2020
LN0007661,2018-11,63000,5.49,360,<620,71-80,44-50,SD,Refinance,Primary,Condo,ServicerD,2018
LN0007662,2020-09,327000,3.75,360,740-779,<=60,>50,NE,Refinance,Primary,Condo,ServicerB,2020
LN0007663,2022-09,153000,3.375,180,740-779,91-95,>50,NE,Refinance,Primary,PUD,ServicerB,2022
LN0007664,2021-04,88000,8.25,360,700-739,71-80,37-43,AK,Purchase,Primary,Single Family,ServicerB,2021
LN0007665,2021-08,250000,1.99,360,660-699,<=60,>50,ID,Cash-Out Refinance,Primary,Condo,ServicerA,2021
LN0007666,2021-05,35000,6.99,240,660-699,<=60,37-43,ND,Refinance,Primary,PUD,ServicerE,2021
LN0007667,2021-03,179000,2.625,240,740-779,91-95,<=28,,Other,Secondary,Condo,ServicerA,2021
LN0007668,2019-07,245000,4.25,360,740-779,61-70,37-43,ID,Refinance,Primary,Single Family,ServicerA,2019
LN0007669,2020-01,206000,4.125,360,780+,96-100,<=28,NE,Refinance,Primary,Single Family,ServicerA,2020
LN0007670,2022-06,216000,3.5,360,660-699,91-95,<=28,HI,Purchase,Primary,Single Family,ServicerA,2022
LN0007671,2021-11,204000,4.0,360,,71-80,>50,WY,Refinance,Primary,PUD,ServicerD,2021
LN0007672,2019-11,376000,2.75,240,700-739,71-80,37-43,WY,Cash-Out Refinance,Primary,PUD,ServicerE,2019
LN0007673,2018-07,219000,2.75,120,780+,71-80,29-36,ND,Cash-Out Refinance,Primary,PUD,ServicerE,2018
LN0007674,2022-11,110000,1.99,360,700-739,81-90,29-36,NE,Cash-Out Refinance,Primary,Single Family,ServicerE,2022
LN0007675,2021-07,131000,2.99,240,700-739,<=60,<=28,NH,Purchase,Primary,Single Family,ServicerC,2021
LN0007676,2021-04,131000,1.99,180,700-739,<=60,>50,NM,Purchase,Primary,Condo,ServicerB,2021
LN0007677,2018-10,104000,10.2,360,740-779,>100,44-50,HI,Other,Primary,Single Family,ServicerE,2018
LN0007678,2019-03,434000,4.577,180,780+,<=60,44-50,WY,Cash-Out Refinance,Primary,Co-op,ServicerB,2019
LN0007679,2022-10,280000,3.99,360,<620,71-80,29-36,NM,Purchase,Primary,PUD,ServicerB,2022
LN0007680,2022-02,165000,2.875,360,<620,<=60,<=28,ID,Purchase,Primary,Single Family,ServicerD,2022
LN0007681,2022-10,281000,3.75,360,780+,71-80,<=28,NE,Purchase,Primary,Co-op,ServicerE,2022
LN0007682,2021-01,78000,2.875,180,700-739,71-80,37-43,ID,Cash-Out Refinance,Primary,Single Family,ServicerC,2021
LN0007683,2020-10,205000,2.7,180,740-779,81-90,>50,MT,Purchase,Primary,Condo,ServicerE,2020
LN0007684,2019-03,134000,4.75,360,700-739,71-80,29-36,VT,Purchase,Primary,Co-op,ServicerC,2019
LN0007685,2022-11,218000,3.125,360,620-659,61-70,,KS,Purchase,Primary,Condo,ServicerC,2022
LN0007686,2021-11,90000,3.75,360,740-779,71-80,>50,ID,Cash-Out Refinance,Primary,Multi-Family,ServicerB,2021
LN0007687,2018-06,94000,9.5,360,740-779,81-90,>50,WV,Refinance,Primary,Multi-Family,ServicerC,2018
LN0007688,2018-12,420000,3.0,360,660-699,71-80,44-50,RI,Cash-Out Refinance,Primary,PUD,ServicerC,2018
LN0007689,2022-11,59000,8.0,360,660-699,61-70,44-50,NE,Refinance,Primary,Co-op,ServicerC,2022
LN0007690,2021-09,131000,3.5,360,780+,71-80,29-36,WV,Refinance,Primary,PUD,ServicerB,2021
LN0007691,2022-04,136000,2.875,360,<620,81-90,>50,NE,Purchase,Primary,Co-op,ServicerD,2022
LN0007692,2019-08,119000,2.99,180,780+,<=60,37-43,NE,Refinance,Primary,Condo,ServicerA,2019
LN0007693,2020-12,80000,3.125,360,660-699,81-90,44-50,MT,Refinance,Primary,Single Family,ServicerB,2020
LN0007694,2019-03,371000,3.25,360,700-739,91-95,37-43,NM,Refinance,Primary,PUD,ServicerB,2019
LN0007695,2021-12,483000,3.84,180,780+,61-70,37-43,NE,Cash-Out Refinance,Primary,Multi-Family,ServicerB,2021
LN0007696,2019-06,294000,6.25,180,740-779,81-90,44-50,MT,Cash-Out Refinance,Primary,PUD,ServicerD,2019
LN0007697,2019-05,225000,3.125,240,700-739,71-80,37-43,RI,Refinance,Primary,PUD,ServicerA,2019
LN0007698,2018-01,151000,5.625,360,740-779,>100,37-43,ID,Cash-Out Refinance,Primary,Condo,ServicerC,2018
LN0007699,2019-10,56000,3.25,360,660-699,,37-43,MS,Purchase,Primary,Multi-Family,ServicerC,2019
LN0007700,2021-08,324000,4.5,360,660-699,<=60,>50,NH,Purchase,Primary,Condo,ServicerA,2021
LN0007701,2019-11,82000,4.125,360,780+,71-80,,ID,Purchase,Primary,PUD,ServicerC,2019
LN0007702,2022-08,240000,2.875,360,740-779,61-70,>50,WV,Refinance,Primary,Multi-Family,ServicerB,2022
LN0007703,2019-03,316000,3.125,360,740-779,71-80,<=28,WY,Purchase,Primary,PUD,ServicerE,2019
LN0007704,2021-09,212000,7.625,180,660-699,81-90,>50,SD,Purchase,Primary,Condo,ServicerB,2021
LN0007705,2018-10,175000,4.54,360,<620,61-70,29-36,RI,Purchase,Primary,Condo,ServicerE,2018
LN0007706,2020-03,179000,3.25,360,<620,<=60,37-43,NE,Purchase,Primary,Single Family,ServicerD,2020
LN0007707,2019-08,90000,2.875,180,700-739,81-90,<=28,HI,Purchase,Secondary,Co-op,ServicerB,2019
LN0007708,2018-01,180000,6.625,360,,96-100,37-43,NH,Refinance,Primary,PUD,ServicerC,2018
LN0007709,2018-11,374000,6.99,360,700-739,71-80,37-43,SD,Purchase,Primary,Co-op,ServicerC,2018
LN0007710,2021-09,95000,3.375,360,780+,61-70,>50,VT,Refinance,Primary,PUD,ServicerE,2021
LN0007711,2021-07,316000,3.75,180,<620,61-70,37-43,NE,Cash-Out Refinance,Primary,Condo,ServicerA,2021
LN0007712,2018-07,177000,3.25,240,660-699,<=60,29-36,NE,Refinance,Primary,Condo,ServicerC,2018
LN0007713,2020-12,79000,2.375,180,660-699,71-80,29-36,ID,Purchase,Primary,PUD,ServicerC,2020
LN0007714,2022-02,81000,2.875,360,700-739,<=60,,RI,Purchase,Primary,Co-op,ServicerE,2022
LN0007715,2022-11,69000,2.99,360,<620,81-90,44-50,NE,Cash-Out Refinance,Primary,Condo,ServicerC,2022
LN0007716,2022-12,208000,3.125,360,780+,<=60,>50,VT,Purchase,Primary,Co-op,ServicerE,2022
LN0007717,2018-08,188000,2.625,180,660-699,71-80,>50,ID,Refinance,Primary,Co-op,ServicerE,2018
LN0007718,2021-12,128000,3.25,360,780+,,37-43,NM,Purchase,Primary,PUD,ServicerD,2021
LN0007719,2018-05,48000,2.25,180,700-739,61-70,,ID,Cash-Out Refinance,Primary,Single Family,ServicerA,2018
LN0007720,2021-12,143000,5.75,360,780+,71-80,44-50,MT,Purchase,Primary,Co-op,ServicerD,2021
LN0007721,2018-06,176000,3.125,360,700-739,<=60,37-43,SD,Cash-Out Refinance,Primary,Co-op,ServicerE,2018
LN0007722,2021-12,96000,8.415,360,780+,71-80,44-50,NH,Purchase,Primary,Condo,ServicerD,2021
LN0007723,2022-11,158000,4.5,360,<620,<=60,44-50,SD,Cash-Out Refinance,Primary,Single Family,ServicerC,2022
LN0007724,2021-07,554000,4.56,360,740-779,71-80,<=28,NM,Purchase,Primary,Condo,ServicerD,2021
LN0007725,2018-02,152000,5.54,360,780+,71-80,,DE,Purchase,Primary,Single Family,ServicerE,2018
LN0007726,2019-05,193000,4.99,360,620-659,96-100,37-43,DE,Refinance,Primary,Co-op,ServicerD,2019
LN0007727,2022-02,125000,5.5,360,620-659,<=60,<=28,NM,Purchase,Primary,Condo,ServicerB,2022
LN0007728,2019-06,303000,2.75,360,700-739,81-90,44-50,NV,Other,Primary,Multi-Family,ServicerD,2019
LN0007729,2021-11,106000,4.25,360,780+,,37-43,MS,Purchase,Primary,PUD,ServicerE,2021
LN0007730,2020-03,82000,8.29,360,700-739,71-80,44-50,ID,Cash-Out Refinance,Primary,Single Family,ServicerC,2020
LN0007731,2019-08,162000,6.75,360,700-739,91-95,44-50,HI,Purchase,Primary,Condo,ServicerA,2019
LN0007732,2019-05,197000,3.375,360,620-659,71-80,<=28,NE,Purchase,Primary,Co-op,ServicerE,2019
LN0007733,2018-06,113000,4.99,180,<620,61-70,37-43,ID,Purchase,Primary,Co-op,ServicerA,2018
LN0007734,2018-08,92000,2.0,360,740-779,<=60,37-43,,Refinance,Primary,Condo,ServicerE,2018
LN0007735,2021-04,137000,3.375,360,620-659,<=60,>50,RI,Refinance,Primary,Co-op,ServicerA,2021
LN0007736,2020-06,702000,6.0,360,740-779,61-70,44-50,SD,Refinance,Primary,Condo,ServicerB,2020
LN0007737,2020-12,149000,2.875,360,780+,<=60,29-36,ID,Other,Primary,Condo,ServicerE,2020
LN0007738,2021-06,175000,3.75,240,660-699,71-80,>50,HI,Purchase,Investment,Co-op,ServicerA,2021
LN0007739,2021-12,282000,3.99,360,740-779,61-70,37-43,ND,Refinance,Primary,Condo,ServicerC,2021
LN0007740,2020-10,199000,5.4,360,<620,96-100,44-50,SD,Refinance,Investment,Multi-Family,ServicerE,2020
LN0007741,2020-10,110000,4.0,360,740-779,61-70,37-43,ND,Cash-Out Refinance,Primary,Condo,ServicerC,2020
LN0007742,2018-03,144000,2.375,180,,71-80,37-43,DE,Cash-Out Refinance,Primary,Single Family,ServicerA,2018
LN0007743,2019-09,110000,2.375,360,740-779,71-80,37-43,RI,Purchase,Primary,Co-op,ServicerC,2019
LN0007744,2020-01,89000,2.25,240,660-699,71-80,>50,NV,Purchase,Primary,Single Family,ServicerD,2020
LN0007745,2019-06,123000,6.625,180,700-739,71-80,<=28,MS,Purchase,Primary,Condo,ServicerA,2019
LN0007746,2022-06,73000,2.625,120,700-739,96-100,44-50,MS,Purchase,Investment,Condo,ServicerB,2022
LN0007747,2020-05,102000,3.375,360,620-659,71-80,44-50,NH,Other,Primary,PUD,ServicerB,2020
LN0007748,2019-10,103000,4.14,360,740-779,61-70,<=28,HI,Purchase,Secondary,Co-op,ServicerC,2019
LN0007749,2020-08,163000,2.5,360,660-699,61-70,<=28,DE,Refinance,Primary,Multi-Family,ServicerB,2020
LN0007750,2021-11,185000,3.25,180,740-779,<=60,<=28,NE,Cash-Out Refinance,Primary,Co-op,ServicerD,2021
LN0007751,2020-03,136000,4.5,180,620-659,<=60,37-43,NM,Other,Primary,Multi-Family,ServicerE,2020
LN0007752,2019-03,93000,4.99,360,740-779,<=60,37-43,NM,Purchase,Primary,Single Family,ServicerB,2019
LN0007753,2022-05,224000,4.625,180,620-659,91-95,29-36,ID,Purchase,Primary,Multi-Family,ServicerD,2022
LN0007754,2021-05,107000,7.24,360,700-739,<=60,29-36,DE,Purchase,Primary,Multi-Family,ServicerE,2021
LN0007755,2019-01,217000,2.625,360,660-699,<=60,44-50,NE,Purchase,Primary,Co-op,ServicerE,2019
LN0007756,2019-10,162000,4.5,360,740-779,,>50,NH,Refinance,Primary,Co-op,ServicerC,2019
LN0007757,2020-03,169000,3.49,180,660-699,91-95,44-50,NE,Refinance,Primary,Co-op,ServicerA,2020
LN0007758,2022-01,93000,3.5,360,780+,<=60,44-50,SD,Cash-Out Refinance,Primary,Multi-Family,ServicerC,2022
LN0007759,2020-06,42000,5.875,360,780+,>100,<=28,HI,Purchase,Primary,Single Family,ServicerD,2020
LN0007760,2022-12,318000,6.99,360,620-659,91-95,37-43,MT,Refinance,Primary,Multi-Family,ServicerD,2022
LN0007761,2022-07,174000,3.5,360,740-779,96-100,44-50,MT,Refinance,Primary,Condo,ServicerE,2022
LN0007762,2021-10,191000,6.5,360,620-659,>100,>50,ND,Refinance,Primary,Single Family,ServicerC,2021
LN0007763,2019-06,150000,7.75,360,700-739,71-80,37-43,ID,Purchase,Primary,PUD,ServicerA,2019
LN0007764,2019-10,184000,2.74,360,740-779,<=60,37-43,MT,Purchase,Primary,Condo,ServicerD,2019
LN0007765,2022-06,175000,2.25,180,740-779,91-95,44-50,HI,Cash-Out Refinance,Primary,Single Family,ServicerE,2022
LN0007766,2022-06,226000,5.25,360,740-779,91-95,>50,AK,Purchase,Primary,PUD,ServicerD,2022
LN0007767,2021-08,173000,4.125,360,,71-80,>50,NE,Cash-Out Refinance,Primary,Condo,ServicerB,2021
LN0007768,2019-09,328000,2.75,360,660-699,91-95,44-50,NH,Refinance,Primary,PUD,ServicerB,2019
LN0007769,2021-03,302000,4.937,240,620-659,,37-43,NE,Cash-Out Refinance,Primary,PUD,ServicerB,2021
LN0007770,2021-07,406000,6.875,360,740-779,<=60,29-36,KS,Refinance,Primary,Multi-Family,ServicerC,2021
LN0007771,2018-11,70000,4.125,360,700-739,96-100,,KS,Purchase,Primary,Single Family,ServicerD,2018
LN0007772,2018-06,122000,3.0,180,740-779,96-100,>50,NH,Refinance,Primary,PUD,ServicerC,2018
LN0007773,2019-05,94000,3.25,360,660-699,91-95,>50,DE,Refinance,Primary,Single Family,ServicerB,2019
LN0007774,2019-04,57000,3.375,360,660-699,71-80,44-50,ID,Cash-Out Refinance,Primary,Condo,ServicerB,2019
LN0007775,2019-05,234000,3.25,120,660-699,61-70,37-43,SD,Refinance,Primary,Co-op,ServicerE,2019
LN0007776,2022-12,197000,3.625,360,<620,71-80,37-43,NM,Purchase,Primary,Condo,ServicerD,2022
LN0007777,2018-11,90000,2.75,360,660-699,<=60,<=28,ID,Cash-Out Refinance,Primary,PUD,ServicerA,2018
LN0007778,2019-06,126000,3.0,180,,81-90,44-50,HI,Purchase,Primary,Multi-Family,ServicerC,2019
LN0007779,2021-08,116000,6.625,240,780+,96-100,>50,HI,Cash-Out Refinance,Primary,Multi-Family,ServicerD,2021
LN0007780,2022-11,102000,6.625,240,700-739,71-80,44-50,MT,Purchase,Primary,Multi-Family,ServicerE,2022
LN0007781,2018-12,306000,3.29,180,700-739,<=60,37-43,WY,Refinance,Primary,Single Family,ServicerC,2018
LN0007782,2022-04,209000,2.99,360,<620,71-80,44-50,WV,Purchase,Primary,PUD,ServicerB,2022
LN0007783,2019-06,269000,7.375,360,780+,81-90,<=28,NE,Cash-Out Refinance,Primary,Single Family,ServicerE,2019
LN0007784,2018-07,189000,5.999,360,,71-80,44-50,ID,Purchase,Primary,PUD,ServicerB,2018
LN0007785,2018-06,395000,2.75,240,780+,96-100,44-50,NE,Purchase,Primary,Single Family,ServicerA,2018
LN0007786,2022-02,125000,3.375,360,700-739,<=60,37-43,RI,Purchase,Primary,Condo,ServicerB,2022
LN0007787,2020-09,177000,2.625,360,660-699,96-100,37-43,NH,Refinance,Secondary,Multi-Family,ServicerE,2020
LN0007788,2022-12,83000,3.569,240,780+,71-80,<=28,ID,Refinance,Secondary,Co-op,ServicerB,2022
LN0007789,2022-02,195000,3.125,180,<620,61-70,44-50,NH,Purchase,Primary,Single Family,ServicerB,2022
LN0007790,2018-08,148000,3.25,360,700-739,71-80,44-50,ND,Purchase,Primary,Co-op,ServicerE,2018
LN0007791,2022-09,181000,7.125,360,700-739,71-80,37-43,ID,Refinance,Primary,Co-op,ServicerA,2022
LN0007792,2019-04,440000,6.25,360,660-699,96-100,44-50,NM,Refinance,Primary,PUD,ServicerD,2019
LN0007793,2020-12,228000,2.75,240,700-739,96-100,44-50,ID,Cash-Out Refinance,Primary,Co-op,ServicerA,2020
LN0007794,2019-12,235000,4.5,120,740-779,<=60,44-50,NH,Purchase,Primary,Multi-Family,ServicerC,2019
LN0007795,2019-04,464000,2.75,240,740-779,<=60,37-43,NM,Cash-Out Refinance,Primary,Condo,ServicerB,2019
LN0007796,2021-03,95000,2.25,360,,<=60,29-36,KS,Purchase,Primary,Multi-Family,ServicerB,2021
LN0007797,2018-10,65000,4.375,360,780+,<=60,29-36,MS,Purchase,Primary,Condo,ServicerA,2018
LN0007798,2020-09,232000,6.625,360,620-659,71-80,37-43,VT,Purchase,Secondary,Co-op,ServicerB,2020
LN0007799,2020-02,76000,5.75,360,660-699,81-90,37-43,KS,Other,Primary,Single Family,ServicerE,2020
LN0007800,2019-12,148000,5.99,360,660-699,96-100,37-43,WY,Refinance,Primary,Condo,ServicerE,2019
LN0007801,2018-03,81000,3.625,360,<620,<=60,44-50,WV,Cash-Out Refinance,Primary,Condo,ServicerC,2018
LN0007802,2022-05,110000,9.49,360,620-659,71-80,37-43,DE,Other,Primary,Condo,ServicerC,2022
LN0007803,2018-04,179000,3.625,360,780+,61-70,37-43,ID,Purchase,Primary,PUD,ServicerC,2018
LN0007804,2019-04,172000,6.5,180,660-699,61-70,<=28,KS,Purchase,Primary,PUD,ServicerC,2019
LN0007805,2022-10,170000,3.625,360,620-659,<=60,<=28,WY,Cash-Out Refinance,Primary,Multi-Family,ServicerD,2022
LN0007806,2021-08,225000,3.25,360,620-659,<=60,,NM,Refinance,Primary,PUD,ServicerD,2021
LN0007807,2018-09,134000,10.25,360,740-779,<=60,44-50,,Purchase,Primary,Condo,ServicerC,2018
LN0007808,2018-06,100000,2.99,240,780+,71-80,<=28,ID,Cash-Out Refinance,Primary,Single Family,ServicerD,2018
LN0007809,2018-04,166000,2.99,360,660-699,71-80,37-43,SD,Purchase,Primary,Condo,ServicerD,2018
LN0007810,2021-02,131000,2.875,360,<620,,37-43,SD,Refinance,Primary,PUD,ServicerD,2021
LN0007811,2021-02,367000,3.99,360,660-699,71-80,<=28,KS,Purchase,Primary,Multi-Family,ServicerD,2021
LN0007812,2021-04,125000,3.625,360,<620,71-80,44-50,HI,Purchase,Primary,PUD,ServicerE,2021
LN0007813,2018-09,99000,4.99,180,620-659,<=60,44-50,SD,Refinance,Primary,PUD,ServicerD,2018
LN0007814,2022-04,341000,3.99,360,700-739,96-100,44-50,ID,Refinance,Primary,Multi-Family,ServicerE,2022
LN0007815,2022-08,117000,5.5,180,660-699,<=60,44-50,ID,Refinance,Primary,Condo,ServicerA,2022
LN0007816,2020-10,402000,3.25,360,700-739,61-70,37-43,NM,Refinance,Primary,PUD,ServicerA,2020
LN0007817,2018-10,114000,2.875,360,660-699,96-100,<=28,NE,Refinance,Primary,Co-op,ServicerB,2018
LN0007818,2021-02,139000,3.5,180,780+,61-70,,DE,Refinance,Primary,PUD,ServicerC,2021
LN0007819,2021-11,230000,3.0,360,780+,71-80,29-36,SD,Refinance,Primary,Co-op,ServicerA,2021
LN0007820,2019-10,200000,2.25,120,700-739,96-100,37-43,MT,Purchase,Primary,PUD,ServicerD,2019
LN0007821,2022-08,131000,1.875,360,660-699,>100,,MT,Cash-Out Refinance,Primary,Condo,ServicerE,2022
LN0007822,2018-05,93000,3.5,360,700-739,71-80,37-43,DE,Refinance,Primary,Multi-Family,ServicerE,2018
LN0007823,2021-10,119000,2.75,360,700-739,81-90,37-43,VT,Purchase,Primary,Multi-Family,ServicerB,2021
LN0007824,2020-08,127000,3.125,360,740-779,61-70,37-43,NH,Refinance,Primary,Co-op,ServicerD,2020
LN0007825,2019-06,189000,6.75,240,700-739,<=60,44-50,ID,Purchase,Primary,Single Family,ServicerB,2019
LN0007826,2022-08,62000,2.703,360,780+,71-80,44-50,WV,Refinance,Primary,Condo,ServicerD,2022
LN0007827,2022-05,171000,6.625,120,780+,91-95,29-36,DE,Purchase,Primary,PUD,ServicerD,2022
LN0007828,2020-05,149000,4.0,360,660-699,71-80,37-43,WV,Purchase,Primary,Multi-Family,ServicerB,2020
LN0007829,2022-04,164000,4.875,360,700-739,61-70,,RI,Cash-Out Refinance,Primary,Single Family,ServicerC,2022
LN0007830,2020-05,84000,3.75,360,620-659,<=60,44-50,ID,Refinance,Primary,Multi-Family,ServicerD,2020
LN0007831,2022-09,175000,6.5,360,660-699,71-80,44-50,ID,Cash-Out Refinance,Investment,Co-op,ServicerD,2022
LN0007832,2020-11,242000,4.25,360,700-739,96-100,37-43,NM,Purchase,Primary,Condo,ServicerE,2020
LN0007833,2021-02,113000,5.09,180,,<=60,<=28,ID,Purchase,Investment,PUD,ServicerD,2021
LN0007834,2019-08,78000,5.75,240,780+,71-80,29-36,AK,Purchase,Primary,Condo,ServicerE,2019
LN0007835,2018-06,148000,6.25,180,620-659,61-70,37-43,VT,Purchase,Primary,Condo,ServicerD,2018
LN0007836,2022-08,251000,6.375,360,700-739,96-100,37-43,DE,Refinance,Primary,Multi-Family,ServicerB,2022
LN0007837,2021-03,211000,2.5,360,740-779,,44-50,AK,Purchase,Primary,Condo,ServicerA,2021
LN0007838,2019-02,406000,3.125,360,740-779,96-100,37-43,NM,Purchase,Primary,PUD,ServicerD,2019
LN0007839,2021-11,162000,3.375,360,700-739,<=60,<=28,,Other,Primary,PUD,ServicerE,2021
LN0007840,2020-02,132000,3.25,360,780+,<=60,<=28,NM,Purchase,Primary,Co-op,ServicerA,2020
LN0007841,2021-06,379000,2.875,360,700-739,71-80,29-36,NV,Refinance,Primary,Single Family,ServicerD,2021
LN0007842,2022-03,99000,5.0,360,,<=60,37-43,NE,Refinance,Investment,Single Family,ServicerE,2022
LN0007843,2019-02,119000,3.5,120,<620,71-80,44-50,NH,Refinance,Primary,Condo,ServicerD,2019
LN0007844,2019-04,250000,3.15,360,700-739,<=60,37-43,WV,Purchase,Primary,Co-op,ServicerD,2019
LN0007845,2020-09,84000,6.625,240,780+,<=60,44-50,RI,Purchase,Secondary,Co-op,ServicerD,2020
LN0007846,2020-06,77000,6.45,240,740-779,81-90,37-43,SD,Cash-Out Refinance,Primary,PUD,ServicerC,2020
LN0007847,2022-08,148000,3.0,360,780+,,<=28,,Purchase,Primary,Co-op,ServicerB,2022
LN0007848,2018-11,81000,4.375,120,700-739,96-100,<=28,MT,Purchase,Investment,PUD,ServicerD,2018
LN0007849,2020-10,137000,5.325,360,620-659,<=60,37-43,ID,Refinance,Primary,Co-op,ServicerB,2020
LN0007850,2019-10,102000,2.875,360,<620,61-70,37-43,NH,Refinance,Primary,PUD,ServicerA,2019
LN0007851,2019-06,142000,3.45,240,660-699,<=60,29-36,RI,Other,Primary,Co-op,ServicerE,2019
LN0007852,2019-04,342000,3.375,360,740-779,<=60,44-50,NH,Refinance,Primary,Co-op,ServicerD,2019
LN0007853,2021-03,265000,3.125,360,740-779,61-70,37-43,NE,Purchase,Primary,Condo,ServicerD,2021
LN0007854,2019-10,313000,3.5,120,660-699,<=60,>50,KS,Refinance,Primary,Co-op,ServicerE,2019
LN0007855,2019-06,479000,5.0,360,700-739,71-80,>50,NV,Purchase,Primary,Co-op,ServicerD,2019
LN0007856,2022-08,152000,3.25,360,700-739,71-80,44-50,NE,Refinance,Primary,PUD,ServicerE,2022
LN0007857,2022-07,139000,2.875,360,700-739,91-95,>50,NE,Refinance,Investment,Single Family,ServicerC,2022
LN0007858,2020-04,167000,3.5,360,660-699,71-80,37-43,KS,Refinance,Primary,Multi-Family,ServicerC,2020
LN0007859,2020-08,138000,3.25,360,620-659,61-70,44-50,ND,Cash-Out Refinance,Primary,Multi-Family,ServicerE,2020
LN0007860,2020-06,175000,7.74,360,620-659,61-70,37-43,NE,Cash-Out Refinance,Primary,Condo,ServicerD,2020
LN0007861,2019-05,557000,3.0,360,<620,<=60,37-43,NH,Cash-Out Refinance,Primary,Co-op,ServicerB,2019
LN0007862,2020-12,24000,6.99,120,620-659,71-80,44-50,ID,Purchase,Primary,Multi-Family,ServicerA,2020
LN0007863,2020-12,140000,2.5,360,<620,71-80,<=28,HI,Refinance,Primary,Multi-Family,ServicerE,2020
LN0007864,2020-08,96000,3.25,180,740-779,71-80,<=28,HI,Cash-Out Refinance,Primary,Co-op,ServicerA,2020
LN0007865,2020-07,190000,2.75,360,660-699,81-90,44-50,,Cash-Out Refinance,Primary,Co-op,ServicerE,2020
LN0007866,2022-07,120000,2.49,360,780+,,37-43,NM,Cash-Out Refinance,Primary,Condo,ServicerD,2022
LN0007867,2021-01,145000,3.25,360,620-659,71-80,44-50,MT,Refinance,Primary,PUD,ServicerC,2021
LN0007868,2021-01,66000,3.0,360,660-699,91-95,44-50,VT,Purchase,Primary,Single Family,ServicerA,2021
LN0007869,2021-06,102000,2.99,120,660-699,81-90,29-36,SD,Refinance,Primary,Condo,ServicerA,2021
LN0007870,2019-08,158000,3.125,360,<620,71-80,<=28,ID,Cash-Out Refinance,Primary,Co-op,ServicerB,2019
LN0007871,2020-01,199000,3.875,240,780+,<=60,44-50,NE,Cash-Out Refinance,Primary,Co-op,ServicerC,2020
LN0007872,2019-04,171000,3.875,360,<620,71-80,44-50,ND,Purchase,Primary,Co-op,ServicerB,2019
LN0007873,2020-05,124000,3.75,180,780+,<=60,44-50,WY,Purchase,Primary,Condo,ServicerE,2020
LN0007874,2020-01,312000,4.0,360,780+,61-70,44-50,KS,Purchase,Primary,Multi-Family,ServicerD,2020
LN0007875,2020-07,93000,7.625,360,700-739,<=60,37-43,MT,Refinance,Primary,Condo,ServicerE,2020
LN0007876,2021-06,111000,2.99,240,700-739,71-80,37-43,NH,Refinance,Primary,Multi-Family,ServicerA,2021
LN0007877,2022-09,518000,3.99,360,740-779,71-80,,ND,Refinance,Primary,Multi-Family,ServicerB,2022
LN0007878,2019-04,207000,3.5,180,700-739,96-100,<=28,NE,Purchase,Primary,Co-op,ServicerB,2019
LN0007879,2022-09,119000,7.5,360,740-779,96-100,>50,MT,Cash-Out Refinance,Primary,PUD,ServicerE,2022
LN0007880,2021-05,304000,2.375,360,<620,71-80,<=28,NM,Purchase,Primary,Condo,ServicerE,2021
LN0007881,2018-02,240000,3.875,360,<620,<=60,44-50,NE,Cash-Out Refinance,Primary,PUD,ServicerA,2018
LN0007882,2019-03,111000,4.125,360,700-739,91-95,29-36,NM,Cash-Out Refinance,Primary,Condo,ServicerD,2019
LN0007883,2020-12,448000,2.625,180,700-739,<=60,>50,SD,Refinance,Primary,Single Family,ServicerB,2020
LN0007884,2021-12,121000,3.125,360,780+,71-80,37-43,KS,Purchase,Primary,Single Family,ServicerA,2021
LN0007885,2022-08,55000,2.5,180,620-659,96-100,37-43,DE,Purchase,Primary,Condo,ServicerB,2022
LN0007886,2018-11,430000,6.5,360,780+,81-90,44-50,DE,Purchase,Primary,Single Family,ServicerE,2018
LN0007887,2021-12,172000,3.375,360,660-699,61-70,>50,,Purchase,Primary,Multi-Family,ServicerC,2021
LN0007888,2021-04,49000,3.25,360,700-739,96-100,,ID,Cash-Out Refinance,Primary,Single Family,ServicerA,2021
LN0007889,2020-10,37000,3.5,360,660-699,71-80,>50,AK,Cash-Out Refinance,Primary,Condo,ServicerC,2020
LN0007890,2022-07,117000,3.875,120,700-739,71-80,44-50,NE,Purchase,Primary,PUD,ServicerD,2022
LN0007891,2018-02,160000,6.25,360,620-659,71-80,44-50,SD,Purchase,Primary,Co-op,ServicerE,2018
LN0007892,2018-11,329000,5.99,360,700-739,<=60,44-50,KS,Purchase,Primary,PUD,ServicerB,2018
LN0007893,2020-05,175000,4.24,360,740-779,71-80,>50,NH,Other,Primary,Single Family,ServicerD,2020
LN0007894,2022-06,59000,2.75,360,700-739,61-70,29-36,KS,Purchase,Investment,Single Family,ServicerE,2022
LN0007895,2021-05,406000,2.5,120,700-739,>100,<=28,WV,Refinance,Primary,Co-op,ServicerB,2021
LN0007896,2018-08,92000,4.0,360,780+,61-70,44-50,NH,Refinance,Primary,PUD,ServicerB,2018
LN0007897,2019-12,124000,4.85,360,740-779,96-100,<=28,MS,Refinance,Investment,PUD,ServicerB,2019
LN0007898,2018-06,141000,4.5,360,700-739,<=60,44-50,ID,Purchase,Primary,Co-op,ServicerE,2018
LN0007899,2021-03,312000,7.13,240,660-699,61-70,<=28,ID,Purchase,Primary,Single Family,ServicerA,2021
LN0007900,2019-10,223000,4.5,180,780+,96-100,44-50,DE,Purchase,Primary,Co-op,ServicerD,2019
LN0007901,2020-10,106000,9.24,360,700-739,71-80,44-50,HI,Refinance,Primary,Single Family,ServicerD,2020
LN0007902,2019-09,292000,10.875,120,660-699,<=60,44-50,VT,Refinance,Primary,PUD,ServicerE,2019
LN0007903,2018-08,59000,8.125,360,660-699,<=60,37-43,NV,Refinance,Primary,PUD,ServicerD,2018
LN0007904,2019-06,216000,3.0,240,,71-80,37-43,NE,Purchase,Primary,PUD,ServicerD,2019
LN0007905,2022-09,109000,2.875,360,<620,96-100,37-43,RI,Purchase,Primary,Multi-Family,ServicerC,2022
LN0007906,2020-09,147000,6.5,240,780+,71-80,>50,ID,Purchase,Primary,PUD,ServicerD,2020
LN0007907,2022-05,56000,5.99,360,620-659,61-70,44-50,WV,Cash-Out Refinance,Primary,Condo,ServicerE,2022
LN0007908,2018-03,222000,2.5,360,740-779,<=60,37-43,NM,Purchase,Primary,Co-op,ServicerC,2018
LN0007909,2018-12,161000,2.99,180,700-739,71-80,29-36,NH,Refinance,Primary,Co-op,ServicerE,2018
LN0007910,2020-06,108000,2.75,360,700-739,61-70,44-50,NE,Purchase,Primary,Single Family,ServicerB,2020
LN0007911,2021-12,140000,1.75,180,780+,71-80,29-36,ID,Cash-Out Refinance,Investment,Condo,ServicerD,2021
LN0007912,2019-03,190000,2.625,360,,91-95,29-36,NH,Cash-Out Refinance,Primary,Condo,ServicerC,2019
LN0007913,2020-08,109000,2.875,360,700-739,96-100,37-43,MS,Purchase,Primary,Co-op,ServicerD,2020
LN0007914,2019-08,336000,4.1,360,<620,<=60,37-43,NH,Purchase,Primary,Single Family,ServicerD,2019
LN0007915,2020-06,106000,6.75,360,<620,81-90,<=28,SD,Purchase,Primary,Co-op,ServicerE,2020
LN0007916,2019-11,306000,2.375,360,660-699,81-90,<=28,NV,Refinance,Primary,Condo,ServicerD,2019
LN0007917,2020-05,144000,3.57,360,740-779,61-70,37-43,MT,Purchase,Primary,Condo,ServicerB,2020
LN0007918,2022-12,189000,4.0,240,620-659,61-70,37-43,NH,Purchase,Primary,Single Family,ServicerA,2022
LN0007919,2018-03,142000,3.25,360,620-659,96-100,,NH,Refinance,Primary,Co-op,ServicerC,2018
LN0007920,2018-11,340000,3.375,360,700-739,61-70,<=28,MT,Refinance,Primary,Single Family,ServicerC,2018
LN0007921,2021-07,189000,3.5,360,740-779,71-80,37-43,NH,Refinance,Primary,Condo,ServicerD,2021
LN0007922,2021-08,475000,3.25,240,740-779,71-80,>50,NM,Refinance,Primary,Condo,ServicerB,2021
LN0007923,2018-09,90000,6.25,360,620-659,>100,44-50,NH,Purchase,Secondary,Co-op,ServicerA,2018
LN0007924,2018-09,310000,3.625,360,<620,<=60,37-43,NM,Purchase,Primary,Single Family,ServicerD,2018
LN0007925,2020-01,381000,4.8,360,780+,<=60,37-43,MT,Cash-Out Refinance,Primary,Multi-Family,ServicerC,2020
LN0007926,2022-07,63000,4.75,180,660-699,71-80,44-50,SD,Refinance,Primary,PUD,ServicerA,2022
LN0007927,2018-09,208000,2.5,360,780+,<=60,44-50,ID,Refinance,Secondary,Condo,ServicerE,2018
LN0007928,2020-09,125000,5.125,360,780+,81-90,,NE,Purchase,Investment,Multi-Family,ServicerD,2020
LN0007929,2021-05,244000,2.75,360,740-779,<=60,37-43,NE,Purchase,Primary,PUD,ServicerE,2021
LN0007930,2022-06,508000,4.875,180,620-659,91-95,37-43,ID,Purchase,Primary,PUD,ServicerE,2022
LN0007931,2018-12,141000,3.0,360,780+,<=60,29-36,ID,Cash-Out Refinance,Primary,PUD,ServicerE,2018
LN0007932,2018-10,179000,3.25,360,740-779,61-70,37-43,WY,Refinance,Primary,Condo,ServicerB,2018
LN0007933,2018-09,171000,2.875,360,700-739,91-95,44-50,KS,Purchase,Primary,Co-op,ServicerC,2018
LN0007934,2018-09,134000,2.75,360,660-699,81-90,37-43,NE,Refinance,Primary,Co-op,ServicerB,2018
LN0007935,2019-09,307000,12.875,360,660-699,96-100,44-50,NM,Purchase,Primary,Multi-Family,ServicerD,2019
LN0007936,2018-10,168000,8.5,120,620-659,<=60,37-43,NH,Purchase,Primary,Co-op,ServicerD,2018
LN0007937,2021-10,113000,6.5,240,700-739,61-70,29-36,RI,Refinance,Primary,PUD,ServicerD,2021
LN0007938,2019-02,90000,5.5,360,700-739,91-95,44-50,NE,Refinance,Primary,Condo,ServicerD,2019
LN0007939,2021-05,276000,3.5,180,660-699,<=60,>50,DE,Purchase,Primary,Co-op,ServicerC,2021
LN0007940,2021-08,351000,3.125,360,700-739,91-95,29-36,NE,Purchase,Primary,PUD,ServicerC,2021
LN0007941,2019-11,117000,2.75,180,660-699,96-100,,RI,Purchase,Primary,Single Family,ServicerA,2019
LN0007942,2020-02,209000,5.75,360,740-779,61-70,29-36,MT,Purchase,Primary,Condo,ServicerD,2020
LN0007943,2019-11,297000,2.875,360,780+,71-80,37-43,NH,Refinance,Primary,Single Family,ServicerC,2019
LN0007944,2022-06,370000,3.625,240,620-659,71-80,37-43,ID,Cash-Out Refinance,Primary,Single Family,ServicerE,2022
LN0007945,2021-09,88000,6.99,360,700-739,71-80,44-50,MT,Other,Primary,PUD,ServicerE,2021
LN0007946,2021-01,142000,2.5,360,620-659,<=60,37-43,NH,Cash-Out Refinance,Primary,PUD,ServicerA,2021
LN0007947,2021-10,282000,2.5,360,740-779,71-80,29-36,ID,Purchase,Primary,Single Family,ServicerC,2021
LN0007948,2020-01,252000,4.125,360,740-779,61-70,37-43,NE,Purchase,Primary,Condo,ServicerB,2020
LN0007949,2022-07,86000,3.75,180,780+,71-80,>50,NH,Other,Primary,Single Family,ServicerC,2022
LN0007950,2018-01,226000,4.0,360,660-699,,37-43,NH,Purchase,Primary,PUD,ServicerB,2018
LN0007951,2019-06,88000,5.25,180,780+,71-80,44-50,NH,Purchase,Primary,PUD,ServicerE,2019
LN0007952,2021-03,193000,2.625,360,<620,71-80,>50,WY,Purchase,Primary,Condo,ServicerB,2021
LN0007953,2020-04,59000,7.99,360,740-779,71-80,44-50,VT,Refinance,Primary,Single Family,ServicerC,2020
LN0007954,2022-11,128000,2.875,240,<620,<=60,<=28,AK,Purchase,Primary,Multi-Family,ServicerE,2022
LN0007955,2020-09,337000,6.875,360,780+,61-70,37-43,MT,Refinance,Primary,Condo,ServicerE,2020
LN0007956,2021-11,149000,3.14,180,700-739,96-100,37-43,MS,Refinance,Primary,Multi-Family,ServicerB,2021
LN0007957,2019-10,108000,3.375,360,740-779,96-100,37-43,NE,Purchase,Primary,Co-op,ServicerD,2019
LN0007958,2020-12,115000,7.0,180,780+,>100,44-50,WV,Purchase,Primary,Condo,ServicerE,2020
LN0007959,2022-03,306000,6.0,360,620-659,96-100,44-50,ID,Purchase,Primary,Single Family,ServicerE,2022
LN0007960,2019-03,134000,3.375,360,<620,>100,44-50,NM,Purchase,Primary,PUD,ServicerA,2019
LN0007961,2019-05,127000,6.125,180,780+,<=60,44-50,KS,Purchase,Primary,Co-op,ServicerA,2019
LN0007962,2019-02,138000,2.375,360,,<=60,<=28,ID,Cash-Out Refinance,Investment,Condo,ServicerE,2019
LN0007963,2018-09,160000,3.125,360,620-659,,44-50,ND,Other,Primary,PUD,ServicerB,2018
LN0007964,2022-01,234000,7.0,120,700-739,,37-43,NE,Refinance,Primary,Multi-Family,ServicerE,2022
LN0007965,2019-09,225000,6.875,360,700-739,71-80,37-43,ID,Purchase,Primary,PUD,ServicerE,2019
LN0007966,2020-02,234000,3.875,360,<620,71-80,44-50,VT,Refinance,Primary,PUD,ServicerE,2020
LN0007967,2020-06,181000,4.5,360,660-699,<=60,<=28,ID,Purchase,Primary,Multi-Family,ServicerA,2020
LN0007968,2019-11,51000,3.625,360,<620,96-100,37-43,,Purchase,Primary,Co-op,ServicerD,2019
LN0007969,2019-04,98000,3.99,180,700-739,<=60,<=28,,Purchase,Primary,Condo,ServicerB,2019
LN0007970,2020-03,171000,2.875,360,780+,71-80,44-50,NE,Refinance,Primary,Condo,ServicerE,2020
LN0007971,2021-05,100000,7.5,240,780+,71-80,29-36,WV,Purchase,Primary,PUD,ServicerE,2021
LN0007972,2019-04,230000,2.5,180,740-779,96-100,>50,WV,Purchase,Secondary,Multi-Family,ServicerD,2019
LN0007973,2020-01,229000,3.5,180,620-659,96-100,44-50,NE,Refinance,Primary,PUD,ServicerE,2020
LN0007974,2019-08,62000,2.5,360,780+,71-80,44-50,WY,Refinance,Primary,Co-op,ServicerA,2019
LN0007975,2018-07,70000,6.625,360,700-739,71-80,29-36,ID,Refinance,Primary,Single Family,ServicerA,2018
LN0007976,2018-08,283000,7.985,360,620-659,<=60,44-50,AK,Refinance,Primary,PUD,ServicerD,2018
LN0007977,2019-07,113000,5.24,240,780+,71-80,29-36,AK,Cash-Out Refinance,Primary,Multi-Family,ServicerD,2019
LN0007978,2018-08,99000,3.375,120,740-779,71-80,29-36,SD,Refinance,Primary,Multi-Family,ServicerA,2018
LN0007979,2021-07,386000,3.25,120,740-779,71-80,37-43,WY,Refinance,Primary,Multi-Family,ServicerD,2021
LN0007980,2019-04,96000,4.625,180,740-779,<=60,37-43,NH,Refinance,Primary,Co-op,ServicerC,2019
LN0007981,2021-10,328000,4.25,360,660-699,<=60,44-50,ID,Refinance,Investment,Condo,ServicerB,2021
LN0007982,2018-02,152000,3.69,360,660-699,96-100,<=28,WY,Cash-Out Refinance,Primary,Condo,ServicerD,2018
LN0007983,2019-09,196000,2.75,360,740-779,<=60,<=28,NM,Cash-Out Refinance,Primary,PUD,ServicerD,2019
LN0007984,2022-12,675000,3.25,180,660-699,>100,37-43,AK,Purchase,Primary,Condo,ServicerE,2022
LN0007985,2022-02,200000,4.25,360,700-739,91-95,>50,MT,Purchase,Secondary,Single Family,ServicerE,2022
LN0007986,2019-04,197000,8.99,180,740-779,61-70,37-43,NE,Cash-Out Refinance,Primary,Single Family,ServicerB,2019
LN0007987,2018-08,190000,7.99,360,740-779,71-80,,AK,Purchase,Primary,Co-op,ServicerA,2018
LN0007988,2022-06,182000,3.125,180,700-739,61-70,37-43,WY,Purchase,Primary,Single Family,ServicerE,2022
LN0007989,2020-07,229000,4.125,360,740-779,91-95,>50,HI,Refinance,Investment,Single Family,ServicerE,2020
LN0007990,2019-04,168000,3.75,360,780+,<=60,44-50,NE,Purchase,Primary,Condo,ServicerE,2019
LN0007991,2018-09,78000,6.99,360,740-779,81-90,37-43,ID,Purchase,Primary,Multi-Family,ServicerB,2018
LN0007992,2020-08,109000,3.5,120,660-699,71-80,44-50,NE,Purchase,Primary,Single Family,ServicerC,2020
LN0007993,2020-09,117000,6.5,240,,81-90,37-43,ID,Cash-Out Refinance,Primary,Co-op,ServicerC,2020
LN0007994,2018-08,197000,2.875,360,660-699,<=60,37-43,ID,Purchase,Primary,Co-op,ServicerD,2018
LN0007995,2018-01,108000,6.99,360,620-659,96-100,29-36,NM,Refinance,Primary,PUD,ServicerD,2018
LN0007996,2021-07,156000,4.5,360,660-699,<=60,37-43,NM,Purchase,Primary,Single Family,ServicerD,2021
LN0007997,2021-02,95000,8.05,180,660-699,<=60,44-50,NV,Purchase,Primary,Multi-Family,ServicerD,2021
LN0007998,2020-06,290000,3.75,360,700-739,61-70,44-50,WV,Purchase,Investment,PUD,ServicerA,2020
LN0007999,2020-02,216000,2.99,360,780+,71-80,44-50,WY,Purchase,Primary,Multi-Family,ServicerD,2020
LN0008000,2021-11,257000,6.5,180,620-659,71-80,37-43,SD,Refinance,Primary,Co-op,ServicerD,2021
LN0008001,2020-04,112000,1.0,180,740-779,<=60,44-50,ID,Cash-Out Refinance,Primary,Condo,ServicerB,2020
LN0008002,2018-11,340000,6.971,360,740-779,61-70,37-43,NH,Purchase,Primary,Single Family,ServicerB,2018
LN0008003,2021-08,177000,4.0,360,620-659,71-80,44-50,SD,Cash-Out Refinance,Primary,Condo,ServicerD,2021
LN0008004,2018-05,220000,2.75,360,780+,81-90,44-50,VT,Refinance,Primary,Single Family,ServicerE,2018
LN0008005,2020-01,148000,2.375,360,700-739,>100,37-43,NH,Refinance,Primary,Multi-Family,ServicerC,2020
LN0008006,2019-04,182000,4.0,360,660-699,<=60,37-43,NE,Purchase,Primary,Single Family,ServicerD,2019
LN0008007,2019-10,164000,6.188,360,740-779,71-80,44-50,NE,Refinance,Primary,PUD,ServicerE,2019
LN0008008,2018-03,62000,3.25,180,660-699,71-80,44-50,KS,Purchase,Investment,Single Family,ServicerD,2018
LN0008009,2022-03,70000,2.625,360,740-779,81-90,44-50,SD,Refinance,Primary,PUD,ServicerB,2022
LN0008010,2019-12,333000,2.125,360,<620,<=60,>50,WV,Purchase,Primary,PUD,ServicerC,2019
LN0008011,2021-01,226000,3.875,180,780+,<=60,29-36,ID,Purchase,Primary,Co-op,ServicerD,2021
LN0008012,2018-10,231000,3.5,360,700-739,71-80,>50,NE,Purchase,Investment,Single Family,ServicerC,2018
LN0008013,2019-12,280000,3.875,360,740-779,<=60,37-43,HI,Other,Primary,Single Family,ServicerB,2019
LN0008014,2020-06,106000,5.75,360,660-699,61-70,<=28,AK,Purchase,Primary,Single Family,ServicerE,2020
LN0008015,2022-07,131000,2.25,180,740-779,96-100,37-43,ID,Cash-Out Refinance,Primary,Single Family,ServicerE,2022
LN0008016,2019-07,240000,4.35,360,740-779,61-70,29-36,KS,Refinance,Investment,Condo,ServicerB,2019
LN0008017,2019-03,213000,7.5,360,700-739,96-100,44-50,KS,Purchase,Primary,Condo,ServicerC,2019
LN0008018,2022-03,154000,3.0,360,740-779,61-70,37-43,NE,Refinance,Primary,Multi-Family,ServicerD,2022
LN0008019,2019-06,375000,4.29,360,700-739,<=60,,ID,Purchase,Primary,PUD,ServicerA,2019
LN0008020,2018-03,196000,5.625,360,780+,81-90,37-43,ID,Cash-Out Refinance,Primary,Multi-Family,ServicerA,2018
LN0008021,2018-08,85000,3.75,360,700-739,71-80,37-43,NE,Purchase,Primary,PUD,ServicerE,2018
LN0008022,2019-05,93000,3.225,360,780+,<=60,>50,MT,Purchase,Primary,PUD,ServicerA,2019
LN0008023,2021-11,135000,4.75,120,740-779,91-95,>50,AK,Refinance,Primary,Multi-Family,ServicerA,2021
LN0008024,2020-05,279000,5.75,240,700-739,81-90,44-50,SD,Refinance,Primary,Single Family,ServicerA,2020
LN0008025,2022-06,416000,4.5,360,660-699,96-100,37-43,MT,Refinance,Primary,Single Family,ServicerB,2022
LN0008026,2018-01,110000,4.125,360,700-739,96-100,<=28,ND,Refinance,Primary,Single Family,ServicerC,2018
LN0008027,2020-01,316000,3.125,240,780+,<=60,37-43,KS,Refinance,Primary,Multi-Family,ServicerD,2020
LN0008028,2021-01,389000,6.75,360,660-699,<=60,37-43,NH,Refinance,Primary,Co-op,ServicerB,2021
LN0008029,2019-07,160000,3.125,360,700-739,61-70,37-43,DE,Purchase,Primary,Condo,ServicerB,2019
LN0008030,2018-09,122000,3.625,240,740-779,>100,<=28,WV,Cash-Out Refinance,Primary,Condo,ServicerC,2018
LN0008031,2021-10,213000,3.25,360,660-699,91-95,37-43,WV,Purchase,Primary,Multi-Family,ServicerB,2021
LN0008032,2022-03,124000,3.1,360,740-779,<=60,29-36,WY,Refinance,Primary,Condo,ServicerC,2022
LN0008033,2019-02,83000,6.75,360,660-699,61-70,>50,RI,Other,Primary,Multi-Family,ServicerC,2019
LN0008034,2018-06,143000,5.375,180,620-659,,37-43,MS,Purchase,Primary,Co-op,ServicerA,2018
LN0008035,2019-02,90000,4.74,360,740-779,71-80,37-43,WV,Purchase,Primary,Co-op,ServicerC,2019
LN0008036,2021-02,127000,4.0,360,620-659,71-80,44-50,ID,Cash-Out Refinance,Primary,PUD,ServicerC,2021
LN0008037,2018-08,206000,4.75,180,660-699,71-80,44-50,NE,Refinance,Primary,Co-op,ServicerB,2018
LN0008038,2021-07,192000,3.375,360,780+,71-80,>50,WV,Purchase,Primary,Condo,ServicerB,2021
LN0008039,2022-08,238000,6.125,360,660-699,81-90,37-43,MS,Purchase,Primary,Multi-Family,ServicerC,2022
LN0008040,2019-10,73000,3.375,360,780+,61-70,37-43,NM,Purchase,Primary,Multi-Family,ServicerC,2019
LN0008041,2018-05,146000,2.625,360,780+,,37-43,NE,Purchase,Primary,PUD,ServicerC,2018
LN0008042,2021-08,142000,3.625,180,660-699,81-90,37-43,RI,Cash-Out Refinance,Primary,Single Family,ServicerD,2021
LN0008043,2020-03,148000,6.25,360,<620,81-90,37-43,SD,Cash-Out Refinance,Primary,Multi-Family,ServicerD,2020
LN0008044,2020-11,196000,4.875,180,740-779,81-90,29-36,NM,Refinance,Primary,Single Family,ServicerE,2020
LN0008045,2022-06,462000,2.99,360,700-739,91-95,44-50,NE,Purchase,Secondary,Single Family,ServicerA,2022
LN0008046,2022-11,316000,5.375,360,620-659,,29-36,ID,Refinance,Primary,Co-op,ServicerB,2022
LN0008047,2018-08,127000,6.25,360,740-779,<=60,<=28,NH,Refinance,Primary,Co-op,ServicerD,2018
LN0008048,2021-12,215000,2.625,360,<620,71-80,29-36,NE,Cash-Out Refinance,Primary,Single Family,ServicerD,2021
LN0008049,2022-04,241000,2.375,240,780+,<=60,<=28,ND,Purchase,Primary,Single Family,ServicerD,2022
LN0008050,2019-04,170000,3.625,360,620-659,<=60,44-50,ID,Cash-Out Refinance,Primary,PUD,ServicerB,2019
LN0008051,2022-03,38000,8.25,180,620-659,<=60,44-50,SD,Cash-Out Refinance,Primary,Co-op,ServicerB,2022
LN0008052,2019-04,122000,4.375,360,620-659,71-80,<=28,NM,Purchase,Investment,Condo,ServicerA,2019
LN0008053,2018-12,113000,3.99,360,780+,71-80,44-50,MT,Purchase,Primary,Co-op,ServicerD,2018
LN0008054,2018-12,439000,2.75,360,740-779,96-100,<=28,ID,Purchase,Primary,Co-op,ServicerE,2018
LN0008055,2021-05,218000,2.375,360,740-779,96-100,29-36,MT,Refinance,Primary,PUD,ServicerB,2021
LN0008056,2022-02,196000,2.125,360,700-739,71-80,29-36,NH,Purchase,Secondary,Single Family,ServicerB,2022
LN0008057,2019-04,201000,2.625,180,660-699,<=60,37-43,SD,Refinance,Primary,PUD,ServicerE,2019
LN0008058,2020-03,904000,8.25,360,660-699,<=60,,MT,Cash-Out Refinance,Primary,Multi-Family,ServicerA,2020
LN0008059,2020-06,122000,9.24,240,700-739,<=60,29-36,AK,Refinance,Primary,Co-op,ServicerA,2020
LN0008060,2021-11,224000,7.5,360,700-739,81-90,37-43,NE,Cash-Out Refinance,Primary,Condo,ServicerA,2021
LN0008061,2022-09,232000,5.04,360,740-779,71-80,37-43,ID,Purchase,Primary,Single Family,ServicerD,2022
LN0008062,2022-10,179000,2.875,360,660-699,71-80,44-50,ID,Refinance,Primary,PUD,ServicerC,2022
LN0008063,2020-03,92000,3.875,360,780+,71-80,37-43,NH,Purchase,Primary,Multi-Family,ServicerE,2020
LN0008064,2020-07,115000,2.75,360,620-659,91-95,37-43,NE,Refinance,Primary,Single Family,ServicerE,2020
LN0008065,2020-11,353000,2.25,180,780+,91-95,29-36,NE,Refinance,Primary,Multi-Family,ServicerA,2020
LN0008066,2019-10,114000,2.25,360,<620,81-90,44-50,HI,Purchase,Primary,Multi-Family,ServicerA,2019
LN0008067,2018-12,130000,5.375,360,700-739,91-95,44-50,NE,Refinance,Primary,Single Family,ServicerD,2018
LN0008068,2021-11,218000,2.375,360,660-699,96-100,37-43,NE,Purchase,Primary,Multi-Family,ServicerB,2021
LN0008069,2018-04,86000,5.875,240,700-739,96-100,37-43,VT,Purchase,Primary,Condo,ServicerC,2018
LN0008070,2019-01,194000,4.875,360,700-739,91-95,37-43,HI,Purchase,Secondary,Condo,ServicerD,2019
LN0008071,2019-11,240000,2.875,360,700-739,96-100,29-36,VT,Cash-Out Refinance,Primary,Co-op,ServicerB,2019
LN0008072,2018-04,348000,2.75,360,700-739,81-90,37-43,NE,Refinance,Primary,Condo,ServicerB,2018
LN0008073,2019-07,239000,6.875,360,740-779,61-70,<=28,RI,Other,Primary,Single Family,ServicerA,2019
LN0008074,2020-01,83000,2.875,360,740-779,61-70,37-43,NM,Purchase,Primary,Co-op,ServicerD,2020
LN0008075,2022-08,125000,3.25,360,780+,81-90,>50,NE,Cash-Out Refinance,Primary,Multi-Family,ServicerC,2022
LN0008076,2021-06,291000,2.99,360,660-699,61-70,>50,WV,Purchase,Primary,Single Family,ServicerB,2021
LN0008077,2019-11,74000,5.125,360,740-779,71-80,37-43,HI,Cash-Out Refinance,Primary,Condo,ServicerB,2019
LN0008078,2022-07,72000,3.5,180,700-739,91-95,29-36,AK,Cash-Out Refinance,Primary,Single Family,ServicerB,2022
LN0008079,2021-04,259000,3.25,360,660-699,71-80,<=28,HI,Purchase,Primary,Single Family,ServicerC,2021
LN0008080,2021-10,212000,5.25,180,700-739,81-90,44-50,VT,Refinance,Primary,Single Family,ServicerB,2021
LN0008081,2020-09,120000,2.75,360,660-699,<=60,44-50,ID,Refinance,Primary,Condo,ServicerA,2020
LN0008082,2021-02,242000,2.875,360,620-659,71-80,<=28,ID,Purchase,Investment,Condo,ServicerC,2021
LN0008083,2020-11,117000,6.385,360,660-699,71-80,44-50,NH,Purchase,Primary,Multi-Family,ServicerA,2020
LN0008084,2022-06,151000,2.875,360,620-659,<=60,37-43,KS,Refinance,Primary,Condo,ServicerE,2022
LN0008085,2020-03,158000,2.5,240,740-779,<=60,29-36,ID,Cash-Out Refinance,Primary,Condo,ServicerC,2020
LN0008086,2020-06,185000,2.625,360,740-779,<=60,44-50,NE,Other,Primary,Single Family,ServicerA,2020
LN0008087,2021-09,156000,6.125,360,780+,61-70,29-36,NH,Refinance,Primary,Multi-Family,ServicerB,2021
LN0008088,2021-11,467000,2.75,360,740-779,71-80,44-50,ID,Refinance,Secondary,Co-op,ServicerE,2021
LN0008089,2018-11,131000,2.375,360,<620,<=60,44-50,AK,Purchase,Secondary,PUD,ServicerB,2018
LN0008090,2020-09,91000,3.0,360,780+,91-95,37-43,NM,Purchase,Primary,Co-op,ServicerE,2020
LN0008091,2020-02,197000,3.0,240,780+,71-80,29-36,ID,Refinance,Primary,Condo,ServicerD,2020
LN0008092,2020-07,271000,3.5,180,700-739,<=60,37-43,AK,Cash-Out Refinance,Primary,Condo,ServicerE,2020
LN0008093,2018-09,221000,9.1,360,700-739,<=60,37-43,HI,Cash-Out Refinance,Primary,Single Family,ServicerC,2018
LN0008094,2019-02,204000,2.25,360,780+,71-80,>50,WY,Purchase,Primary,Single Family,ServicerC,2019
LN0008095,2019-08,62000,5.603,360,700-739,61-70,37-43,NH,Refinance,Primary,Condo,ServicerA,2019
LN0008096,2018-02,166000,3.375,360,780+,81-90,37-43,DE,Cash-Out Refinance,Investment,Single Family,ServicerE,2018
LN0008097,2022-12,294000,5.99,240,620-659,91-95,44-50,NE,Refinance,Primary,Condo,ServicerC,2022
LN0008098,2020-03,206000,2.625,360,620-659,91-95,>50,NE,Refinance,Primary,Co-op,ServicerA,2020
LN0008099,2020-05,82000,3.625,240,700-739,>100,37-43,ND,Purchase,Primary,Multi-Family,ServicerB,2020
LN0008100,2021-07,56000,3.0,180,,96-100,37-43,NM,Cash-Out Refinance,Primary,Multi-Family,ServicerC,2021
LN0008101,2022-02,141000,6.25,360,740-779,81-90,37-43,SD,Refinance,Primary,Multi-Family,ServicerB,2022
LN0008102,2022-03,129000,5.25,120,780+,61-70,37-43,NM,Purchase,Secondary,Condo,ServicerD,2022
LN0008103,2021-09,84000,8.478,360,700-739,<=60,37-43,ID,Cash-Out Refinance,Primary,Co-op,ServicerB,2021
LN0008104,2019-03,123000,6.5,120,<620,71-80,>50,MT,Refinance,Primary,Multi-Family,ServicerA,2019
LN0008105,2019-01,152000,3.375,360,740-779,<=60,,NM,Purchase,Primary,Co-op,ServicerC,2019
LN0008106,2019-12,375000,6.75,360,740-779,<=60,<=28,NM,Cash-Out Refinance,Primary,Multi-Family,ServicerC,2019
LN0008107,2020-09,216000,2.99,180,620-659,>100,37-43,NE,Refinance,Primary,Single Family,ServicerA,2020
LN0008108,2022-03,214000,2.875,360,700-739,61-70,44-50,NH,Purchase,Primary,Single Family,ServicerB,2022
LN0008109,2022-09,221000,7.125,360,740-779,61-70,37-43,NE,Purchase,Investment,Co-op,ServicerE,2022
LN0008110,2022-01,301000,4.0,360,740-779,<=60,29-36,MS,Purchase,Primary,Co-op,ServicerC,2022
LN0008111,2022-06,179000,2.25,360,700-739,71-80,44-50,NM,Purchase,Primary,Single Family,ServicerA,2022
LN0008112,2022-04,114000,6.7,360,660-699,81-90,44-50,,Purchase,Primary,Co-op,ServicerA,2022
LN0008113,2022-03,96000,4.39,360,780+,>100,<=28,MT,Other,Primary,Condo,ServicerE,2022
LN0008114,2020-03,132000,3.79,360,740-779,91-95,<=28,WV,Refinance,Primary,Multi-Family,ServicerE,2020
LN0008115,2018-11,247000,7.625,360,700-739,<=60,>50,RI,Refinance,Primary,PUD,ServicerD,2018
LN0008116,2019-11,231000,4.75,360,660-699,71-80,37-43,ID,Cash-Out Refinance,Primary,Co-op,ServicerD,2019
LN0008117,2022-04,90000,2.125,360,740-779,96-100,>50,MT,Purchase,Primary,Co-op,ServicerD,2022
LN0008118,2019-09,203000,4.75,360,660-699,96-100,37-43,RI,Cash-Out Refinance,Primary,Co-op,ServicerA,2019
LN0008119,2022-07,171000,3.375,120,620-659,96-100,44-50,NE,Cash-Out Refinance,Primary,Multi-Family,ServicerE,2022
LN0008120,2019-05,251000,3.375,360,700-739,81-90,44-50,ID,Other,Primary,Multi-Family,ServicerD,2019
LN0008121,2018-07,209000,3.5,360,660-699,96-100,44-50,SD,Cash-Out Refinance,Primary,Multi-Family,ServicerA,2018
LN0008122,2020-07,104000,5.5,360,740-779,81-90,,NE,Refinance,Primary,PUD,ServicerA,2020
LN0008123,2022-07,159000,6.0,360,620-659,81-90,<=28,NE,Purchase,Primary,Co-op,ServicerB,2022
LN0008124,2021-08,155000,3.99,360,740-779,71-80,>50,ID,Purchase,Primary,Co-op,ServicerD,2021
LN0008125,2020-03,97000,5.99,180,660-699,<=60,44-50,MT,Purchase,Secondary,PUD,ServicerE,2020
LN0008126,2020-01,55000,3.5,360,<620,71-80,44-50,NM,Purchase,Primary,Single Family,ServicerC,2020
LN0008127,2018-05,168000,2.375,360,620-659,,37-43,DE,Cash-Out Refinance,Primary,Single Family,ServicerC,2018
LN0008128,2022-11,116000,2.75,360,780+,81-90,37-43,NE,Cash-Out Refinance,Primary,Single Family,ServicerA,2022
LN0008129,2020-04,179000,4.25,360,780+,61-70,37-43,NE,Purchase,Primary,PUD,ServicerA,2020
LN0008130,2022-10,93000,4.375,360,660-699,71-80,<=28,,Refinance,Primary,PUD,ServicerE,2022
LN0008131,2018-01,353000,2.25,180,740-779,71-80,29-36,NM,Cash-Out Refinance,Primary,Co-op,ServicerC,2018
LN0008132,2021-03,105000,3.25,360,740-779,71-80,44-50,NH,Cash-Out Refinance,Primary,Single Family,ServicerD,2021
LN0008133,2019-08,67000,3.5,360,780+,<=60,<=28,ND,Refinance,Primary,Multi-Family,ServicerD,2019
LN0008134,2019-04,126000,7.47,180,660-699,71-80,37-43,AK,Refinance,Primary,Single Family,ServicerB,2019
LN0008135,2021-03,221000,2.5,180,740-779,<=60,44-50,ID,Cash-Out Refinance,Primary,PUD,ServicerA,2021
LN0008136,2021-07,48000,4.625,180,<620,96-100,,,Other,Primary,Single Family,ServicerA,2021
LN0008137,2022-04,156000,6.75,360,700-739,61-70,29-36,SD,Refinance,Primary,Co-op,ServicerD,2022
LN0008138,2019-06,89000,4.125,180,780+,<=60,44-50,NV,Purchase,Primary,Condo,ServicerA,2019
LN0008139,2018-04,185000,3.125,360,700-739,91-95,<=28,AK,Cash-Out Refinance,Primary,Single Family,ServicerE,2018
LN0008140,2020-03,139000,3.625,360,660-699,<=60,37-43,MT,Purchase,Primary,Multi-Family,ServicerE,2020
LN0008141,2021-02,472000,3.0,360,620-659,,37-43,DE,Purchase,Primary,Multi-Family,ServicerA,2021
LN0008142,2022-11,138000,3.125,360,740-779,96-100,>50,DE,Purchase,Primary,Multi-Family,ServicerC,2022
LN0008143,2019-04,198000,2.99,360,740-779,71-80,37-43,DE,Cash-Out Refinance,Primary,Co-op,ServicerD,2019
LN0008144,2021-03,129000,4.25,180,660-699,71-80,44-50,,Refinance,Primary,Condo,ServicerE,2021
LN0008145,2020-06,185000,3.0,360,780+,96-100,37-43,NH,Purchase,Investment,Single Family,ServicerB,2020
LN0008146,2018-11,316000,4.0,360,<620,61-70,37-43,ID,Other,Primary,Condo,ServicerA,2018
LN0008147,2018-09,122000,3.25,240,660-699,96-100,37-43,DE,Cash-Out Refinance,Primary,Condo,ServicerE,2018
LN0008148,2020-09,278000,6.625,360,780+,61-70,37-43,ID,Refinance,Primary,Co-op,ServicerD,2020
LN0008149,2018-11,182000,2.875,360,660-699,,29-36,MT,Refinance,Primary,Condo,ServicerB,2018
LN0008150,2022-08,345000,6.0,360,660-699,>100,37-43,ID,Cash-Out Refinance,Primary,Single Family,ServicerE,2022
LN0008151,2019-11,195000,2.75,180,700-739,91-95,<=28,WV,Refinance,Primary,PUD,ServicerA,2019
LN0008152,2021-05,239000,3.75,360,780+,61-70,,NM,Refinance,Primary,Multi-Family,ServicerA,2021
LN0008153,2018-09,179000,5.0,360,620-659,91-95,37-43,NM,Purchase,Primary,PUD,ServicerC,2018
LN0008154,2022-08,93000,2.5,360,780+,96-100,37-43,ID,Purchase,Primary,Single Family,ServicerE,2022
LN0008155,2019-02,164000,2.875,360,740-779,61-70,,NE,Refinance,Primary,PUD,ServicerC,2019
LN0008156,2020-05,131000,4.75,360,620-659,<=60,37-43,VT,Other,Primary,Co-op,ServicerB,2020
LN0008157,2018-07,409000,3.625,360,740-779,71-80,37-43,DE,Purchase,Primary,Multi-Family,ServicerB,2018
LN0008158,2020-02,155000,5.75,180,,71-80,<=28,NH,Purchase,Primary,Multi-Family,ServicerD,2020
LN0008159,2021-07,204000,4.625,360,700-739,<=60,<=28,VT,Purchase,Primary,Co-op,ServicerA,2021
LN0008160,2022-03,257000,2.99,360,740-779,71-80,44-50,,Cash-Out Refinance,Primary,Single Family,ServicerC,2022
LN0008161,2021-05,144000,4.5,360,780+,<=60,44-50,NM,Purchase,Primary,Condo,ServicerB,2021
LN0008162,2019-09,212000,5.125,360,620-659,61-70,37-43,SD,Refinance,Primary,Condo,ServicerA,2019
LN0008163,2018-02,77000,2.625,360,700-739,96-100,37-43,DE,Purchase,Primary,Multi-Family,ServicerE,2018
LN0008164,2022-10,141000,3.0,360,700-739,71-80,29-36,AK,Cash-Out Refinance,Primary,Co-op,ServicerB,2022
LN0008165,2020-04,315000,3.125,180,660-699,<=60,44-50,,Cash-Out Refinance,Primary,Multi-Family,ServicerC,2020
LN0008166,2021-12,424000,2.625,360,660-699,71-80,37-43,NE,Purchase,Investment,Single Family,ServicerA,2021
LN0008167,2021-07,182000,3.625,360,<620,<=60,37-43,HI,Purchase,Primary,Condo,ServicerB,2021
LN0008168,2018-11,203000,2.75,360,740-779,<=60,44-50,NE,Purchase,Primary,Condo,ServicerC,2018
LN0008169,2018-05,109000,7.0,240,700-739,61-70,37-43,ID,Refinance,Primary,Multi-Family,ServicerA,2018
LN0008170,2020-05,136000,5.625,360,620-659,<=60,37-43,NH,Refinance,Primary,Single Family,ServicerE,2020
LN0008171,2022-06,401000,6.75,360,740-779,>100,>50,SD,Purchase,Primary,Single Family,ServicerD,2022
LN0008172,2021-11,193000,2.987,360,740-779,71-80,37-43,NE,Refinance,Primary,Multi-Family,ServicerD,2021
LN0008173,2020-06,111000,3.5,360,700-739,71-80,>50,KS,Refinance,Primary,Condo,ServicerA,2020
LN0008174,2018-01,165000,6.998,240,660-699,81-90,37-43,NH,Refinance,Primary,Multi-Family,ServicerB,2018
LN0008175,2018-12,208000,3.5,360,740-779,71-80,29-36,ND,Refinance,Primary,Co-op,ServicerE,2018
LN0008176,2021-04,173000,3.875,360,660-699,91-95,37-43,DE,Refinance,Primary,Co-op,ServicerE,2021
LN0008177,2022-08,85000,3.25,240,660-699,71-80,<=28,ID,Cash-Out Refinance,Primary,Single Family,ServicerE,2022
LN0008178,2019-10,344000,3.9,360,740-779,81-90,29-36,DE,Cash-Out Refinance,Primary,Single Family,ServicerB,2019
LN0008179,2021-11,184000,8.25,240,<620,61-70,37-43,WV,Purchase,Primary,Condo,ServicerE,2021
LN0008180,2020-02,170000,7.49,180,620-659,,29-36,ID,Refinance,Primary,Single Family,ServicerA,2020
LN0008181,2021-09,354000,4.125,360,<620,81-90,29-36,NE,Purchase,Primary,Condo,ServicerC,2021
LN0008182,2022-10,211000,3.75,360,620-659,81-90,,DE,Refinance,Primary,PUD,ServicerC,2022
LN0008183,2021-10,142000,3.5,180,<620,96-100,37-43,NE,Purchase,Primary,PUD,ServicerB,2021
LN0008184,2022-11,155000,3.725,360,780+,<=60,>50,NE,Purchase,Primary,PUD,ServicerD,2022
LN0008185,2021-01,230000,2.5,360,660-699,91-95,<=28,ID,Other,Primary,PUD,ServicerB,2021
LN0008186,2022-02,202000,2.75,360,620-659,>100,37-43,NH,Cash-Out Refinance,Primary,Multi-Family,ServicerE,2022
LN0008187,2022-11,64000,3.25,180,660-699,<=60,29-36,ND,Purchase,Primary,Condo,ServicerC,2022
LN0008188,2018-10,192000,4.25,360,780+,71-80,37-43,WV,Refinance,Primary,Single Family,ServicerA,2018
LN0008189,2018-02,188000,3.5,360,700-739,<=60,37-43,WV,Refinance,Secondary,Co-op,ServicerC,2018
LN0008190,2019-06,120000,6.999,360,660-699,81-90,37-43,NM,Refinance,Secondary,PUD,ServicerB,2019
LN0008191,2022-11,131000,2.625,240,780+,<=60,>50,AK,Cash-Out Refinance,Primary,Single Family,ServicerB,2022
LN0008192,2022-07,416000,7.125,360,700-739,91-95,>50,RI,Refinance,Primary,Co-op,ServicerB,2022
LN0008193,2021-12,328000,4.5,360,660-699,81-90,44-50,ID,Purchase,Primary,Multi-Family,ServicerB,2021
LN0008194,2018-06,177000,3.25,240,660-699,<=60,37-43,NH,Cash-Out Refinance,Primary,Single Family,ServicerA,2018
LN0008195,2021-08,208000,7.5,360,660-699,71-80,37-43,ID,Purchase,Primary,Condo,ServicerB,2021
LN0008196,2022-09,299000,1.99,360,660-699,81-90,44-50,,Refinance,Primary,PUD,ServicerC,2022
LN0008197,2018-07,221000,2.625,360,740-779,71-80,37-43,WY,Cash-Out Refinance,Primary,PUD,ServicerB,2018
LN0008198,2021-11,413000,7.0,360,660-699,71-80,44-50,MT,Purchase,Primary,Multi-Family,ServicerB,2021
LN0008199,2018-04,182000,6.125,360,700-739,<=60,44-50,ID,Cash-Out Refinance,Primary,Multi-Family,ServicerA,2018
LN0008200,2022-03,173000,5.0,360,<620,<=60,29-36,NM,Other,Primary,Multi-Family,ServicerB,2022
LN0008201,2018-11,241000,9.75,360,620-659,71-80,>50,NE,Other,Primary,Condo,ServicerC,2018
LN0008202,2020-02,87000,9.35,180,700-739,71-80,37-43,SD,Refinance,Primary,PUD,ServicerD,2020
LN0008203,2020-07,182000,6.437,360,780+,,44-50,NE,Purchase,Primary,Multi-Family,ServicerA,2020
LN0008204,2018-12,73000,3.125,360,660-699,<=60,44-50,,Cash-Out Refinance,Primary,Condo,ServicerD,2018
LN0008205,2021-05,379000,2.875,360,740-779,61-70,44-50,NH,Refinance,Primary,Co-op,ServicerC,2021
LN0008206,2020-11,107000,2.5,240,660-699,61-70,,RI,Refinance,Primary,Condo,ServicerE,2020
LN0008207,2020-06,103000,2.75,180,620-659,<=60,37-43,ID,Cash-Out Refinance,Primary,PUD,ServicerE,2020
LN0008208,2019-05,155000,2.5,240,<620,,44-50,NE,Cash-Out Refinance,Primary,Condo,ServicerA,2019
LN0008209,2021-01,225000,5.5,360,660-699,71-80,37-43,NH,Refinance,Primary,PUD,ServicerB,2021
LN0008210,2020-08,67000,7.125,360,620-659,81-90,37-43,ID,Purchase,Primary,Multi-Family,ServicerC,2020
LN0008211,2020-03,238000,7.125,360,620-659,61-70,37-43,NE,Refinance,Primary,Multi-Family,ServicerA,2020
LN0008212,2019-09,248000,2.875,360,740-779,81-90,29-36,NM,Cash-Out Refinance,Primary,Co-op,ServicerE,2019
LN0008213,2022-11,130000,6.25,360,<620,<=60,37-43,ID,Purchase,Primary,Condo,ServicerA,2022
LN0008214,2020-12,247000,6.25,360,700-739,<=60,44-50,NE,Cash-Out Refinance,Primary,Co-op,ServicerA,2020
LN0008215,2021-06,211000,2.9,360,660-699,71-80,37-43,HI,Purchase,Primary,Condo,ServicerA,2021
LN0008216,2019-08,255000,3.0,360,700-739,61-70,<=28,WY,Other,Primary,PUD,ServicerA,2019
LN0008217,2018-06,140000,3.09,360,700-739,81-90,>50,VT,Purchase,Primary,PUD,ServicerA,2018
LN0008218,2020-10,260000,3.875,180,660-699,71-80,37-43,KS,Cash-Out Refinance,Primary,Multi-Family,ServicerB,2020
LN0008219,2022-12,149000,5.75,360,660-699,81-90,37-43,NE,Refinance,Primary,PUD,ServicerE,2022
LN0008220,2019-06,188000,2.75,120,740-779,<=60,37-43,WY,Purchase,Primary,Co-op,ServicerB,2019
LN0008221,2020-02,149000,4.125,240,780+,61-70,37-43,KS,Purchase,Primary,Single Family,ServicerD,2020
LN0008222,2018-11,73000,3.75,360,620-659,71-80,37-43,RI,Cash-Out Refinance,Primary,Multi-Family,ServicerC,2018
LN0008223,2021-06,105000,3.5,360,620-659,71-80,37-43,ID,Refinance,Primary,Single Family,ServicerB,2021
LN0008224,2022-08,225000,2.875,360,780+,61-70,>50,AK,Refinance,Investment,Single Family,ServicerE,2022
LN0008225,2019-07,248000,6.875,360,660-699,71-80,44-50,NH,Refinance,Primary,Multi-Family,ServicerB,2019
LN0008226,2019-05,282000,6.875,360,700-739,81-90,37-43,HI,Refinance,Primary,Single Family,ServicerD,2019
LN0008227,2021-06,194000,6.5,240,660-699,<=60,29-36,HI,Cash-Out Refinance,Primary,Condo,ServicerC,2021
LN0008228,2020-08,62000,5.0,180,620-659,71-80,37-43,NE,Purchase,Primary,Multi-Family,ServicerE,2020
LN0008229,2020-03,135000,4.25,360,700-739,>100,<=28,SD,Purchase,Investment,Multi-Family,ServicerC,2020
LN0008230,2019-06,118000,3.5,360,700-739,>100,37-43,VT,Purchase,Investment,Single Family,ServicerD,2019
LN0008231,2018-02,133000,6.13,360,660-699,96-100,,VT,Purchase,Primary,Condo,ServicerA,2018
LN0008232,2019-10,181000,3.5,180,700-739,71-80,29-36,RI,Refinance,Primary,PUD,ServicerE,2019
LN0008233,2020-09,182000,2.5,360,740-779,<=60,37-43,NH,Purchase,Primary,Condo,ServicerA,2020
LN0008234,2022-05,585000,2.75,360,700-739,96-100,29-36,MT,Refinance,Primary,PUD,ServicerB,2022
LN0008235,2022-09,61000,6.375,360,620-659,<=60,44-50,NH,Refinance,Primary,PUD,ServicerE,2022
LN0008236,2019-07,156000,3.5,120,700-739,96-100,37-43,NE,Refinance,Primary,Condo,ServicerB,2019
LN0008237,2022-12,95000,6.25,360,740-779,81-90,37-43,HI,Refinance,Primary,Co-op,ServicerB,2022
LN0008238,2018-04,76000,3.125,360,740-779,71-80,29-36,NE,Purchase,Primary,Single Family,ServicerB,2018
LN0008239,2018-02,70000,7.375,360,740-779,96-100,44-50,MT,Purchase,Primary,Single Family,ServicerE,2018
LN0008240,2022-11,292000,4.375,360,620-659,<=60,44-50,NE,Cash-Out Refinance,Primary,Co-op,ServicerC,2022
LN0008241,2021-05,255000,4.0,360,740-779,81-90,<=28,WV,Purchase,Primary,Condo,ServicerC,2021
LN0008242,2019-12,135000,2.625,360,740-779,<=60,44-50,RI,Purchase,Primary,PUD,ServicerB,2019
LN0008243,2020-09,160000,6.24,360,,96-100,<=28,ID,Refinance,Primary,Single Family,ServicerE,2020
LN0008244,2020-07,119000,5.999,360,700-739,<=60,37-43,NV,Purchase,Primary,Co-op,ServicerA,2020
LN0008245,2019-07,118000,3.5,360,660-699,<=60,>50,NH,Purchase,Primary,PUD,ServicerC,2019
LN0008246,2018-12,245000,6.875,360,740-779,91-95,29-36,ID,Cash-Out Refinance,Primary,Single Family,ServicerE,2018
LN0008247,2020-10,163000,5.01,360,660-699,<=60,37-43,RI,Purchase,Primary,Single Family,ServicerA,2020
LN0008248,2022-02,154000,6.747,360,700-739,96-100,>50,WY,Refinance,Primary,Multi-Family,ServicerA,2022
LN0008249,2020-04,172000,2.25,180,780+,61-70,<=28,NE,Refinance,Primary,PUD,ServicerC,2020
LN0008250,2021-01,144000,5.25,180,740-779,71-80,37-43,VT,Purchase,Secondary,Single Family,ServicerD,2021
LN0008251,2019-09,76000,5.875,360,780+,71-80,37-43,HI,Purchase,Investment,PUD,ServicerC,2019
LN0008252,2019-11,69000,3.75,360,780+,96-100,<=28,HI,Purchase,Primary,PUD,ServicerC,2019
LN0008253,2020-01,165000,5.875,360,<620,61-70,44-50,NV,Purchase,Primary,Co-op,ServicerB,2020
LN0008254,2021-04,215000,5.05,240,740-779,71-80,44-50,,Cash-Out Refinance,Primary,Single Family,ServicerC,2021
LN0008255,2019-04,163000,7.0,360,700-739,91-95,44-50,NM,Purchase,Primary,Condo,ServicerA,2019
LN0008256,2019-08,507000,2.125,180,780+,71-80,37-43,SD,Refinance,Primary,Single Family,ServicerC,2019
LN0008257,2019-03,115000,3.25,360,660-699,61-70,>50,NE,Purchase,Primary,Condo,ServicerA,2019
LN0008258,2018-05,127000,5.875,360,780+,96-100,44-50,NE,Cash-Out Refinance,Primary,Co-op,ServicerC,2018
LN0008259,2019-01,112000,2.99,360,740-779,61-70,37-43,SD,Refinance,Primary,Single Family,ServicerE,2019
LN0008260,2022-08,118000,7.375,360,740-779,61-70,44-50,MT,Refinance,Primary,PUD,ServicerA,2022
LN0008261,2021-07,231000,3.25,360,620-659,91-95,44-50,,Purchase,Primary,Condo,ServicerA,2021
LN0008262,2022-09,121000,3.99,360,620-659,61-70,44-50,WV,Purchase,Primary,Multi-Family,ServicerB,2022
LN0008263,2022-04,205000,5.11,360,740-779,71-80,44-50,MT,Refinance,Primary,Single Family,ServicerC,2022
LN0008264,2021-03,90000,3.875,180,<620,71-80,37-43,RI,Refinance,Primary,Condo,ServicerB,2021
LN0008265,2022-10,164000,2.99,360,740-779,71-80,29-36,SD,Refinance,Primary,Single Family,ServicerA,2022
LN0008266,2021-11,677000,2.25,360,<620,71-80,>50,NE,Cash-Out Refinance,Primary,Single Family,ServicerB,2021
LN0008267,2022-07,183000,4.125,240,740-779,71-80,29-36,,Refinance,Primary,PUD,ServicerA,2022
LN0008268,2020-12,222000,4.75,360,660-699,91-95,44-50,WV,Purchase,Primary,PUD,ServicerA,2020
LN0008269,2020-05,85000,3.5,180,740-779,>100,44-50,,Other,Primary,Condo,ServicerE,2020
LN0008270,2021-06,317000,7.625,180,740-779,91-95,29-36,NH,Cash-Out Refinance,Primary,Multi-Family,ServicerA,2021
LN0008271,2020-04,189000,3.0,360,660-699,61-70,37-43,SD,Purchase,Primary,Single Family,ServicerD,2020
LN0008272,2020-09,188000,3.5,360,620-659,96-100,>50,RI,Purchase,Primary,Co-op,ServicerD,2020
LN0008273,2020-02,277000,3.125,360,<620,81-90,29-36,AK,Refinance,Primary,Multi-Family,ServicerD,2020
LN0008274,2019-06,356000,3.44,360,700-739,71-80,37-43,ND,Cash-Out Refinance,Primary,PUD,ServicerD,2019
LN0008275,2019-09,135000,2.99,360,700-739,71-80,37-43,HI,Purchase,Primary,Co-op,ServicerE,2019
LN0008276,2022-03,329000,2.875,360,740-779,71-80,44-50,KS,Purchase,Investment,Condo,ServicerE,2022
LN0008277,2018-09,213000,5.375,360,700-739,96-100,37-43,NE,Refinance,Primary,Multi-Family,ServicerB,2018
LN0008278,2021-09,124000,4.25,240,700-739,96-100,<=28,HI,Purchase,Primary,PUD,ServicerE,2021
LN0008279,2020-02,128000,2.5,180,700-739,61-70,<=28,MT,Purchase,Primary,Multi-Family,ServicerC,2020
LN0008280,2022-04,72000,2.875,360,<620,71-80,<=28,VT,Purchase,Primary,Single Family,ServicerB,2022
LN0008281,2020-12,168000,3.125,360,660-699,81-90,37-43,RI,Refinance,Primary,Condo,ServicerE,2020
LN0008282,2022-04,123000,6.25,360,780+,<=60,29-36,KS,Purchase,Investment,Condo,ServicerD,2022
LN0008283,2021-05,447000,5.25,360,780+,96-100,37-43,NE,Other,Primary,Condo,ServicerE,2021
LN0008284,2022-01,238000,3.25,360,660-699,<=60,44-50,NM,Purchase,Investment,PUD,ServicerE,2022
LN0008285,2021-10,124000,2.625,360,700-739,71-80,37-43,MT,Cash-Out Refinance,Primary,Co-op,ServicerD,2021
LN0008286,2021-08,113000,3.0,360,780+,71-80,37-43,WY,Purchase,Primary,Condo,ServicerB,2021
LN0008287,2022-07,195000,5.0,180,700-739,<=60,37-43,NM,Purchase,Primary,Single Family,ServicerE,2022
LN0008288,2018-03,153000,2.25,360,<620,71-80,44-50,NH,Purchase,Primary,Co-op,ServicerC,2018
LN0008289,2018-09,293000,6.0,360,<620,71-80,<=28,MS,Purchase,Primary,Single Family,ServicerD,2018
LN0008290,2021-09,106000,2.75,180,700-739,<=60,37-43,NM,Purchase,Primary,Condo,ServicerE,2021
LN0008291,2018-06,140000,3.125,360,780+,<=60,29-36,NH,Cash-Out Refinance,Primary,Multi-Family,ServicerC,2018
LN0008292,2021-12,417000,6.85,360,740-779,<=60,44-50,MT,Purchase,Primary,PUD,ServicerB,2021
LN0008293,2019-02,190000,3.25,360,<620,<=60,37-43,NE,Other,Primary,Co-op,ServicerA,2019
LN0008294,2020-02,146000,2.75,180,620-659,71-80,>50,KS,Purchase,Primary,Single Family,ServicerA,2020
LN0008295,2020-10,161000,3.625,360,740-779,61-70,37-43,DE,Cash-Out Refinance,Primary,Multi-Family,ServicerE,2020
LN0008296,2020-12,154000,4.75,360,780+,71-80,44-50,NH,Purchase,Primary,Condo,ServicerA,2020
LN0008297,2018-12,242000,2.375,360,740-779,61-70,44-50,AK,Refinance,Primary,Single Family,ServicerD,2018
LN0008298,2022-08,402000,6.775,360,740-779,61-70,44-50,WV,Refinance,Primary,Single Family,ServicerD,2022
LN0008299,2021-12,137000,2.625,360,<620,<=60,>50,NE,Cash-Out Refinance,Primary,Multi-Family,ServicerD,2021
LN0008300,2019-07,89000,3.49,360,780+,71-80,37-43,MT,Purchase,Primary,Multi-Family,ServicerC,2019
LN0008301,2019-11,82000,2.875,360,740-779,96-100,37-43,SD,Refinance,Primary,PUD,ServicerE,2019
LN0008302,2021-05,116000,6.0,360,660-699,71-80,44-50,WV,Purchase,Primary,PUD,ServicerC,2021
LN0008303,2022-12,203000,7.25,360,740-779,61-70,<=28,SD,Cash-Out Refinance,Primary,Co-op,ServicerE,2022
LN0008304,2020-06,165000,6.99,360,660-699,71-80,37-43,MS,Cash-Out Refinance,Primary,Co-op,ServicerD,2020
LN0008305,2019-10,131000,5.375,360,<620,61-70,44-50,NV,Purchase,Primary,Multi-Family,ServicerD,2019
LN0008306,2022-07,281000,2.5,360,660-699,71-80,37-43,MT,Refinance,Secondary,PUD,ServicerB,2022
LN0008307,2019-09,128000,7.25,360,620-659,71-80,44-50,AK,Purchase,Primary,Single Family,ServicerA,2019
LN0008308,2022-06,423000,3.625,180,660-699,,>50,NE,Purchase,Primary,Multi-Family,ServicerB,2022
LN0008309,2018-10,169000,3.25,240,700-739,96-100,>50,MT,Purchase,Secondary,Single Family,ServicerA,2018
LN0008310,2018-12,92000,3.0,360,700-739,71-80,44-50,WY,Other,Primary,Condo,ServicerC,2018
LN0008311,2020-10,105000,5.5,360,700-739,,29-36,WV,Cash-Out Refinance,Primary,Condo,ServicerE,2020
LN0008312,2018-02,433000,3.625,360,660-699,61-70,44-50,HI,Purchase,Primary,PUD,ServicerB,2018
LN0008313,2022-02,81000,2.75,360,<620,81-90,44-50,VT,Purchase,Investment,Condo,ServicerC,2022
LN0008314,2022-07,209000,3.25,360,740-779,61-70,<=28,SD,Purchase,Primary,Single Family,ServicerC,2022
LN0008315,2019-12,157000,3.25,360,700-739,61-70,<=28,DE,Purchase,Primary,PUD,ServicerD,2019
LN0008316,2019-04,105000,3.0,360,660-699,<=60,44-50,NE,Cash-Out Refinance,Primary,Multi-Family,ServicerC,2019
LN0008317,2022-03,154000,3.5,360,780+,61-70,37-43,MT,Refinance,Primary,Single Family,ServicerD,2022
LN0008318,2019-01,357000,4.75,360,740-779,91-95,44-50,MT,Cash-Out Refinance,Primary,Co-op,ServicerD,2019
LN0008319,2021-12,250000,2.5,120,780+,81-90,,MT,Purchase,Primary,Condo,ServicerC,2021
LN0008320,2018-06,412000,2.375,360,700-739,>100,37-43,NE,Purchase,Primary,Co-op,ServicerB,2018
LN0008321,2018-02,134000,5.625,180,620-659,71-80,37-43,WV,Cash-Out Refinance,Primary,Single Family,ServicerD,2018
LN0008322,2021-10,297000,2.25,360,740-779,91-95,<=28,NH,Purchase,Secondary,PUD,ServicerD,2021
LN0008323,2021-07,130000,2.625,360,660-699,81-90,37-43,NE,Refinance,Primary,PUD,ServicerA,2021
LN0008324,2021-12,111000,2.75,180,700-739,61-70,44-50,ND,Refinance,Primary,Co-op,ServicerE,2021
LN0008325,2021-03,113000,2.49,360,<620,71-80,37-43,NE,Refinance,Primary,Multi-Family,ServicerD,2021
LN0008326,2020-03,190000,4.375,360,780+,<=60,29-36,RI,Other,Primary,Co-op,ServicerC,2020
LN0008327,2018-05,110000,4.24,360,620-659,<=60,37-43,AK,Cash-Out Refinance,Primary,Co-op,ServicerD,2018
LN0008328,2020-03,327000,6.3,360,780+,71-80,44-50,NE,Purchase,Primary,Single Family,ServicerA,2020
LN0008329,2021-05,70000,6.125,360,780+,81-90,>50,DE,Purchase,Primary,Condo,ServicerD,2021
LN0008330,2021-02,170000,6.625,360,700-739,96-100,37-43,ID,Purchase,Secondary,PUD,ServicerB,2021
LN0008331,2019-05,308000,3.25,360,740-779,<=60,29-36,ID,Refinance,Primary,Single Family,ServicerA,2019
LN0008332,2021-04,206000,3.5,180,740-779,71-80,37-43,NH,Refinance,Primary,Co-op,ServicerC,2021
LN0008333,2019-06,95000,2.375,360,740-779,96-100,37-43,,Purchase,Primary,Single Family,ServicerB,2019
LN0008334,2018-06,53000,4.0,360,700-739,71-80,44-50,KS,Purchase,Primary,Condo,ServicerB,2018
LN0008335,2021-02,206000,4.125,360,740-779,71-80,44-50,SD,Cash-Out Refinance,Primary,Co-op,ServicerC,2021
LN0008336,2022-05,80000,4.5,360,700-739,71-80,44-50,NM,Cash-Out Refinance,Primary,PUD,ServicerB,2022
LN0008337,2018-10,335000,3.521,360,780+,96-100,<=28,NV,Purchase,Primary,Condo,ServicerE,2018
LN0008338,2018-09,311000,5.375,360,700-739,71-80,44-50,AK,Cash-Out Refinance,Primary,PUD,ServicerA,2018
LN0008339,2018-11,456000,5.75,360,700-739,96-100,37-43,ID,Refinance,Primary,PUD,ServicerD,2018
LN0008340,2020-02,101000,3.875,360,740-779,61-70,>50,ID,Refinance,Primary,PUD,ServicerC,2020
LN0008341,2019-01,78000,6.25,360,780+,,>50,ID,Cash-Out Refinance,Primary,Multi-Family,ServicerA,2019
LN0008342,2022-01,105000,3.375,360,700-739,96-100,37-43,ID,Refinance,Primary,PUD,ServicerD,2022
LN0008343,2018-06,149000,2.75,360,620-659,81-90,37-43,ID,Purchase,Primary,Single Family,ServicerD,2018
LN0008344,2021-05,151000,2.875,180,700-739,<=60,44-50,NH,Refinance,Secondary,PUD,ServicerA,2021
LN0008345,2018-10,771000,2.49,360,780+,<=60,44-50,ND,Purchase,Primary,PUD,ServicerD,2018
LN0008346,2022-06,43000,2.375,360,740-779,96-100,>50,NE,Cash-Out Refinance,Primary,PUD,ServicerE,2022
LN0008347,2018-03,116000,4.125,360,740-779,71-80,>50,ID,Cash-Out Refinance,Primary,PUD,ServicerC,2018
LN0008348,2019-11,148000,3.0,360,<620,<=60,37-43,ID,Refinance,Primary,Single Family,ServicerE,2019
LN0008349,2022-08,151000,6.55,180,700-739,,37-43,WV,Purchase,Primary,Multi-Family,ServicerC,2022
LN0008350,2019-09,258000,4.75,360,740-779,71-80,37-43,MT,Purchase,Primary,Multi-Family,ServicerC,2019
LN0008351,2019-06,104000,4.75,360,780+,81-90,44-50,MT,Purchase,Primary,Single Family,ServicerB,2019
LN0008352,2018-11,172000,2.25,360,<620,<=60,37-43,NE,Purchase,Primary,Multi-Family,ServicerA,2018
LN0008353,2019-10,112000,5.4,360,780+,<=60,37-43,SD,Cash-Out Refinance,Primary,Multi-Family,ServicerE,2019
LN0008354,2020-10,135000,3.125,360,700-739,81-90,29-36,MT,Refinance,Primary,Co-op,ServicerA,2020
LN0008355,2019-08,109000,2.75,360,620-659,61-70,44-50,HI,Other,Primary,Condo,ServicerD,2019
LN0008356,2019-09,34000,2.5,360,660-699,<=60,37-43,NH,Refinance,Primary,Condo,ServicerE,2019
LN0008357,2019-08,163000,6.375,360,660-699,61-70,<=28,NE,Refinance,Primary,Condo,ServicerC,2019
LN0008358,2018-10,157000,3.125,360,700-739,<=60,37-43,NM,Cash-Out Refinance,Primary,Condo,ServicerC,2018
LN0008359,2018-09,152000,6.5,360,<620,<=60,44-50,VT,Purchase,Primary,Co-op,ServicerA,2018
LN0008360,2018-05,131000,2.75,360,620-659,<=60,<=28,WV,Cash-Out Refinance,Primary,Co-op,ServicerE,2018
LN0008361,2020-02,273000,9.04,360,,<=60,37-43,,Refinance,Primary,Single Family,ServicerD,2020
LN0008362,2020-11,194000,3.75,180,620-659,81-90,>50,NM,Purchase,Primary,Single Family,ServicerD,2020
LN0008363,2019-10,78000,2.875,120,660-699,<=60,29-36,DE,Cash-Out Refinance,Primary,Condo,ServicerA,2019
LN0008364,2022-03,156000,2.875,360,700-739,61-70,29-36,MT,Refinance,Primary,Multi-Family,ServicerC,2022
LN0008365,2018-08,253000,3.25,360,700-739,,44-50,NE,Purchase,Primary,Condo,ServicerA,2018
LN0008366,2019-10,103000,2.99,360,740-779,<=60,37-43,HI,Refinance,Investment,Condo,ServicerB,2019
LN0008367,2019-10,177000,2.99,360,700-739,61-70,37-43,NH,Other,Primary,PUD,ServicerB,2019
LN0008368,2020-08,208000,3.25,360,740-779,81-90,<=28,NM,Refinance,Primary,PUD,ServicerA,2020
LN0008369,2022-07,231000,5.5,360,740-779,96-100,44-50,NE,Purchase,Primary,Co-op,ServicerC,2022
LN0008370,2021-02,179000,3.25,360,620-659,61-70,44-50,NM,Cash-Out Refinance,Primary,Single Family,ServicerD,2021
LN0008371,2022-02,114000,5.0,120,620-659,71-80,37-43,,Refinance,Primary,Single Family,ServicerA,2022
LN0008372,2020-04,137000,5.88,360,700-739,96-100,>50,,Refinance,Primary,Condo,ServicerD,2020
LN0008373,2020-03,109000,2.25,360,700-739,71-80,<=28,SD,Purchase,Primary,Single Family,ServicerD,2020
LN0008374,2019-08,338000,3.25,360,740-779,61-70,<=28,ID,Refinance,Primary,PUD,ServicerE,2019
LN0008375,2019-07,304000,3.15,240,700-739,81-90,37-43,ID,Purchase,Primary,Condo,ServicerB,2019
LN0008376,2018-06,37000,6.106,180,700-739,96-100,44-50,DE,Cash-Out Refinance,Secondary,Condo,ServicerB,2018
LN0008377,2018-08,61000,4.54,360,620-659,81-90,44-50,NM,Purchase,Primary,Multi-Family,ServicerE,2018
LN0008378,2022-02,364000,4.125,180,660-699,96-100,37-43,AK,Refinance,Secondary,Single Family,ServicerE,2022
LN0008379,2022-02,95000,2.875,240,700-739,81-90,37-43,MT,Cash-Out Refinance,Primary,Single Family,ServicerB,2022
LN0008380,2020-09,315000,2.99,360,700-739,<=60,37-43,SD,Purchase,Primary,Multi-Family,ServicerE,2020
LN0008381,2022-10,182000,4.0,360,700-739,81-90,37-43,WV,Purchase,Primary,Co-op,ServicerD,2022
LN0008382,2022-09,195000,3.125,360,620-659,71-80,29-36,MT,Cash-Out Refinance,Primary,Condo,ServicerE,2022
LN0008383,2021-09,77000,3.125,360,740-779,71-80,37-43,NM,Cash-Out Refinance,Primary,Condo,ServicerA,2021
LN0008384,2019-05,105000,3.125,180,780+,91-95,37-43,WV,Refinance,Primary,Single Family,ServicerC,2019
LN0008385,2020-03,252000,2.875,360,660-699,71-80,<=28,ID,Purchase,Primary,Co-op,ServicerA,2020
LN0008386,2021-04,97000,6.875,360,700-739,81-90,>50,KS,Purchase,Investment,Single Family,ServicerB,2021
LN0008387,2020-11,167000,7.625,360,780+,<=60,,NM,Refinance,Primary,Condo,ServicerB,2020
LN0008388,2021-07,403000,5.75,360,,61-70,29-36,NE,Other,Primary,Condo,ServicerD,2021
LN0008389,2021-07,212000,5.75,180,700-739,81-90,37-43,ID,Purchase,Primary,Multi-Family,ServicerD,2021
LN0008390,2018-08,261000,3.5,360,620-659,71-80,,NE,Refinance,Primary,Multi-Family,ServicerC,2018
LN0008391,2018-08,555000,4.375,180,740-779,71-80,,NH,Cash-Out Refinance,Primary,Multi-Family,ServicerD,2018
LN0008392,2018-06,189000,3.25,360,620-659,,37-43,WV,Purchase,Primary,PUD,ServicerE,2018
LN0008393,2022-08,70000,6.75,180,780+,71-80,,NE,Cash-Out Refinance,Primary,Single Family,ServicerD,2022
LN0008394,2022-07,214000,3.875,180,740-779,71-80,44-50,NE,Refinance,Primary,PUD,ServicerA,2022
LN0008395,2020-08,190000,4.0,360,740-779,71-80,37-43,MT,Purchase,Primary,PUD,ServicerD,2020
LN0008396,2020-11,167000,7.5,360,740-779,<=60,44-50,MS,Cash-Out Refinance,Primary,Condo,ServicerA,2020
LN0008397,2018-09,65000,5.5,360,700-739,71-80,>50,DE,Refinance,Primary,PUD,ServicerE,2018
LN0008398,2018-04,122000,7.5,360,700-739,<=60,>50,ID,Cash-Out Refinance,Primary,Condo,ServicerC,2018
LN0008399,2018-05,587000,3.375,360,780+,<=60,29-36,MS,Cash-Out Refinance,Primary,Multi-Family,ServicerB,2018
LN0008400,2022-12,255000,3.75,360,,<=60,37-43,,Purchase,Primary,Single Family,ServicerE,2022
LN0008401,2022-09,225000,5.0,120,700-739,71-80,,NH,Purchase,Primary,Condo,ServicerD,2022
LN0008402,2019-11,131000,2.99,360,780+,81-90,37-43,MT,Refinance,Primary,Co-op,ServicerD,2019
LN0008403,2020-12,292000,3.125,360,700-739,71-80,<=28,NH,Cash-Out Refinance,Primary,PUD,ServicerE,2020
LN0008404,2018-09,251000,2.875,360,700-739,<=60,37-43,MT,Purchase,Investment,Multi-Family,ServicerC,2018
LN0008405,2018-01,235000,6.5,360,700-739,96-100,44-50,MT,Purchase,Primary,PUD,ServicerA,2018
LN0008406,2020-07,160000,3.0,180,660-699,>100,44-50,MT,Purchase,Primary,Condo,ServicerE,2020
LN0008407,2019-06,197000,5.2,360,<620,<=60,37-43,ND,Refinance,Primary,PUD,ServicerC,2019
LN0008408,2022-01,67000,5.2,360,660-699,71-80,37-43,NH,Cash-Out Refinance,Primary,Single Family,ServicerC,2022
LN0008409,2021-12,187000,5.0,360,700-739,<=60,>50,DE,Purchase,Primary,Single Family,ServicerB,2021
LN0008410,2022-09,393000,5.25,360,660-699,<=60,37-43,NH,Purchase,Primary,PUD,ServicerC,2022
LN0008411,2019-09,131000,2.875,360,700-739,96-100,<=28,VT,Purchase,Primary,Multi-Family,ServicerE,2019
LN0008412,2020-11,135000,3.125,360,780+,61-70,,WY,Refinance,Primary,Multi-Family,ServicerD,2020
LN0008413,2018-04,257000,2.99,360,660-699,96-100,44-50,NE,Purchase,Primary,PUD,ServicerD,2018
LN0008414,2018-08,52000,2.625,240,700-739,<=60,37-43,WV,Refinance,Primary,Condo,ServicerA,2018
LN0008415,2019-04,172000,3.75,360,620-659,61-70,,DE,Refinance,Primary,Condo,ServicerE,2019
LN0008416,2020-02,119000,2.875,360,<620,61-70,37-43,WY,Cash-Out Refinance,Primary,PUD,ServicerB,2020
LN0008417,2019-08,413000,6.253,360,740-779,96-100,29-36,,Cash-Out Refinance,Primary,Multi-Family,ServicerE,2019
LN0008418,2019-10,206000,3.875,360,700-739,91-95,<=28,WV,Refinance,Primary,Single Family,ServicerC,2019
LN0008419,2022-01,187000,2.25,360,740-779,71-80,29-36,MT,Purchase,Primary,Multi-Family,ServicerC,2022
LN0008420,2018-07,432000,2.8,360,620-659,96-100,37-43,MT,Refinance,Primary,Condo,ServicerA,2018
LN0008421,2019-12,338000,2.875,360,700-739,71-80,37-43,ID,Purchase,Primary,Co-op,ServicerD,2019
LN0008422,2018-05,188000,2.99,240,660-699,61-70,>50,ID,Cash-Out Refinance,Primary,Co-op,ServicerC,2018
LN0008423,2018-04,103000,7.25,360,660-699,81-90,29-36,ID,Purchase,Primary,Condo,ServicerA,2018
LN0008424,2020-03,76000,2.875,120,<620,71-80,44-50,NH,Purchase,Secondary,Multi-Family,ServicerE,2020
LN0008425,2021-04,131000,3.375,240,620-659,81-90,29-36,NV,Purchase,Primary,Single Family,ServicerA,2021
LN0008426,2020-07,116000,2.625,180,660-699,61-70,44-50,ID,Cash-Out Refinance,Primary,PUD,ServicerD,2020
LN0008427,2018-03,75000,5.99,180,620-659,71-80,37-43,,Purchase,Primary,Single Family,ServicerA,2018
LN0008428,2019-10,200000,2.75,240,780+,71-80,37-43,KS,Purchase,Investment,Single Family,ServicerD,2019
LN0008429,2019-10,530000,2.625,360,660-699,<=60,44-50,MT,Refinance,Primary,Condo,ServicerC,2019
LN0008430,2020-07,240000,5.375,360,620-659,71-80,44-50,NE,Refinance,Investment,PUD,ServicerD,2020
LN0008431,2022-12,119000,3.375,360,620-659,61-70,29-36,NH,Refinance,Primary,Condo,ServicerD,2022
LN0008432,2020-04,277000,3.75,180,700-739,<=60,37-43,MT,Refinance,Primary,Co-op,ServicerE,2020
LN0008433,2020-07,227000,2.25,360,,61-70,29-36,DE,Purchase,Primary,Co-op,ServicerA,2020
LN0008434,2018-07,109000,6.125,360,780+,71-80,37-43,NH,Cash-Out Refinance,Primary,Condo,ServicerE,2018
LN0008435,2021-07,371000,2.5,360,780+,<=60,44-50,NE,Refinance,Primary,Co-op,ServicerC,2021
LN0008436,2020-04,250000,2.5,360,,<=60,37-43,KS,Purchase,Primary,Multi-Family,ServicerE,2020
LN0008437,2021-05,136000,6.125,360,700-739,71-80,29-36,WY,Purchase,Investment,Condo,ServicerE,2021
LN0008438,2022-01,327000,3.0,360,<620,61-70,37-43,DE,Refinance,Primary,Multi-Family,ServicerA,2022
LN0008439,2021-01,108000,3.625,120,740-779,<=60,29-36,VT,Purchase,Primary,Condo,ServicerA,2021
LN0008440,2021-03,105000,5.0,180,700-739,96-100,,NM,Purchase,Primary,Multi-Family,ServicerC,2021
LN0008441,2019-02,117000,3.625,360,660-699,71-80,>50,ID,Purchase,Primary,Multi-Family,ServicerC,2019
LN0008442,2018-02,125000,2.5,360,660-699,71-80,37-43,NM,Purchase,Primary,Multi-Family,ServicerD,2018
LN0008443,2019-08,323000,6.875,240,740-779,<=60,44-50,NE,Refinance,Investment,Single Family,ServicerB,2019
LN0008444,2018-03,86000,3.625,360,700-739,81-90,37-43,DE,Refinance,Primary,Co-op,ServicerE,2018
LN0008445,2022-06,73000,3.875,360,620-659,71-80,<=28,SD,Purchase,Primary,Multi-Family,ServicerD,2022
LN0008446,2019-12,225000,3.1,360,740-779,<=60,37-43,AK,Cash-Out Refinance,Primary,Co-op,ServicerE,2019
LN0008447,2020-11,82000,3.375,360,700-739,91-95,<=28,ID,Purchase,Primary,Condo,ServicerB,2020
LN0008448,2021-05,108000,2.625,180,780+,71-80,44-50,ID,Refinance,Primary,Co-op,ServicerD,2021
LN0008449,2022-05,44000,5.5,360,620-659,<=60,37-43,ID,Refinance,Primary,Single Family,ServicerD,2022
LN0008450,2020-10,114000,3.25,360,740-779,>100,37-43,AK,Purchase,Primary,Co-op,ServicerD,2020
LN0008451,2020-02,157000,2.875,360,740-779,61-70,29-36,AK,Cash-Out Refinance,Primary,Multi-Family,ServicerA,2020
LN0008452,2018-07,98000,5.5,360,620-659,<=60,44-50,ND,Refinance,Primary,Condo,ServicerB,2018
LN0008453,2019-02,72000,7.875,360,740-779,81-90,29-36,SD,Purchase,Primary,PUD,ServicerB,2019
LN0008454,2022-08,93000,7.625,360,700-739,61-70,37-43,NE,Purchase,Primary,Multi-Family,ServicerC,2022
LN0008455,2019-03,103000,4.75,360,780+,<=60,44-50,HI,Refinance,Secondary,PUD,ServicerA,2019
LN0008456,2022-01,103000,2.25,360,620-659,91-95,37-43,SD,Refinance,Primary,Condo,ServicerB,2022
LN0008457,2021-08,474000,1.99,360,740-779,71-80,37-43,WY,Cash-Out Refinance,Primary,Co-op,ServicerC,2021
LN0008458,2018-02,102000,2.75,360,700-739,96-100,<=28,WV,Purchase,Primary,Single Family,ServicerD,2018
LN0008459,2019-01,196000,2.99,360,780+,61-70,44-50,NM,Cash-Out Refinance,Primary,PUD,ServicerA,2019
LN0008460,2021-03,141000,4.99,360,660-699,61-70,37-43,ID,Cash-Out Refinance,Primary,Single Family,ServicerE,2021
LN0008461,2018-12,275000,6.25,120,780+,71-80,44-50,MS,Other,Primary,PUD,ServicerE,2018
LN0008462,2018-04,247000,4.5,360,780+,<=60,<=28,HI,Purchase,Investment,Condo,ServicerB,2018
LN0008463,2021-10,191000,6.5,120,660-699,>100,29-36,NH,Refinance,Primary,PUD,ServicerE,2021
LN0008464,2020-08,95000,2.0,360,740-779,,44-50,NM,Refinance,Primary,Co-op,ServicerA,2020
LN0008465,2019-08,101000,4.5,360,780+,71-80,44-50,NH,Refinance,Primary,PUD,ServicerD,2019
LN0008466,2022-01,336000,8.25,360,660-699,71-80,>50,ID,Cash-Out Refinance,Primary,Condo,ServicerC,2022
LN0008467,2022-04,128000,2.75,360,700-739,71-80,44-50,NE,Refinance,Primary,PUD,ServicerE,2022
LN0008468,2019-12,327000,3.25,360,700-739,71-80,37-43,HI,Refinance,Primary,Single Family,ServicerA,2019
LN0008469,2020-01,97000,5.625,360,660-699,61-70,29-36,VT,Refinance,Primary,Single Family,ServicerC,2020
LN0008470,2022-01,121000,3.125,360,<620,81-90,37-43,NE,Cash-Out Refinance,Primary,PUD,ServicerE,2022
LN0008471,2019-06,127000,4.375,360,660-699,71-80,>50,NE,Refinance,Investment,Single Family,ServicerE,2019
LN0008472,2020-03,252000,4.625,360,660-699,91-95,37-43,WV,Purchase,Primary,Multi-Family,ServicerD,2020
LN0008473,2020-08,452000,3.0,360,700-739,96-100,>50,ID,Purchase,Primary,Co-op,ServicerB,2020
LN0008474,2019-11,239000,3.625,360,620-659,61-70,44-50,NE,Refinance,Primary,Condo,ServicerD,2019
LN0008475,2018-07,182000,10.75,360,780+,61-70,44-50,DE,Refinance,Primary,Condo,ServicerB,2018
LN0008476,2021-03,181000,3.75,240,740-779,96-100,37-43,HI,Other,Investment,Condo,ServicerC,2021
LN0008477,2020-09,253000,2.625,360,620-659,96-100,37-43,ID,Refinance,Primary,Condo,ServicerC,2020
LN0008478,2018-04,160000,4.25,360,740-779,61-70,>50,NH,Refinance,Primary,Condo,ServicerD,2018
LN0008479,2019-11,142000,4.375,360,740-779,71-80,29-36,WV,Refinance,Primary,Single Family,ServicerC,2019
LN0008480,2019-06,157000,9.575,360,780+,61-70,37-43,NM,Refinance,Secondary,Co-op,ServicerD,2019
LN0008481,2021-01,451000,6.0,240,<620,81-90,37-43,WY,Purchase,Primary,PUD,ServicerE,2021
LN0008482,2021-02,206000,7.49,360,660-699,71-80,<=28,ID,Refinance,Primary,Multi-Family,ServicerE,2021
LN0008483,2019-10,123000,3.5,360,780+,<=60,44-50,KS,Purchase,Primary,Condo,ServicerA,2019
LN0008484,2022-05,166000,4.625,360,780+,61-70,37-43,ID,Refinance,Primary,PUD,ServicerA,2022
LN0008485,2022-03,305000,2.875,360,740-779,<=60,29-36,SD,Refinance,Primary,Condo,ServicerC,2022
LN0008486,2019-09,112000,3.625,180,740-779,71-80,<=28,NM,Refinance,Primary,Single Family,ServicerD,2019
LN0008487,2020-01,128000,2.125,120,620-659,<=60,29-36,NH,Refinance,Primary,Multi-Family,ServicerB,2020
LN0008488,2018-11,63000,2.25,180,700-739,71-80,37-43,ID,Refinance,Primary,PUD,ServicerA,2018
LN0008489,2018-07,117000,6.575,360,660-699,61-70,44-50,ID,Refinance,Primary,Condo,ServicerE,2018
LN0008490,2022-09,163000,4.875,360,620-659,71-80,29-36,,Purchase,Primary,Co-op,ServicerC,2022
LN0008491,2018-10,467000,3.875,360,740-779,81-90,29-36,NM,Refinance,Primary,Condo,ServicerA,2018
LN0008492,2019-12,165000,3.375,360,620-659,61-70,37-43,NM,Purchase,Primary,Co-op,ServicerD,2019
LN0008493,2020-06,146000,2.375,360,700-739,91-95,37-43,NM,Refinance,Primary,PUD,ServicerA,2020
LN0008494,2018-03,162000,3.25,360,780+,71-80,<=28,DE,Purchase,Primary,Condo,ServicerD,2018
LN0008495,2018-11,155000,4.375,180,620-659,71-80,37-43,ID,Purchase,Primary,PUD,ServicerA,2018
LN0008496,2019-01,522000,6.375,360,780+,<=60,37-43,NE,Purchase,Primary,Condo,ServicerC,2019
LN0008497,2021-01,311000,3.4,360,780+,61-70,37-43,NH,Purchase,Investment,PUD,ServicerA,2021
LN0008498,2022-01,109000,3.0,360,700-739,<=60,37-43,NH,Purchase,Primary,Condo,ServicerE,2022
LN0008499,2021-10,186000,4.0,360,620-659,96-100,37-43,NE,Cash-Out Refinance,Primary,Single Family,ServicerB,2021
LN0008500,2018-04,154000,8.625,360,660-699,81-90,44-50,ID,Refinance,Primary,PUD,ServicerE,2018
LN0008501,2018-10,114000,3.125,360,700-739,<=60,44-50,VT,Purchase,Primary,Multi-Family,ServicerE,2018
LN0008502,2022-02,190000,6.875,180,660-699,96-100,37-43,WV,Cash-Out Refinance,Primary,PUD,ServicerA,2022
LN0008503,2018-11,168000,2.875,360,660-699,71-80,<=28,DE,Refinance,Primary,Multi-Family,ServicerA,2018
LN0008504,2021-10,356000,2.75,360,780+,71-80,37-43,NM,Purchase,Primary,PUD,ServicerD,2021
LN0008505,2021-05,203000,3.0,360,620-659,<=60,37-43,KS,Purchase,Primary,Condo,ServicerB,2021
LN0008506,2022-07,244000,3.375,240,740-779,<=60,<=28,VT,Refinance,Primary,Single Family,ServicerE,2022
LN0008507,2021-12,128000,2.375,180,<620,81-90,>50,NV,Purchase,Primary,PUD,ServicerE,2021
LN0008508,2019-11,124000,3.94,360,700-739,<=60,29-36,NH,Refinance,Primary,PUD,ServicerC,2019
LN0008509,2021-10,165000,3.0,180,780+,<=60,>50,DE,Refinance,Primary,Multi-Family,ServicerB,2021
LN0008510,2020-06,297000,2.9,360,660-699,96-100,37-43,NV,Purchase,Primary,Multi-Family,ServicerB,2020
LN0008511,2021-08,124000,2.125,240,620-659,>100,37-43,NE,Cash-Out Refinance,Primary,Co-op,ServicerB,2021
LN0008512,2019-08,116000,5.0,240,740-779,<=60,29-36,AK,Purchase,Secondary,PUD,ServicerC,2019
LN0008513,2022-06,179000,2.75,240,740-779,61-70,<=28,MT,Cash-Out Refinance,Primary,Single Family,ServicerA,2022
LN0008514,2019-03,145000,7.5,240,740-779,81-90,29-36,RI,Refinance,Primary,PUD,ServicerE,2019
LN0008515,2020-11,146000,2.875,360,660-699,81-90,37-43,ID,Purchase,Primary,Single Family,ServicerE,2020
LN0008516,2019-07,115000,7.625,240,660-699,61-70,44-50,MS,Purchase,Primary,Multi-Family,ServicerD,2019
LN0008517,2020-03,66000,3.125,120,780+,96-100,44-50,NE,Refinance,Primary,Condo,ServicerA,2020
LN0008518,2020-12,248000,5.875,360,780+,<=60,44-50,WV,Purchase,Primary,Multi-Family,ServicerA,2020
LN0008519,2018-07,103000,3.875,360,700-739,96-100,37-43,MS,Purchase,Primary,Condo,ServicerB,2018
LN0008520,2020-03,221000,10.275,240,780+,81-90,>50,ND,Other,Primary,Multi-Family,ServicerC,2020
LN0008521,2018-08,186000,3.75,240,700-739,<=60,44-50,NH,Refinance,Primary,PUD,ServicerA,2018
LN0008522,2021-12,48000,3.9,360,700-739,<=60,29-36,WV,Refinance,Primary,Multi-Family,ServicerB,2021
LN0008523,2022-04,311000,4.5,360,620-659,<=60,29-36,RI,Cash-Out Refinance,Primary,Multi-Family,ServicerE,2022
LN0008524,2021-03,106000,6.5,360,700-739,61-70,<=28,MT,Refinance,Primary,PUD,ServicerC,2021
LN0008525,2020-04,120000,3.99,360,700-739,71-80,<=28,WY,Refinance,Primary,Condo,ServicerD,2020
LN0008526,2021-07,118000,7.125,360,<620,71-80,29-36,NH,Refinance,Primary,Multi-Family,ServicerE,2021
LN0008527,2021-08,120000,5.25,360,700-739,<=60,<=28,NH,Refinance,Primary,Multi-Family,ServicerC,2021
LN0008528,2021-08,80000,3.125,360,740-779,91-95,37-43,NM,Purchase,Primary,Multi-Family,ServicerC,2021
LN0008529,2021-08,98000,5.563,240,740-779,71-80,<=28,NE,Refinance,Primary,Multi-Family,ServicerB,2021
LN0008530,2020-06,195000,2.5,180,740-779,71-80,44-50,WV,Purchase,Primary,Multi-Family,ServicerE,2020
LN0008531,2020-11,136000,6.375,360,780+,96-100,>50,ID,Purchase,Primary,Condo,ServicerE,2020
LN0008532,2021-03,429000,6.999,360,<620,61-70,<=28,NE,Purchase,Primary,Multi-Family,ServicerA,2021
LN0008533,2022-04,162000,5.999,360,700-739,>100,37-43,AK,Refinance,Primary,Co-op,ServicerD,2022
LN0008534,2019-04,157000,4.75,360,740-779,61-70,44-50,NH,Cash-Out Refinance,Primary,PUD,ServicerA,2019
LN0008535,2019-10,211000,2.75,360,700-739,91-95,37-43,DE,Refinance,Primary,Single Family,ServicerC,2019
LN0008536,2019-12,126000,2.875,360,660-699,81-90,>50,RI,Purchase,Primary,Single Family,ServicerA,2019
LN0008537,2022-06,143000,3.0,360,620-659,<=60,44-50,NM,Purchase,Primary,Condo,ServicerC,2022
LN0008538,2021-09,239000,3.25,180,780+,61-70,44-50,ID,Refinance,Primary,Multi-Family,ServicerB,2021
LN0008539,2021-06,118000,2.875,360,700-739,<=60,44-50,NH,Purchase,Primary,Condo,ServicerA,2021
LN0008540,2020-04,188000,3.5,360,780+,61-70,37-43,NH,Refinance,Investment,Co-op,ServicerA,2020
LN0008541,2021-03,175000,2.25,360,700-739,96-100,37-43,WV,Other,Primary,PUD,ServicerA,2021
LN0008542,2021-02,251000,2.5,360,740-779,61-70,44-50,WV,Cash-Out Refinance,Secondary,Condo,ServicerD,2021
LN0008543,2022-11,260000,3.75,360,740-779,61-70,37-43,NM,Purchase,Primary,Co-op,ServicerD,2022
LN0008544,2021-05,70000,5.25,240,740-779,71-80,37-43,MT,Refinance,Primary,Single Family,ServicerD,2021
LN0008545,2022-07,173000,2.25,360,700-739,96-100,37-43,ID,Refinance,Primary,Single Family,ServicerB,2022
LN0008546,2018-04,214000,3.375,360,700-739,>100,37-43,VT,Refinance,Primary,PUD,ServicerC,2018
LN0008547,2019-06,86000,2.5,360,740-779,<=60,<=28,NE,Cash-Out Refinance,Primary,Condo,ServicerC,2019
LN0008548,2022-03,81000,3.25,360,660-699,<=60,<=28,MT,Refinance,Primary,Co-op,ServicerC,2022
LN0008549,2021-09,229000,5.2,360,700-739,91-95,29-36,ND,Purchase,Primary,Single Family,ServicerC,2021
LN0008550,2021-03,143000,6.5,180,620-659,<=60,44-50,NE,Purchase,Primary,Condo,ServicerE,2021
LN0008551,2021-01,193000,2.25,360,780+,>100,44-50,MT,Cash-Out Refinance,Primary,PUD,ServicerD,2021
LN0008552,2019-07,133000,3.125,120,620-659,96-100,>50,ID,Purchase,Primary,Multi-Family,ServicerD,2019
LN0008553,2022-11,96000,3.25,360,740-779,<=60,>50,,Purchase,Primary,PUD,ServicerE,2022
LN0008554,2019-05,197000,3.525,360,700-739,<=60,44-50,HI,Purchase,Primary,Single Family,ServicerD,2019
LN0008555,2022-03,239000,2.25,180,700-739,71-80,37-43,VT,Cash-Out Refinance,Primary,Single Family,ServicerD,2022
LN0008556,2021-10,61000,8.75,120,740-779,91-95,,,Refinance,Primary,Single Family,ServicerC,2021
LN0008557,2019-03,77000,6.25,360,<620,71-80,29-36,NH,Cash-Out Refinance,Primary,Single Family,ServicerE,2019
LN0008558,2021-06,79000,4.375,360,700-739,71-80,<=28,KS,Purchase,Primary,Single Family,ServicerA,2021
LN0008559,2021-04,108000,3.75,360,740-779,91-95,44-50,SD,Cash-Out Refinance,Primary,Single Family,ServicerE,2021
LN0008560,2019-08,187000,3.625,180,780+,<=60,37-43,KS,Purchase,Investment,PUD,ServicerE,2019
LN0008561,2020-10,224000,2.75,180,620-659,<=60,37-43,ID,Refinance,Primary,Co-op,ServicerA,2020
LN0008562,2022-09,400000,5.75,180,780+,96-100,>50,NE,Refinance,Primary,Co-op,ServicerD,2022
LN0008563,2018-11,91000,2.875,360,740-779,<=60,37-43,ID,Purchase,Secondary,PUD,ServicerE,2018
LN0008564,2018-02,163000,7.75,360,780+,71-80,37-43,SD,Refinance,Primary,PUD,ServicerC,2018
LN0008565,2018-01,204000,5.75,360,700-739,96-100,37-43,NM,Purchase,Primary,Multi-Family,ServicerC,2018
LN0008566,2018-01,104000,2.75,180,700-739,>100,44-50,ID,Cash-Out Refinance,Primary,PUD,ServicerB,2018
LN0008567,2020-02,94000,5.625,240,780+,>100,>50,AK,Purchase,Primary,Condo,ServicerB,2020
LN0008568,2020-06,50000,2.75,360,780+,<=60,,NE,Purchase,Primary,Multi-Family,ServicerD,2020
LN0008569,2019-12,292000,2.99,360,700-739,71-80,37-43,NE,Refinance,Primary,Single Family,ServicerE,2019
LN0008570,2019-04,252000,3.25,240,660-699,81-90,44-50,MT,Cash-Out Refinance,Primary,Multi-Family,ServicerC,2019
LN0008571,2020-02,126000,3.5,360,700-739,61-70,37-43,NH,Refinance,Primary,PUD,ServicerC,2020
LN0008572,2020-10,277000,4.25,360,700-739,71-80,37-43,VT,Purchase,Primary,PUD,ServicerC,2020
LN0008573,2020-10,541000,4.75,240,660-699,71-80,44-50,MT,Cash-Out Refinance,Primary,Co-op,ServicerE,2020
LN0008574,2021-08,102000,8.25,360,660-699,71-80,29-36,KS,Other,Primary,Single Family,ServicerD,2021
LN0008575,2020-12,181000,5.625,360,780+,<=60,<=28,WY,Cash-Out Refinance,Primary,Single Family,ServicerA,2020
LN0008576,2019-05,348000,2.875,360,<620,71-80,37-43,NH,Purchase,Primary,PUD,ServicerA,2019
LN0008577,2020-02,143000,9.23,360,740-779,>100,37-43,WY,Refinance,Primary,Single Family,ServicerD,2020
LN0008578,2022-03,124000,5.25,360,620-659,<=60,37-43,NE,Purchase,Primary,Single Family,ServicerC,2022
LN0008579,2019-03,124000,6.5,360,660-699,71-80,<=28,NE,Purchase,Primary,Single Family,ServicerE,2019
LN0008580,2021-02,116000,3.125,360,<620,96-100,>50,NH,Refinance,Primary,Co-op,ServicerE,2021
LN0008581,2022-10,110000,4.375,360,660-699,91-95,<=28,MS,Purchase,Investment,Co-op,ServicerA,2022
LN0008582,2021-03,144000,3.625,360,740-779,96-100,37-43,KS,Purchase,Primary,Co-op,ServicerC,2021
LN0008583,2022-09,218000,8.25,360,780+,71-80,29-36,ID,Refinance,Investment,Multi-Family,ServicerD,2022
LN0008584,2021-12,278000,3.94,360,660-699,61-70,>50,DE,Purchase,Primary,Multi-Family,ServicerE,2021
LN0008585,2020-12,146000,6.2,360,700-739,71-80,37-43,ID,Cash-Out Refinance,Primary,Multi-Family,ServicerA,2020
LN0008586,2019-02,104000,2.875,360,700-739,81-90,37-43,ID,Refinance,Primary,Multi-Family,ServicerA,2019
LN0008587,2019-08,133000,3.125,240,780+,71-80,<=28,VT,Purchase,Secondary,Multi-Family,ServicerE,2019
LN0008588,2018-01,215000,3.375,120,740-779,71-80,<=28,ND,Cash-Out Refinance,Primary,Multi-Family,ServicerD,2018
LN0008589,2019-07,153000,3.375,360,700-739,96-100,44-50,NH,Refinance,Primary,Co-op,ServicerB,2019
LN0008590,2021-07,144000,2.75,240,740-779,81-90,,NV,Refinance,Primary,Multi-Family,ServicerC,2021
LN0008591,2021-03,142000,5.49,360,780+,71-80,44-50,NH,Purchase,Primary,Multi-Family,ServicerC,2021
LN0008592,2018-10,155000,4.24,360,<620,61-70,>50,RI,Purchase,Primary,Co-op,ServicerB,2018
LN0008593,2020-08,228000,2.99,180,700-739,71-80,29-36,ID,Purchase,Primary,Multi-Family,ServicerE,2020
LN0008594,2022-10,301000,3.0,180,780+,71-80,44-50,VT,Refinance,Secondary,Co-op,ServicerB,2022
LN0008595,2019-08,134000,2.875,360,740-779,81-90,,ID,Refinance,Primary,PUD,ServicerC,2019
LN0008596,2018-08,114000,4.75,240,700-739,<=60,44-50,MT,Refinance,Primary,Multi-Family,ServicerD,2018
LN0008597,2022-06,65000,4.875,360,700-739,96-100,44-50,ID,Purchase,Primary,Single Family,ServicerD,2022
LN0008598,2020-02,292000,3.375,360,,61-70,37-43,HI,Refinance,Primary,Condo,ServicerD,2020
LN0008599,2020-02,94000,3.275,180,700-739,96-100,>50,WV,Purchase,Primary,Co-op,ServicerA,2020
LN0008600,2019-03,86000,5.5,360,740-779,71-80,<=28,ID,Refinance,Primary,Condo,ServicerC,2019
LN0008601,2022-05,192000,3.5,360,700-739,91-95,37-43,DE,Cash-Out Refinance,Primary,Multi-Family,ServicerC,2022
LN0008602,2021-03,208000,5.875,120,740-779,81-90,44-50,DE,Refinance,Primary,Co-op,ServicerA,2021
LN0008603,2018-11,528000,3.375,360,780+,71-80,>50,ID,Cash-Out Refinance,Primary,Multi-Family,ServicerD,2018
LN0008604,2019-11,226000,3.75,360,620-659,<=60,>50,NE,Refinance,Primary,Multi-Family,ServicerE,2019
LN0008605,2020-05,79000,5.5,180,700-739,<=60,44-50,WV,Purchase,Primary,Multi-Family,ServicerE,2020
LN0008606,2018-06,79000,4.75,360,700-739,<=60,37-43,NH,Purchase,Primary,Condo,ServicerE,2018
LN0008607,2022-08,161000,6.625,360,740-779,<=60,44-50,KS,Purchase,Primary,PUD,ServicerE,2022
LN0008608,2018-10,253000,2.375,360,660-699,71-80,37-43,NE,Purchase,Primary,PUD,ServicerB,2018
LN0008609,2022-07,719000,3.75,360,740-779,61-70,29-36,ND,Refinance,Primary,Single Family,ServicerC,2022
LN0008610,2019-06,50000,4.25,360,780+,96-100,44-50,WY,Refinance,Primary,PUD,ServicerC,2019
LN0008611,2020-04,267000,4.5,360,700-739,71-80,<=28,KS,Purchase,Primary,Co-op,ServicerC,2020
LN0008612,2022-05,594000,3.5,360,780+,71-80,29-36,NM,Cash-Out Refinance,Primary,PUD,ServicerC,2022
LN0008613,2022-01,346000,3.74,180,780+,96-100,37-43,SD,Purchase,Primary,Multi-Family,ServicerE,2022
LN0008614,2021-06,254000,2.875,360,620-659,71-80,44-50,HI,Purchase,Investment,Co-op,ServicerE,2021
LN0008615,2019-01,256000,6.997,360,660-699,71-80,37-43,NH,Refinance,Primary,Co-op,ServicerA,2019
LN0008616,2019-12,347000,2.99,180,780+,96-100,29-36,VT,Purchase,Primary,Single Family,ServicerD,2019
LN0008617,2020-05,106000,2.5,360,780+,81-90,44-50,MT,Purchase,Primary,PUD,ServicerB,2020
LN0008618,2021-07,127000,6.625,180,620-659,61-70,37-43,NE,Refinance,Primary,PUD,ServicerC,2021
LN0008619,2020-01,196000,7.17,360,<620,91-95,44-50,NH,Refinance,Primary,PUD,ServicerD,2020
LN0008620,2020-12,93000,3.0,240,620-659,91-95,37-43,SD,Purchase,Primary,Co-op,ServicerD,2020
LN0008621,2021-11,76000,5.0,360,780+,61-70,37-43,MT,Refinance,Primary,Co-op,ServicerD,2021
LN0008622,2018-06,223000,4.39,120,620-659,>100,,MT,Purchase,Investment,Condo,ServicerB,2018
LN0008623,2022-01,244000,2.625,360,700-739,<=60,>50,NE,Cash-Out Refinance,Primary,Multi-Family,ServicerE,2022
LN0008624,2019-10,154000,3.625,120,780+,61-70,44-50,AK,Purchase,Primary,Condo,ServicerD,2019
LN0008625,2018-12,172000,6.54,360,<620,96-100,37-43,ID,Purchase,Primary,Co-op,ServicerA,2018
LN0008626,2022-01,154000,2.875,360,740-779,<=60,29-36,ID,Other,Primary,Condo,ServicerC,2022
LN0008627,2020-07,185000,3.0,360,660-699,71-80,29-36,ID,Refinance,Primary,Co-op,ServicerA,2020
LN0008628,2019-08,367000,2.75,180,780+,<=60,37-43,KS,Refinance,Primary,Condo,ServicerC,2019
LN0008629,2021-07,238000,4.0,360,660-699,61-70,<=28,NE,Refinance,Primary,Co-op,ServicerA,2021
LN0008630,2018-12,246000,3.0,180,740-779,<=60,37-43,SD,Refinance,Primary,Multi-Family,ServicerC,2018
LN0008631,2020-12,225000,4.875,360,740-779,96-100,,NM,Purchase,Primary,Single Family,ServicerC,2020
LN0008632,2021-06,220000,2.5,360,660-699,<=60,37-43,HI,Purchase,Primary,Co-op,ServicerD,2021
LN0008633,2020-09,221000,2.625,360,<620,71-80,<=28,WV,Refinance,Primary,Co-op,ServicerC,2020
LN0008634,2021-07,105000,2.99,240,700-739,71-80,>50,SD,Other,Primary,Co-op,ServicerE,2021
LN0008635,2020-03,184000,3.0,360,660-699,<=60,29-36,ND,Purchase,Primary,Single Family,ServicerA,2020
LN0008636,2020-12,146000,3.625,360,740-779,81-90,<=28,ID,Refinance,Primary,Co-op,ServicerD,2020
LN0008637,2020-09,90000,2.5,240,740-779,61-70,37-43,NE,Purchase,Primary,PUD,ServicerA,2020
LN0008638,2019-08,138000,7.125,180,700-739,<=60,37-43,ND,Refinance,Investment,Multi-Family,ServicerC,2019
LN0008639,2020-05,215000,3.25,180,740-779,81-90,44-50,KS,Cash-Out Refinance,Primary,Multi-Family,ServicerB,2020
LN0008640,2018-08,398000,4.5,360,740-779,<=60,37-43,HI,Cash-Out Refinance,Primary,PUD,ServicerA,2018
LN0008641,2018-11,102000,8.0,360,780+,81-90,29-36,NE,Refinance,Investment,Condo,ServicerD,2018
LN0008642,2020-09,301000,3.187,240,700-739,91-95,44-50,MT,Refinance,Primary,PUD,ServicerD,2020
LN0008643,2018-01,248000,6.0,360,660-699,71-80,44-50,AK,Purchase,Primary,Single Family,ServicerE,2018
LN0008644,2019-02,155000,4.25,360,660-699,96-100,44-50,ID,Cash-Out Refinance,Primary,Condo,ServicerE,2019
LN0008645,2019-02,93000,3.0,360,700-739,71-80,<=28,MT,Refinance,Primary,Multi-Family,ServicerD,2019
LN0008646,2019-06,133000,3.0,360,700-739,91-95,44-50,WV,Refinance,Primary,Co-op,ServicerE,2019
LN0008647,2018-03,68000,5.0,360,700-739,81-90,37-43,ID,Refinance,Primary,Co-op,ServicerE,2018
LN0008648,2022-04,262000,5.75,240,620-659,71-80,37-43,NH,Cash-Out Refinance,Primary,Condo,ServicerA,2022
LN0008649,2018-02,203000,3.25,360,740-779,81-90,44-50,NM,Refinance,Primary,Co-op,ServicerB,2018
LN0008650,2018-12,128000,5.25,180,660-699,71-80,29-36,,Purchase,Primary,Multi-Family,ServicerC,2018
LN0008651,2018-12,161000,2.75,360,620-659,>100,44-50,SD,Refinance,Primary,PUD,ServicerD,2018
LN0008652,2020-10,330000,2.99,360,700-739,<=60,37-43,ID,Purchase,Primary,Multi-Family,ServicerE,2020
LN0008653,2018-03,90000,3.375,360,660-699,91-95,37-43,RI,Refinance,Primary,Co-op,ServicerC,2018
LN0008654,2022-11,95000,2.75,360,700-739,71-80,44-50,DE,Cash-Out Refinance,Primary,Co-op,ServicerC,2022
LN0008655,2021-11,96000,5.75,360,660-699,81-90,44-50,NE,Refinance,Primary,Multi-Family,ServicerA,2021
LN0008656,2020-11,417000,6.375,360,700-739,71-80,44-50,NE,Purchase,Primary,Single Family,ServicerD,2020
LN0008657,2018-10,124000,7.375,360,700-739,96-100,37-43,ID,Refinance,Primary,Co-op,ServicerE,2018
LN0008658,2018-01,261000,5.5,360,660-699,71-80,37-43,WY,Purchase,Primary,Single Family,ServicerE,2018
LN0008659,2019-04,142000,4.5,360,620-659,<=60,44-50,NE,Purchase,Primary,Condo,ServicerE,2019
LN0008660,2018-03,175000,6.625,360,780+,71-80,44-50,MS,Purchase,Primary,Co-op,ServicerE,2018
LN0008661,2018-12,136000,2.99,360,700-739,96-100,29-36,NE,Purchase,Primary,Co-op,ServicerC,2018
LN0008662,2018-01,130000,5.0,240,700-739,81-90,29-36,RI,Purchase,Primary,Multi-Family,ServicerD,2018
LN0008663,2021-11,79000,6.99,360,<620,<=60,44-50,NH,Refinance,Primary,Co-op,ServicerB,2021
LN0008664,2019-04,129000,2.8,360,700-739,<=60,37-43,WY,Refinance,Primary,PUD,ServicerA,2019
LN0008665,2018-12,199000,2.99,180,700-739,71-80,37-43,HI,Cash-Out Refinance,Investment,Single Family,ServicerE,2018
LN0008666,2018-07,122000,3.375,180,700-739,61-70,>50,NE,Refinance,Primary,PUD,ServicerB,2018
LN0008667,2020-11,228000,5.625,360,740-779,61-70,37-43,WY,Cash-Out Refinance,Primary,Co-op,ServicerB,2020
LN0008668,2022-04,397000,5.125,360,620-659,71-80,>50,ID,Cash-Out Refinance,Primary,Multi-Family,ServicerA,2022
LN0008669,2021-04,197000,2.75,180,660-699,<=60,37-43,ID,Refinance,Primary,Single Family,ServicerE,2021
LN0008670,2021-10,293000,2.58,360,740-779,91-95,44-50,DE,Purchase,Primary,Multi-Family,ServicerD,2021
LN0008671,2019-08,623000,3.0,240,780+,96-100,44-50,ID,Refinance,Primary,PUD,ServicerB,2019
LN0008672,2020-12,58000,3.375,180,620-659,<=60,>50,NE,Cash-Out Refinance,Primary,PUD,ServicerE,2020
LN0008673,2022-01,372000,2.5,360,700-739,<=60,37-43,NH,Refinance,Primary,PUD,ServicerE,2022
LN0008674,2021-03,51000,3.875,240,660-699,71-80,37-43,MT,Purchase,Primary,PUD,ServicerA,2021
LN0008675,2022-01,172000,3.75,180,<620,71-80,37-43,MT,Refinance,Primary,Multi-Family,ServicerA,2022
LN0008676,2018-03,185000,2.75,360,660-699,81-90,29-36,NH,Purchase,Primary,PUD,ServicerE,2018
LN0008677,2019-05,141000,8.625,360,620-659,<=60,37-43,DE,Cash-Out Refinance,Primary,Co-op,ServicerE,2019
LN0008678,2019-09,246000,2.625,360,740-779,71-80,,HI,Cash-Out Refinance,Primary,Multi-Family,ServicerE,2019
LN0008679,2022-04,277000,5.125,180,700-739,71-80,37-43,MT,Purchase,Primary,Multi-Family,ServicerA,2022
LN0008680,2018-12,147000,1.875,180,620-659,96-100,29-36,ID,Purchase,Primary,Single Family,ServicerC,2018
LN0008681,2018-04,71000,6.75,360,<620,81-90,44-50,NM,Cash-Out Refinance,Primary,Single Family,ServicerD,2018
LN0008682,2019-06,234000,2.375,180,740-779,<=60,29-36,ID,Refinance,Primary,Co-op,ServicerD,2019
LN0008683,2019-03,273000,7.5,360,620-659,71-80,44-50,DE,Refinance,Primary,PUD,ServicerD,2019
LN0008684,2021-11,168000,3.99,360,740-779,91-95,37-43,NM,Cash-Out Refinance,Primary,Multi-Family,ServicerB,2021
LN0008685,2022-05,128000,2.49,360,660-699,71-80,44-50,NV,Refinance,Primary,Co-op,ServicerA,2022
LN0008686,2022-07,239000,5.75,360,700-739,96-100,44-50,NE,Refinance,Primary,Condo,ServicerD,2022
LN0008687,2022-11,686000,3.125,360,660-699,<=60,29-36,ID,Refinance,Primary,Multi-Family,ServicerC,2022
LN0008688,2020-04,107000,2.99,360,620-659,71-80,37-43,NE,Purchase,Primary,Multi-Family,ServicerE,2020
LN0008689,2021-05,388000,2.95,360,660-699,61-70,37-43,KS,Purchase,Primary,Condo,ServicerB,2021
LN0008690,2020-12,79000,7.25,360,620-659,61-70,37-43,NE,Refinance,Primary,Multi-Family,ServicerD,2020
LN0008691,2019-09,278000,2.75,240,700-739,96-100,44-50,NM,Cash-Out Refinance,Primary,PUD,ServicerD,2019
LN0008692,2018-11,174000,4.25,360,740-779,91-95,37-43,ID,Refinance,Primary,Multi-Family,ServicerA,2018
LN0008693,2020-05,95000,2.99,240,660-699,96-100,37-43,ND,Refinance,Primary,Multi-Family,ServicerD,2020
LN0008694,2019-02,103000,2.375,360,<620,96-100,29-36,WY,Purchase,Primary,Co-op,ServicerE,2019
LN0008695,2018-02,96000,2.625,180,700-739,71-80,37-43,NE,Refinance,Primary,Single Family,ServicerD,2018
LN0008696,2021-06,237000,3.375,360,740-779,<=60,29-36,NH,Purchase,Primary,Single Family,ServicerD,2021
LN0008697,2018-10,213000,2.875,180,780+,<=60,44-50,NE,Refinance,Primary,Single Family,ServicerC,2018
LN0008698,2021-02,138000,7.153,180,700-739,91-95,37-43,AK,Refinance,Primary,Single Family,ServicerA,2021
LN0008699,2021-01,208000,3.0,360,700-739,96-100,>50,NE,Purchase,Primary,Condo,ServicerE,2021
LN0008700,2018-06,242000,5.99,360,700-739,71-80,29-36,MT,Refinance,Primary,Co-op,ServicerB,2018
LN0008701,2022-06,190000,5.9,360,780+,96-100,<=28,NM,Purchase,Primary,Single Family,ServicerA,2022
LN0008702,2022-11,133000,5.75,360,780+,,37-43,NH,Purchase,Primary,PUD,ServicerB,2022
LN0008703,2018-10,134000,4.0,360,660-699,71-80,29-36,ND,Purchase,Primary,Multi-Family,ServicerA,2018
LN0008704,2020-12,185000,3.125,360,660-699,81-90,44-50,ID,Cash-Out Refinance,Primary,Co-op,ServicerE,2020
LN0008705,2020-08,481000,2.5,360,660-699,71-80,44-50,DE,Refinance,Primary,Single Family,ServicerE,2020
LN0008706,2020-12,194000,4.0,360,700-739,96-100,37-43,ID,Cash-Out Refinance,Primary,Co-op,ServicerB,2020
LN0008707,2021-06,378000,7.75,180,740-779,<=60,37-43,ID,Refinance,Primary,Single Family,ServicerE,2021
LN0008708,2021-05,71000,6.25,360,700-739,81-90,29-36,VT,Cash-Out Refinance,Primary,Condo,ServicerC,2021
LN0008709,2021-06,73000,3.625,360,<620,91-95,>50,ND,Purchase,Primary,Co-op,ServicerE,2021
LN0008710,2022-12,130000,2.25,360,740-779,71-80,>50,NM,Cash-Out Refinance,Primary,Condo,ServicerD,2022
LN0008711,2019-04,92000,1.75,360,740-779,91-95,44-50,ID,Cash-Out Refinance,Primary,Condo,ServicerC,2019
LN0008712,2022-03,101000,2.625,360,660-699,91-95,37-43,ID,Refinance,Primary,Multi-Family,ServicerC,2022
LN0008713,2018-12,264000,3.75,120,740-779,>100,29-36,VT,Refinance,Primary,Condo,ServicerC,2018
LN0008714,2020-07,67000,3.375,120,700-739,<=60,>50,ND,Cash-Out Refinance,Primary,PUD,ServicerB,2020
LN0008715,2021-08,162000,2.25,360,780+,<=60,29-36,WV,Purchase,Primary,Co-op,ServicerE,2021
LN0008716,2020-07,312000,2.99,180,780+,61-70,<=28,MT,Refinance,Primary,Co-op,ServicerA,2020
LN0008717,2021-08,84000,6.375,180,700-739,96-100,29-36,NM,Refinance,Investment,Multi-Family,ServicerE,2021
LN0008718,2021-03,330000,2.99,360,,>100,37-43,ID,Refinance,Primary,Co-op,ServicerD,2021
LN0008719,2019-12,218000,6.15,240,780+,96-100,37-43,KS,Other,Primary,Condo,ServicerD,2019
LN0008720,2021-07,356000,4.24,360,700-739,<=60,37-43,NV,Purchase,Primary,PUD,ServicerE,2021
LN0008721,2018-03,92000,13.149,360,660-699,81-90,37-43,WY,Other,Primary,PUD,ServicerC,2018
LN0008722,2020-07,159000,6.061,360,740-779,<=60,44-50,ID,Cash-Out Refinance,Primary,Multi-Family,ServicerE,2020
LN0008723,2019-07,169000,2.5,360,660-699,>100,44-50,NH,Refinance,Primary,Single Family,ServicerA,2019
LN0008724,2020-01,130000,2.75,360,700-739,<=60,37-43,VT,Purchase,Secondary,Multi-Family,ServicerA,2020
LN0008725,2021-11,137000,3.0,360,,71-80,44-50,ID,Refinance,Secondary,Multi-Family,ServicerB,2021
LN0008726,2019-03,169000,3.25,360,740-779,96-100,44-50,KS,Refinance,Primary,PUD,ServicerE,2019
LN0008727,2022-03,158000,2.25,360,700-739,71-80,>50,KS,Purchase,Primary,Single Family,ServicerA,2022
LN0008728,2019-02,422000,7.74,360,660-699,71-80,37-43,,Purchase,Primary,PUD,ServicerE,2019
LN0008729,2018-07,89000,2.75,180,660-699,71-80,37-43,NM,Purchase,Primary,Single Family,ServicerD,2018
LN0008730,2021-03,298000,4.375,180,660-699,71-80,>50,ID,Purchase,Primary,Co-op,ServicerE,2021
LN0008731,2020-06,53000,9.49,360,620-659,91-95,37-43,NH,Other,Primary,Single Family,ServicerD,2020
LN0008732,2019-01,194000,3.75,360,740-779,,44-50,ID,Refinance,Investment,Co-op,ServicerD,2019
LN0008733,2021-07,200000,5.25,360,660-699,71-80,<=28,NE,Refinance,Primary,Condo,ServicerB,2021
LN0008734,2019-05,90000,3.25,180,700-739,61-70,37-43,NV,Other,Primary,Co-op,ServicerA,2019
LN0008735,2022-05,156000,2.5,360,700-739,71-80,44-50,SD,Refinance,Primary,Condo,ServicerC,2022
LN0008736,2019-04,438000,4.125,360,780+,96-100,44-50,NE,Cash-Out Refinance,Primary,Condo,ServicerB,2019
LN0008737,2021-10,164000,8.75,360,700-739,<=60,37-43,SD,Purchase,Investment,Condo,ServicerA,2021
LN0008738,2021-07,314000,6.999,180,<620,81-90,29-36,DE,Purchase,Primary,Co-op,ServicerA,2021
LN0008739,2021-03,119000,3.625,180,620-659,71-80,37-43,NE,Refinance,Primary,PUD,ServicerC,2021
LN0008740,2021-11,153000,5.25,360,700-739,71-80,<=28,NM,Cash-Out Refinance,Primary,Multi-Family,ServicerE,2021
LN0008741,2018-06,59000,5.99,180,700-739,91-95,29-36,KS,Purchase,Primary,Multi-Family,ServicerC,2018
LN0008742,2018-02,562000,3.0,360,700-739,71-80,29-36,ID,Purchase,Primary,Single Family,ServicerB,2018
LN0008743,2020-12,97000,4.75,360,700-739,<=60,<=28,SD,Purchase,Primary,Co-op,ServicerE,2020
LN0008744,2021-10,228000,4.95,360,<620,71-80,44-50,NE,Purchase,Primary,Co-op,ServicerD,2021
LN0008745,2020-03,251000,2.75,360,,71-80,37-43,,Refinance,Primary,Condo,ServicerB,2020
LN0008746,2019-09,149000,3.25,360,700-739,71-80,44-50,WY,Refinance,Primary,Co-op,ServicerD,2019
LN0008747,2021-04,48000,3.125,360,,81-90,44-50,MT,Purchase,Primary,Condo,ServicerA,2021
LN0008748,2021-08,161000,2.875,240,620-659,71-80,44-50,SD,Purchase,Investment,Co-op,ServicerE,2021
LN0008749,2018-05,106000,3.625,360,620-659,91-95,29-36,NE,Refinance,Primary,Co-op,ServicerE,2018
LN0008750,2019-06,183000,3.625,180,620-659,<=60,37-43,ID,Cash-Out Refinance,Primary,Multi-Family,ServicerA,2019
LN0008751,2020-11,138000,4.99,360,740-779,96-100,<=28,NH,Refinance,Primary,Condo,ServicerD,2020
LN0008752,2022-07,297000,3.25,360,620-659,96-100,44-50,NV,Purchase,Primary,Co-op,ServicerC,2022
LN0008753,2022-02,116000,3.125,360,660-699,96-100,37-43,MT,Refinance,Primary,PUD,ServicerC,2022
LN0008754,2022-03,72000,2.5,180,620-659,96-100,37-43,RI,Refinance,Investment,PUD,ServicerB,2022
LN0008755,2022-05,115000,4.0,360,780+,96-100,>50,NH,Purchase,Primary,PUD,ServicerA,2022
LN0008756,2020-12,316000,6.49,360,780+,71-80,37-43,ID,Refinance,Primary,PUD,ServicerC,2020
LN0008757,2020-12,124000,2.25,360,660-699,61-70,37-43,ID,Cash-Out Refinance,Primary,PUD,ServicerD,2020
LN0008758,2019-06,105000,6.25,360,660-699,96-100,29-36,ID,Refinance,Primary,Condo,ServicerB,2019
LN0008759,2022-08,149000,3.25,360,660-699,<=60,44-50,NV,Purchase,Primary,Single Family,ServicerC,2022
LN0008760,2018-01,151000,6.875,360,700-739,<=60,37-43,NH,Other,Primary,Condo,ServicerB,2018
LN0008761,2021-06,218000,4.3,360,,<=60,<=28,MS,Other,Primary,Single Family,ServicerA,2021
LN0008762,2021-04,149000,3.375,360,740-779,>100,29-36,NE,Cash-Out Refinance,Primary,Co-op,ServicerD,2021
LN0008763,2019-06,196000,9.25,360,700-739,96-100,>50,WV,Purchase,Primary,Co-op,ServicerE,2019
LN0008764,2019-06,66000,3.0,360,780+,<=60,44-50,NH,Cash-Out Refinance,Primary,Multi-Family,ServicerB,2019
LN0008765,2021-05,71000,2.25,360,620-659,71-80,>50,AK,Purchase,Primary,Condo,ServicerE,2021
LN0008766,2022-06,221000,5.875,360,740-779,<=60,37-43,NH,Purchase,Primary,PUD,ServicerA,2022
LN0008767,2022-06,344000,6.625,360,740-779,71-80,44-50,ID,Purchase,Primary,Condo,ServicerA,2022
LN0008768,2019-03,165000,4.625,180,620-659,96-100,37-43,NV,Refinance,Primary,Single Family,ServicerB,2019
LN0008769,2020-11,422000,2.875,180,700-739,91-95,29-36,NE,Refinance,Primary,PUD,ServicerD,2020
LN0008770,2022-04,93000,7.5,240,620-659,<=60,29-36,RI,Refinance,Primary,Single Family,ServicerA,2022
LN0008771,2022-10,115000,2.375,180,660-699,<=60,37-43,DE,Purchase,Primary,Co-op,ServicerB,2022
LN0008772,2019-04,481000,2.625,360,660-699,<=60,29-36,ID,Purchase,Primary,PUD,ServicerA,2019
LN0008773,2021-10,96000,9.49,360,700-739,71-80,37-43,NM,Purchase,Primary,Co-op,ServicerD,2021
LN0008774,2021-01,122000,3.375,360,700-739,71-80,<=28,ID,Purchase,Primary,Single Family,ServicerA,2021
LN0008775,2020-09,95000,3.25,120,780+,71-80,>50,NE,Purchase,Primary,Single Family,ServicerD,2020
LN0008776,2018-07,294000,2.99,360,620-659,81-90,44-50,NM,Purchase,Primary,Single Family,ServicerA,2018
LN0008777,2019-10,174000,3.0,360,780+,<=60,<=28,NE,Refinance,Primary,Single Family,ServicerD,2019
LN0008778,2020-02,68000,2.875,360,660-699,81-90,37-43,ID,Purchase,Primary,Multi-Family,ServicerD,2020
LN0008779,2022-08,109000,5.375,360,740-779,>100,37-43,MT,Purchase,Primary,PUD,ServicerA,2022
LN0008780,2021-10,143000,2.625,360,660-699,96-100,>50,SD,Purchase,Primary,PUD,ServicerC,2021
LN0008781,2020-02,93000,3.99,360,620-659,<=60,44-50,DE,Cash-Out Refinance,Primary,Co-op,ServicerA,2020
LN0008782,2021-07,163000,2.75,180,780+,<=60,29-36,NH,Cash-Out Refinance,Primary,PUD,ServicerE,2021
LN0008783,2019-05,75000,5.0,120,660-699,81-90,37-43,,Purchase,Primary,Co-op,ServicerE,2019
LN0008784,2019-06,424000,2.99,360,740-779,81-90,44-50,AK,Purchase,Primary,PUD,ServicerA,2019
LN0008785,2018-08,71000,3.375,120,700-739,71-80,44-50,ID,Cash-Out Refinance,Primary,Single Family,ServicerB,2018
LN0008786,2019-04,161000,5.875,240,700-739,71-80,44-50,,Purchase,Primary,PUD,ServicerD,2019
LN0008787,2018-06,102000,4.25,360,700-739,71-80,44-50,MT,Purchase,Investment,Single Family,ServicerC,2018
LN0008788,2020-10,61000,2.625,360,740-779,96-100,44-50,NH,Purchase,Primary,Condo,ServicerC,2020
LN0008789,2021-09,114000,3.375,360,620-659,96-100,37-43,WV,Purchase,Primary,PUD,ServicerB,2021
LN0008790,2019-05,135000,6.625,240,740-779,81-90,44-50,RI,Other,Primary,Multi-Family,ServicerE,2019
LN0008791,2020-08,211000,2.625,360,780+,<=60,37-43,ID,Cash-Out Refinance,Primary,Multi-Family,ServicerE,2020
LN0008792,2020-10,252000,3.625,360,<620,71-80,<=28,NM,Purchase,Primary,PUD,ServicerE,2020
LN0008793,2022-04,196000,9.45,240,620-659,81-90,37-43,KS,Purchase,Investment,Condo,ServicerB,2022
LN0008794,2019-10,101000,2.999,360,740-779,71-80,>50,MT,Cash-Out Refinance,Primary,Condo,ServicerD,2019
LN0008795,2022-02,112000,3.25,240,700-739,<=60,37-43,ND,Cash-Out Refinance,Primary,PUD,ServicerC,2022
LN0008796,2020-12,364000,6.125,360,700-739,71-80,37-43,WV,Purchase,Primary,Multi-Family,ServicerB,2020
LN0008797,2018-12,166000,4.125,360,620-659,71-80,>50,RI,Purchase,Investment,PUD,ServicerA,2018
LN0008798,2019-09,168000,8.125,360,700-739,61-70,37-43,SD,Cash-Out Refinance,Primary,Co-op,ServicerE,2019
LN0008799,2022-05,67000,4.375,360,620-659,71-80,44-50,MT,Refinance,Secondary,PUD,ServicerA,2022
LN0008800,2019-07,164000,4.313,360,700-739,61-70,29-36,NE,Purchase,Primary,Single Family,ServicerA,2019
LN0008801,2021-12,199000,3.625,360,740-779,<=60,37-43,NV,Purchase,Primary,Co-op,ServicerC,2021
LN0008802,2018-05,158000,9.625,360,660-699,71-80,44-50,NM,Purchase,Primary,Single Family,ServicerE,2018
LN0008803,2020-04,88000,4.75,120,700-739,<=60,44-50,RI,Cash-Out Refinance,Primary,Multi-Family,ServicerD,2020
LN0008804,2019-05,122000,3.54,180,780+,<=60,44-50,WV,Purchase,Primary,Multi-Family,ServicerB,2019
LN0008805,2018-01,203000,4.25,360,740-779,<=60,44-50,ID,Cash-Out Refinance,Primary,Co-op,ServicerA,2018
LN0008806,2021-02,121000,2.25,360,780+,61-70,44-50,AK,Purchase,Primary,Co-op,ServicerD,2021
LN0008807,2020-08,169000,6.5,360,700-739,<=60,>50,DE,Purchase,Primary,Multi-Family,ServicerE,2020
LN0008808,2019-08,89000,5.85,360,740-779,71-80,44-50,,Refinance,Primary,Co-op,ServicerB,2019
LN0008809,2021-09,80000,2.5,180,<620,96-100,37-43,NE,Refinance,Primary,Single Family,ServicerC,2021
LN0008810,2019-10,177000,6.125,360,620-659,71-80,>50,NM,Purchase,Primary,Co-op,ServicerB,2019
LN0008811,2021-06,225000,6.99,180,660-699,71-80,37-43,NM,Purchase,Primary,Condo,ServicerA,2021
LN0008812,2018-05,254000,4.375,180,700-739,96-100,29-36,SD,Cash-Out Refinance,Primary,Multi-Family,ServicerB,2018
LN0008813,2021-05,141000,4.99,360,780+,,>50,AK,Purchase,Primary,PUD,ServicerD,2021
LN0008814,2019-12,124000,1.69,360,660-699,91-95,<=28,NE,Refinance,Primary,Co-op,ServicerB,2019
LN0008815,2022-08,90000,2.75,180,740-779,61-70,44-50,ID,Cash-Out Refinance,Investment,Condo,ServicerB,2022
LN0008816,2020-03,150000,7.25,360,740-779,96-100,37-43,RI,Refinance,Primary,Single Family,ServicerA,2020
LN0008817,2022-03,101000,2.75,360,700-739,71-80,44-50,NV,Purchase,Primary,Co-op,ServicerD,2022
LN0008818,2020-01,109000,8.0,360,660-699,71-80,29-36,NM,Refinance,Primary,Multi-Family,ServicerD,2020
LN0008819,2018-01,182000,2.875,120,700-739,<=60,29-36,SD,Cash-Out Refinance,Primary,Multi-Family,ServicerB,2018
LN0008820,2020-09,203000,3.0,360,660-699,71-80,>50,WV,Refinance,Primary,Multi-Family,ServicerB,2020
LN0008821,2021-06,193000,3.375,360,620-659,81-90,37-43,NE,Cash-Out Refinance,Primary,PUD,ServicerA,2021
LN0008822,2019-06,328000,3.375,360,780+,<=60,29-36,AK,Cash-Out Refinance,Primary,Multi-Family,ServicerC,2019
LN0008823,2021-09,210000,7.5,120,620-659,<=60,44-50,ID,Cash-Out Refinance,Investment,Single Family,ServicerE,2021
LN0008824,2018-11,60000,2.875,180,<620,71-80,,RI,Refinance,Primary,Condo,ServicerA,2018
LN0008825,2021-11,175000,7.0,180,780+,71-80,44-50,HI,Purchase,Primary,Co-op,ServicerE,2021
LN0008826,2020-07,116000,5.005,360,660-699,<=60,29-36,MS,Refinance,Primary,Multi-Family,ServicerB,2020
LN0008827,2019-06,394000,8.065,180,740-779,81-90,>50,NE,Purchase,Secondary,PUD,ServicerD,2019
LN0008828,2022-01,113000,2.75,360,660-699,91-95,29-36,NE,Refinance,Primary,Condo,ServicerA,2022
LN0008829,2020-06,176000,7.375,360,700-739,71-80,44-50,WY,Refinance,Primary,Single Family,ServicerA,2020
LN0008830,2022-10,39000,2.99,240,660-699,71-80,37-43,NH,Cash-Out Refinance,Primary,Co-op,ServicerE,2022
LN0008831,2018-09,164000,2.625,360,660-699,<=60,<=28,NE,Purchase,Primary,Multi-Family,ServicerD,2018
LN0008832,2018-12,96000,3.5,240,700-739,<=60,37-43,ID,Cash-Out Refinance,Primary,Condo,ServicerB,2018
LN0008833,2019-08,123000,5.25,360,740-779,<=60,29-36,DE,Purchase,Primary,Co-op,ServicerA,2019
LN0008834,2018-02,83000,6.5,360,700-739,<=60,44-50,NM,Refinance,Primary,PUD,ServicerA,2018
LN0008835,2019-03,152000,3.5,360,780+,71-80,29-36,ND,Refinance,Primary,PUD,ServicerB,2019
LN0008836,2018-09,364000,2.375,360,<620,71-80,44-50,HI,Refinance,Primary,Co-op,ServicerE,2018
LN0008837,2019-12,251000,6.625,360,700-739,96-100,44-50,NE,Purchase,Primary,Single Family,ServicerB,2019
LN0008838,2019-02,99000,4.875,180,700-739,61-70,<=28,VT,Cash-Out Refinance,Primary,Condo,ServicerD,2019
LN0008839,2020-06,260000,2.75,360,780+,71-80,44-50,KS,Purchase,Primary,Multi-Family,ServicerA,2020
LN0008840,2020-02,105000,3.875,120,<620,<=60,37-43,WY,Cash-Out Refinance,Primary,Co-op,ServicerC,2020
LN0008841,2021-06,126000,3.25,180,700-739,<=60,37-43,MT,Purchase,Primary,Co-op,ServicerD,2021
LN0008842,2018-08,246000,3.875,240,780+,<=60,44-50,VT,Refinance,Primary,PUD,ServicerB,2018
LN0008843,2021-09,387000,3.317,360,660-699,71-80,37-43,AK,Purchase,Primary,Condo,ServicerB,2021
LN0008844,2018-09,140000,3.875,360,780+,96-100,37-43,NM,Cash-Out Refinance,Primary,Multi-Family,ServicerA,2018
LN0008845,2021-11,126000,5.75,240,<620,96-100,44-50,HI,Refinance,Primary,Single Family,ServicerE,2021
LN0008846,2021-12,147000,2.99,180,740-779,71-80,44-50,NM,Cash-Out Refinance,Primary,Co-op,ServicerE,2021
LN0008847,2019-09,295000,5.25,180,780+,61-70,37-43,NM,Cash-Out Refinance,Primary,PUD,ServicerC,2019
LN0008848,2018-04,101000,6.25,360,740-779,61-70,29-36,RI,Purchase,Primary,Multi-Family,ServicerC,2018
LN0008849,2021-03,520000,3.25,360,700-739,81-90,37-43,AK,Purchase,Primary,Multi-Family,ServicerA,2021
LN0008850,2018-05,78000,2.875,360,<620,61-70,44-50,WV,Refinance,Primary,PUD,ServicerE,2018
LN0008851,2019-04,211000,5.625,120,780+,91-95,29-36,NE,Refinance,Primary,Co-op,ServicerE,2019
LN0008852,2018-11,78000,2.5,360,700-739,<=60,>50,NV,Purchase,Primary,Co-op,ServicerD,2018
LN0008853,2022-01,74000,4.0,360,<620,61-70,37-43,DE,Cash-Out Refinance,Secondary,Single Family,ServicerD,2022
LN0008854,2018-11,271000,4.75,240,740-779,71-80,37-43,KS,Cash-Out Refinance,Primary,Single Family,ServicerA,2018
LN0008855,2019-08,120000,5.54,360,700-739,61-70,44-50,WY,Refinance,Secondary,Co-op,ServicerB,2019
LN0008856,2018-01,81000,2.5,360,620-659,71-80,37-43,NH,Refinance,Primary,Single Family,ServicerE,2018
LN0008857,2019-04,123000,5.875,180,660-699,81-90,29-36,NH,Refinance,Primary,Single Family,ServicerA,2019
LN0008858,2019-03,108000,2.75,180,<620,>100,,AK,Refinance,Primary,Single Family,ServicerB,2019
LN0008859,2022-06,235000,3.125,360,700-739,96-100,37-43,NM,Refinance,Primary,PUD,ServicerE,2022
LN0008860,2020-07,149000,8.49,180,740-779,>100,37-43,AK,Purchase,Primary,Co-op,ServicerE,2020
LN0008861,2021-01,220000,2.99,360,700-739,81-90,44-50,ND,Purchase,Primary,Condo,ServicerE,2021
LN0008862,2022-05,150000,2.49,360,740-779,91-95,44-50,NH,Refinance,Primary,PUD,ServicerA,2022
LN0008863,2021-01,235000,3.625,360,780+,81-90,<=28,ID,Other,Primary,Co-op,ServicerB,2021
LN0008864,2021-09,155000,6.99,360,740-779,61-70,44-50,ID,Cash-Out Refinance,Primary,PUD,ServicerB,2021
LN0008865,2018-01,178000,7.69,360,<620,71-80,44-50,NH,Purchase,Primary,PUD,ServicerB,2018
LN0008866,2019-10,154000,6.125,360,740-779,71-80,29-36,KS,Cash-Out Refinance,Secondary,PUD,ServicerE,2019
LN0008867,2018-04,293000,6.99,180,700-739,71-80,37-43,ID,Cash-Out Refinance,Primary,Single Family,ServicerD,2018
LN0008868,2019-10,245000,2.25,360,700-739,<=60,>50,NH,Refinance,Primary,Condo,ServicerC,2019
LN0008869,2021-01,175000,2.625,180,740-779,61-70,29-36,ID,Purchase,Primary,Co-op,ServicerA,2021
LN0008870,2020-12,29000,5.75,360,660-699,71-80,37-43,ID,Refinance,Primary,Multi-Family,ServicerB,2020
LN0008871,2018-10,98000,5.25,240,,61-70,37-43,NV,Cash-Out Refinance,Primary,Condo,ServicerB,2018
LN0008872,2020-09,63000,3.5,180,620-659,81-90,44-50,KS,Purchase,Investment,Condo,ServicerB,2020
LN0008873,2019-07,342000,2.5,360,740-779,81-90,>50,,Purchase,Primary,Condo,ServicerC,2019
LN0008874,2019-03,192000,4.5,180,<620,71-80,37-43,RI,Refinance,Primary,PUD,ServicerB,2019
LN0008875,2022-01,190000,4.875,360,780+,91-95,29-36,AK,Purchase,Primary,Multi-Family,ServicerB,2022
LN0008876,2022-05,176000,3.062,360,620-659,61-70,37-43,ID,Refinance,Secondary,Multi-Family,ServicerD,2022
LN0008877,2020-09,216000,2.5,360,620-659,<=60,44-50,NH,Cash-Out Refinance,Primary,Multi-Family,ServicerB,2020
LN0008878,2020-09,255000,2.99,360,660-699,<=60,37-43,NE,Purchase,Primary,Single Family,ServicerA,2020
LN0008879,2021-03,54000,9.4,360,660-699,<=60,44-50,ID,Cash-Out Refinance,Primary,Co-op,ServicerE,2021
LN0008880,2019-10,318000,2.875,360,660-699,71-80,37-43,RI,Purchase,Primary,Multi-Family,ServicerA,2019
LN0008881,2020-06,307000,2.625,360,,81-90,29-36,MT,Refinance,Primary,Single Family,ServicerB,2020
LN0008882,2019-06,166000,5.375,180,700-739,71-80,44-50,SD,Refinance,Secondary,Single Family,ServicerB,2019
LN0008883,2020-07,274000,3.0,240,<620,<=60,<=28,RI,Refinance,Primary,Single Family,ServicerA,2020
LN0008884,2018-11,176000,6.25,360,660-699,61-70,>50,,Purchase,Primary,Single Family,ServicerB,2018
LN0008885,2020-08,337000,6.0,360,740-779,<=60,,RI,Cash-Out Refinance,Primary,Single Family,ServicerC,2020
LN0008886,2018-08,97000,2.875,360,740-779,,44-50,DE,Cash-Out Refinance,Primary,PUD,ServicerC,2018
LN0008887,2022-11,106000,7.0,360,740-779,81-90,29-36,SD,Purchase,Primary,PUD,ServicerC,2022
LN0008888,2022-07,363000,2.75,360,740-779,<=60,<=28,SD,Refinance,Primary,Single Family,ServicerC,2022
LN0008889,2019-03,195000,4.25,180,660-699,61-70,<=28,NE,Refinance,Primary,Condo,ServicerB,2019
LN0008890,2018-01,210000,4.5,180,620-659,<=60,<=28,AK,Purchase,Primary,Multi-Family,ServicerC,2018
LN0008891,2021-02,70000,7.375,360,660-699,96-100,44-50,AK,Purchase,Primary,PUD,ServicerB,2021
LN0008892,2019-04,146000,3.5,360,780+,96-100,44-50,VT,Refinance,Primary,Co-op,ServicerC,2019
LN0008893,2022-12,165000,2.875,360,780+,71-80,<=28,KS,Refinance,Primary,Single Family,ServicerC,2022
LN0008894,2020-12,152000,3.125,360,700-739,71-80,37-43,RI,Other,Primary,Single Family,ServicerD,2020
LN0008895,2019-10,156000,4.3,360,<620,71-80,44-50,,Refinance,Primary,Condo,ServicerC,2019
LN0008896,2020-06,270000,2.875,120,620-659,71-80,44-50,NH,Refinance,Primary,Co-op,ServicerA,2020
LN0008897,2021-01,76000,2.875,360,660-699,61-70,29-36,NE,Refinance,Primary,Multi-Family,ServicerC,2021
LN0008898,2019-10,209000,5.0,360,700-739,71-80,<=28,ID,Other,Primary,Condo,ServicerE,2019
LN0008899,2020-04,189000,5.5,180,<620,96-100,37-43,NE,Refinance,Investment,Condo,ServicerE,2020
LN0008900,2022-01,275000,2.75,360,780+,<=60,37-43,SD,Purchase,Investment,Co-op,ServicerE,2022
LN0008901,2020-01,205000,3.104,360,660-699,,37-43,WY,Purchase,Primary,Co-op,ServicerD,2020
LN0008902,2019-03,140000,6.375,360,780+,96-100,<=28,MT,Refinance,Primary,Condo,ServicerE,2019
LN0008903,2020-04,117000,7.0,360,740-779,71-80,29-36,WV,Purchase,Primary,PUD,ServicerB,2020
LN0008904,2021-12,236000,2.75,360,740-779,71-80,29-36,ID,Cash-Out Refinance,Primary,Condo,ServicerE,2021
LN0008905,2021-12,131000,3.5,360,,81-90,>50,ID,Cash-Out Refinance,Primary,PUD,ServicerA,2021
LN0008906,2020-08,129000,3.25,360,740-779,91-95,44-50,,Other,Primary,Condo,ServicerA,2020
LN0008907,2021-10,178000,2.875,360,740-779,91-95,44-50,NH,Refinance,Primary,Condo,ServicerD,2021
LN0008908,2019-08,178000,3.125,360,740-779,61-70,37-43,WY,Purchase,Primary,PUD,ServicerC,2019
LN0008909,2021-09,295000,3.875,180,700-739,96-100,<=28,DE,Purchase,Primary,Co-op,ServicerE,2021
LN0008910,2022-05,196000,2.875,360,780+,61-70,37-43,WV,Purchase,Primary,Multi-Family,ServicerD,2022
LN0008911,2019-02,277000,8.65,360,740-779,96-100,44-50,NM,Purchase,Primary,Co-op,ServicerE,2019
LN0008912,2022-02,168000,3.0,180,740-779,96-100,37-43,HI,Other,Primary,Co-op,ServicerA,2022
LN0008913,2018-01,96000,8.0,360,780+,<=60,37-43,ND,Purchase,Primary,Condo,ServicerC,2018
LN0008914,2022-01,249000,5.0,240,660-699,91-95,44-50,ID,Cash-Out Refinance,Primary,Condo,ServicerE,2022
LN0008915,2018-05,530000,4.95,360,620-659,81-90,,NH,Purchase,Primary,Condo,ServicerA,2018
LN0008916,2018-05,120000,4.5,360,700-739,61-70,29-36,NE,Purchase,Primary,Multi-Family,ServicerC,2018
LN0008917,2021-07,43000,3.0,360,700-739,61-70,<=28,ID,Purchase,Primary,Multi-Family,ServicerB,2021
LN0008918,2022-03,62000,3.125,360,780+,71-80,44-50,NE,Purchase,Primary,PUD,ServicerC,2022
LN0008919,2018-01,150000,2.875,120,700-739,71-80,37-43,WV,Purchase,Primary,PUD,ServicerE,2018
LN0008920,2020-04,287000,5.561,360,700-739,61-70,37-43,NE,Refinance,Primary,Co-op,ServicerC,2020
LN0008921,2019-07,85000,2.25,360,700-739,<=60,>50,HI,Purchase,Primary,Multi-Family,ServicerC,2019
LN0008922,2020-02,876000,3.625,360,<620,<=60,37-43,NV,Purchase,Primary,Co-op,ServicerD,2020
LN0008923,2020-07,170000,3.5,180,740-779,71-80,<=28,KS,Purchase,Primary,Single Family,ServicerD,2020
LN0008924,2018-05,213000,4.5,360,780+,71-80,44-50,NE,Purchase,Primary,PUD,ServicerD,2018
LN0008925,2018-02,419000,5.875,360,620-659,96-100,<=28,AK,Purchase,Primary,Multi-Family,ServicerA,2018
LN0008926,2020-03,119000,4.5,180,700-739,>100,>50,NM,Purchase,Primary,Condo,ServicerD,2020
LN0008927,2020-08,144000,4.75,360,700-739,81-90,44-50,NE,Purchase,Investment,Condo,ServicerB,2020
LN0008928,2019-02,200000,5.875,360,620-659,71-80,>50,VT,Refinance,Primary,Co-op,ServicerC,2019
LN0008929,2018-08,299000,4.875,240,,96-100,37-43,NE,Purchase,Primary,Co-op,ServicerC,2018
LN0008930,2019-01,262000,2.75,360,780+,91-95,<=28,NH,Purchase,Primary,PUD,ServicerB,2019
LN0008931,2018-02,157000,2.0,360,700-739,61-70,<=28,NH,Refinance,Primary,Multi-Family,ServicerA,2018
LN0008932,2019-08,40000,6.99,360,660-699,71-80,37-43,NH,Cash-Out Refinance,Primary,PUD,ServicerB,2019
LN0008933,2022-12,243000,3.875,360,620-659,81-90,29-36,,Refinance,Primary,Condo,ServicerA,2022
LN0008934,2022-05,223000,10.25,360,740-779,,<=28,ND,Cash-Out Refinance,Primary,PUD,ServicerA,2022
LN0008935,2020-01,401000,6.25,360,740-779,<=60,>50,AK,Refinance,Primary,Single Family,ServicerC,2020
LN0008936,2022-08,181000,2.75,180,740-779,81-90,37-43,MS,Purchase,Primary,Multi-Family,ServicerE,2022
LN0008937,2018-12,43000,4.625,360,620-659,91-95,37-43,,Cash-Out Refinance,Primary,Condo,ServicerA,2018
LN0008938,2019-04,160000,2.875,360,780+,61-70,29-36,WY,Purchase,Primary,Single Family,ServicerD,2019
LN0008939,2018-07,179000,5.125,360,700-739,71-80,29-36,NM,Purchase,Primary,Single Family,ServicerB,2018
LN0008940,2021-01,212000,2.625,180,660-699,96-100,>50,NE,Cash-Out Refinance,Primary,Co-op,ServicerA,2021
LN0008941,2018-08,136000,8.0,360,700-739,96-100,37-43,NM,Refinance,Primary,Condo,ServicerE,2018
LN0008942,2021-08,92000,3.125,360,700-739,81-90,37-43,NH,Cash-Out Refinance,Primary,Condo,ServicerA,2021
LN0008943,2021-03,782000,2.5,360,780+,<=60,29-36,KS,Purchase,Primary,Condo,ServicerC,2021
LN0008944,2018-10,147000,6.875,180,780+,71-80,29-36,ID,Purchase,Primary,Single Family,ServicerD,2018
LN0008945,2018-11,99000,4.75,360,660-699,<=60,29-36,MT,Refinance,Investment,PUD,ServicerC,2018
LN0008946,2018-05,112000,6.75,360,780+,61-70,44-50,MT,Purchase,Investment,Single Family,ServicerC,2018
LN0008947,2020-12,173000,2.69,360,740-779,71-80,44-50,NE,Purchase,Primary,Multi-Family,ServicerE,2020
LN0008948,2021-04,57000,2.375,360,780+,<=60,44-50,AK,Purchase,Primary,Co-op,ServicerD,2021
LN0008949,2020-01,126000,4.125,360,660-699,<=60,44-50,NH,Refinance,Primary,Condo,ServicerC,2020
LN0008950,2020-04,115000,2.875,180,700-739,<=60,29-36,NE,Refinance,Primary,Condo,ServicerA,2020
LN0008951,2019-12,231000,3.375,360,660-699,<=60,37-43,NE,Cash-Out Refinance,Primary,Condo,ServicerA,2019
LN0008952,2021-01,94000,7.25,360,780+,<=60,29-36,MT,Purchase,Primary,Single Family,ServicerC,2021
LN0008953,2018-10,175000,2.875,240,<620,<=60,44-50,MS,Purchase,Primary,Single Family,ServicerA,2018
LN0008954,2021-09,104000,2.75,360,700-739,71-80,37-43,ID,Purchase,Primary,Single Family,ServicerE,2021
LN0008955,2021-04,144000,3.9,360,660-699,<=60,29-36,NE,Purchase,Primary,Multi-Family,ServicerE,2021
LN0008956,2018-05,144000,7.999,360,660-699,61-70,29-36,AK,Cash-Out Refinance,Primary,Condo,ServicerD,2018
LN0008957,2020-02,121000,8.9,360,740-779,81-90,37-43,,Purchase,Primary,PUD,ServicerC,2020
LN0008958,2022-06,336000,3.25,180,780+,81-90,37-43,NE,Purchase,Primary,Single Family,ServicerB,2022
LN0008959,2021-08,265000,2.875,360,740-779,71-80,44-50,ID,Cash-Out Refinance,Primary,Single Family,ServicerD,2021
LN0008960,2022-03,98000,5.25,180,780+,<=60,37-43,SD,Cash-Out Refinance,Primary,Co-op,ServicerD,2022
LN0008961,2020-11,338000,3.5,240,660-699,71-80,>50,NE,Purchase,Primary,Multi-Family,ServicerE,2020
LN0008962,2020-12,163000,3.0,180,700-739,<=60,<=28,RI,Refinance,Primary,Multi-Family,ServicerE,2020
LN0008963,2022-09,174000,6.0,360,700-739,61-70,37-43,NE,Cash-Out Refinance,Primary,Condo,ServicerE,2022
LN0008964,2019-06,230000,6.75,360,<620,96-100,<=28,KS,Refinance,Primary,Single Family,ServicerB,2019
LN0008965,2020-07,162000,6.5,180,700-739,61-70,29-36,MT,Purchase,Primary,Single Family,ServicerE,2020
LN0008966,2019-10,215000,8.15,360,740-779,71-80,37-43,AK,Refinance,Primary,PUD,ServicerE,2019
LN0008967,2021-06,125000,5.64,360,,96-100,37-43,ID,Cash-Out Refinance,Primary,PUD,ServicerB,2021
LN0008968,2021-06,90000,4.75,360,740-779,71-80,>50,DE,Refinance,Primary,Single Family,ServicerE,2021
LN0008969,2020-03,296000,4.25,360,700-739,<=60,,VT,Cash-Out Refinance,Primary,Multi-Family,ServicerE,2020
LN0008970,2021-11,81000,4.0,180,<620,71-80,37-43,KS,Purchase,Primary,Co-op,ServicerC,2021
LN0008971,2022-07,389000,3.625,180,620-659,91-95,29-36,NM,Purchase,Secondary,Multi-Family,ServicerE,2022
LN0008972,2020-07,199000,2.375,180,700-739,<=60,37-43,NE,Refinance,Primary,Condo,ServicerA,2020
LN0008973,2018-10,54000,7.125,360,660-699,<=60,<=28,ND,Refinance,Investment,Single Family,ServicerD,2018
LN0008974,2020-03,233000,2.49,360,<620,<=60,>50,NM,Refinance,Primary,Single Family,ServicerA,2020
LN0008975,2020-06,926000,4.625,360,700-739,,<=28,ND,Purchase,Primary,Condo,ServicerE,2020
LN0008976,2021-08,279000,3.875,360,700-739,<=60,<=28,NM,Cash-Out Refinance,Primary,Single Family,ServicerE,2021
LN0008977,2022-11,114000,4.625,360,660-699,71-80,37-43,HI,Refinance,Investment,Multi-Family,ServicerE,2022
LN0008978,2019-01,430000,5.25,360,740-779,<=60,>50,AK,Purchase,Primary,Single Family,ServicerC,2019
LN0008979,2020-09,261000,3.375,360,740-779,61-70,44-50,ID,Refinance,Primary,Multi-Family,ServicerB,2020
LN0008980,2019-10,208000,4.875,360,,<=60,>50,ID,Purchase,Investment,Co-op,ServicerA,2019
LN0008981,2020-09,163000,3.0,360,740-779,71-80,44-50,NH,Purchase,Primary,Condo,ServicerA,2020
LN0008982,2019-10,284000,3.0,360,740-779,<=60,37-43,SD,Refinance,Primary,Single Family,ServicerE,2019
LN0008983,2019-04,161000,2.75,360,740-779,61-70,37-43,SD,Purchase,Primary,Multi-Family,ServicerA,2019
LN0008984,2021-02,139000,4.875,180,700-739,,37-43,DE,Purchase,Primary,Single Family,ServicerD,2021
LN0008985,2021-02,319000,7.25,360,<620,71-80,44-50,ID,Cash-Out Refinance,Primary,Multi-Family,ServicerD,2021
LN0008986,2022-09,222000,2.99,360,740-779,61-70,<=28,KS,Cash-Out Refinance,Primary,Condo,ServicerE,2022
LN0008987,2018-09,293000,3.125,180,660-699,71-80,,SD,Refinance,Primary,Co-op,ServicerD,2018
LN0008988,2018-10,428000,6.25,180,780+,96-100,37-43,NE,Purchase,Primary,Co-op,ServicerB,2018
LN0008989,2018-05,87000,4.625,360,740-779,,44-50,WY,Purchase,Primary,Multi-Family,ServicerE,2018
LN0008990,2022-11,81000,3.875,360,700-739,96-100,>50,ID,Purchase,Investment,Co-op,ServicerB,2022
LN0008991,2019-12,381000,2.75,180,660-699,71-80,44-50,WY,Refinance,Primary,PUD,ServicerE,2019
LN0008992,2019-11,186000,3.687,240,,91-95,<=28,NM,Purchase,Primary,PUD,ServicerC,2019
LN0008993,2020-08,113000,2.75,360,660-699,71-80,37-43,ID,Cash-Out Refinance,Primary,Condo,ServicerA,2020
LN0008994,2018-06,221000,6.375,120,700-739,71-80,44-50,ID,Purchase,Secondary,Co-op,ServicerE,2018
LN0008995,2020-09,278000,3.9,360,660-699,61-70,37-43,WY,Refinance,Primary,PUD,ServicerA,2020
LN0008996,2021-09,78000,1.875,240,700-739,71-80,37-43,MT,Purchase,Primary,Co-op,ServicerD,2021
LN0008997,2021-04,192000,5.5,360,620-659,91-95,44-50,VT,Purchase,Primary,Single Family,ServicerA,2021
LN0008998,2022-06,109000,7.25,180,780+,71-80,44-50,WV,Purchase,Primary,Single Family,ServicerC,2022
LN0008999,2021-12,136000,4.375,360,620-659,81-90,29-36,,Cash-Out Refinance,Primary,Co-op,ServicerB,2021
LN0009000,2018-04,147000,3.999,360,780+,71-80,37-43,NE,Purchase,Primary,Single Family,ServicerD,2018
LN0009001,2021-03,93000,5.5,360,780+,71-80,44-50,HI,Purchase,Secondary,Condo,ServicerC,2021
LN0009002,2019-12,116000,2.75,360,700-739,<=60,>50,ID,Purchase,Primary,Single Family,ServicerD,2019
LN0009003,2018-09,59000,7.99,360,740-779,<=60,>50,DE,Purchase,Investment,Co-op,ServicerC,2018
LN0009004,2018-08,406000,4.25,120,700-739,<=60,<=28,AK,Cash-Out Refinance,Primary,Multi-Family,ServicerB,2018
LN0009005,2019-02,57000,6.875,360,740-779,81-90,,NH,Refinance,Primary,Single Family,ServicerE,2019
LN0009006,2020-04,205000,6.25,240,660-699,<=60,<=28,KS,Purchase,Primary,Condo,ServicerE,2020
LN0009007,2021-05,98000,3.25,360,660-699,91-95,44-50,ND,Refinance,Primary,PUD,ServicerE,2021
LN0009008,2019-09,258000,4.0,360,700-739,71-80,37-43,RI,Purchase,Primary,Single Family,ServicerD,2019
LN0009009,2018-04,133000,3.25,360,700-739,61-70,>50,SD,Refinance,Primary,Multi-Family,ServicerE,2018
LN0009010,2018-01,408000,3.375,360,700-739,,>50,NH,Purchase,Primary,PUD,ServicerB,2018
LN0009011,2018-05,89000,5.0,360,660-699,<=60,44-50,NH,Cash-Out Refinance,Primary,Multi-Family,ServicerD,2018
LN0009012,2018-04,157000,4.25,360,660-699,71-80,37-43,NM,Purchase,Investment,Condo,ServicerC,2018
LN0009013,2019-11,84000,6.125,360,620-659,71-80,37-43,WV,Purchase,Secondary,Multi-Family,ServicerC,2019
LN0009014,2018-02,163000,2.434,360,<620,96-100,37-43,ID,Cash-Out Refinance,Primary,Single Family,ServicerC,2018
LN0009015,2020-08,144000,2.625,360,,<=60,37-43,ID,Refinance,Primary,Co-op,ServicerB,2020
LN0009016,2018-07,307000,2.25,360,<620,<=60,<=28,SD,Refinance,Investment,Single Family,ServicerA,2018
LN0009017,2020-11,181000,3.25,360,,91-95,<=28,NV,Purchase,Primary,Co-op,ServicerE,2020
LN0009018,2021-01,155000,3.125,360,740-779,<=60,37-43,NE,Purchase,Primary,Condo,ServicerE,2021
LN0009019,2022-05,155000,2.625,360,<620,81-90,37-43,DE,Refinance,Primary,Multi-Family,ServicerB,2022
LN0009020,2020-07,135000,3.125,180,740-779,>100,>50,ID,Cash-Out Refinance,Primary,Single Family,ServicerB,2020
LN0009021,2020-04,123000,3.5,360,660-699,71-80,29-36,NH,Refinance,Investment,Single Family,ServicerA,2020
LN0009022,2020-07,187000,5.5,360,780+,<=60,44-50,WY,Purchase,Primary,Condo,ServicerA,2020
LN0009023,2022-10,106000,2.75,360,700-739,81-90,44-50,NH,Refinance,Primary,Multi-Family,ServicerB,2022
LN0009024,2021-11,310000,6.125,360,660-699,81-90,37-43,ID,Purchase,Primary,Co-op,ServicerE,2021
LN0009025,2022-10,364000,2.625,360,700-739,96-100,<=28,ID,Cash-Out Refinance,Primary,Multi-Family,ServicerC,2022
LN0009026,2018-11,92000,2.375,360,700-739,<=60,<=28,ID,Purchase,Primary,Co-op,ServicerA,2018
LN0009027,2021-01,183000,3.5,360,700-739,96-100,44-50,KS,Refinance,Primary,Co-op,ServicerE,2021
LN0009028,2021-06,239000,3.25,360,620-659,61-70,37-43,WV,Cash-Out Refinance,Primary,Single Family,ServicerB,2021
LN0009029,2020-01,165000,4.25,360,780+,71-80,44-50,NM,Purchase,Primary,PUD,ServicerB,2020
LN0009030,2020-12,174000,3.125,360,,71-80,44-50,DE,Cash-Out Refinance,Secondary,Single Family,ServicerC,2020
LN0009031,2021-07,247000,3.375,180,660-699,71-80,37-43,WV,Purchase,Primary,PUD,ServicerE,2021
LN0009032,2022-02,154000,3.375,180,740-779,81-90,29-36,RI,Cash-Out Refinance,Primary,Multi-Family,ServicerB,2022
LN0009033,2021-12,241000,2.625,180,660-699,96-100,<=28,NV,Refinance,Primary,Co-op,ServicerD,2021
LN0009034,2022-10,170000,2.75,360,780+,61-70,44-50,KS,Purchase,Primary,Multi-Family,ServicerD,2022
LN0009035,2020-11,300000,3.125,240,700-739,61-70,29-36,NM,Purchase,Primary,PUD,ServicerC,2020
LN0009036,2021-01,89000,6.0,120,740-779,<=60,37-43,NE,Purchase,Primary,Multi-Family,ServicerE,2021
LN0009037,2021-01,299000,8.875,360,620-659,91-95,>50,,Cash-Out Refinance,Primary,Single Family,ServicerC,2021
LN0009038,2021-02,64000,4.875,360,780+,96-100,37-43,,Cash-Out Refinance,Primary,Condo,ServicerB,2021
LN0009039,2021-05,140000,4.74,360,740-779,<=60,37-43,NE,Purchase,Primary,Multi-Family,ServicerD,2021
LN0009040,2022-02,167000,5.0,180,,<=60,37-43,NM,Cash-Out Refinance,Primary,Co-op,ServicerC,2022
LN0009041,2018-04,347000,6.375,360,620-659,71-80,<=28,KS,Cash-Out Refinance,Primary,Co-op,ServicerE,2018
LN0009042,2018-08,76000,3.375,120,660-699,81-90,44-50,HI,Refinance,Investment,Condo,ServicerA,2018
LN0009043,2021-12,277000,4.5,240,780+,<=60,37-43,ID,Cash-Out Refinance,Primary,Single Family,ServicerB,2021
LN0009044,2020-04,247000,2.75,360,660-699,71-80,37-43,RI,Purchase,Primary,Condo,ServicerC,2020
LN0009045,2022-08,163000,2.875,240,700-739,<=60,<=28,NE,Cash-Out Refinance,Primary,Condo,ServicerC,2022
LN0009046,2018-06,321000,4.0,360,<620,<=60,37-43,MT,Purchase,Primary,Multi-Family,ServicerA,2018
LN0009047,2020-09,267000,2.875,120,700-739,71-80,37-43,ID,Purchase,Primary,Single Family,ServicerB,2020
LN0009048,2021-04,131000,4.0,360,700-739,71-80,,NH,Purchase,Primary,Condo,ServicerC,2021
LN0009049,2022-07,167000,2.5,120,780+,71-80,37-43,,Other,Primary,PUD,ServicerD,2022
LN0009050,2018-01,27000,2.875,360,700-739,71-80,29-36,NE,Purchase,Primary,Condo,ServicerE,2018
LN0009051,2019-10,44000,3.875,360,740-779,71-80,37-43,NH,Refinance,Primary,Condo,ServicerC,2019
LN0009052,2018-09,138000,4.9,360,,71-80,<=28,KS,Purchase,Primary,Condo,ServicerC,2018
LN0009053,2021-02,608000,6.875,360,<620,<=60,>50,NH,Purchase,Investment,PUD,ServicerC,2021
LN0009054,2022-03,79000,4.27,120,660-699,81-90,29-36,MT,Purchase,Primary,Single Family,ServicerB,2022
LN0009055,2021-05,148000,3.75,360,700-739,71-80,,WY,Purchase,Investment,Single Family,ServicerD,2021
LN0009056,2022-07,750000,5.125,360,780+,<=60,44-50,ID,Refinance,Primary,Multi-Family,ServicerE,2022
LN0009057,2022-11,64000,4.375,360,780+,96-100,<=28,HI,Purchase,Investment,Condo,ServicerA,2022
LN0009058,2018-05,227000,2.5,360,660-699,61-70,44-50,HI,Other,Primary,Condo,ServicerB,2018
LN0009059,2022-02,183000,2.75,360,660-699,96-100,37-43,VT,Other,Primary,Co-op,ServicerB,2022
LN0009060,2022-08,247000,3.75,360,660-699,<=60,>50,SD,Refinance,Primary,Condo,ServicerB,2022
LN0009061,2019-08,138000,2.75,360,780+,71-80,44-50,NH,Refinance,Primary,PUD,ServicerD,2019
LN0009062,2020-03,254000,4.806,120,780+,61-70,<=28,HI,Other,Primary,PUD,ServicerB,2020
LN0009063,2018-05,225000,3.99,120,740-779,<=60,44-50,SD,Refinance,Primary,Multi-Family,ServicerA,2018
LN0009064,2022-06,180000,5.557,360,700-739,71-80,<=28,NE,Refinance,Primary,Multi-Family,ServicerA,2022
LN0009065,2021-02,118000,5.875,360,700-739,81-90,>50,NE,Refinance,Primary,Single Family,ServicerA,2021
LN0009066,2019-02,86000,2.75,360,700-739,<=60,44-50,NE,Cash-Out Refinance,Primary,Multi-Family,ServicerD,2019
LN0009067,2019-08,379000,1.99,240,660-699,91-95,<=28,HI,Refinance,Primary,PUD,ServicerB,2019
LN0009068,2021-04,121000,7.125,180,700-739,<=60,29-36,KS,Purchase,Primary,Single Family,ServicerE,2021
LN0009069,2018-07,92000,3.0,360,<620,71-80,37-43,RI,Cash-Out Refinance,Primary,PUD,ServicerC,2018
LN0009070,2019-07,103000,4.375,120,620-659,71-80,37-43,ID,Refinance,Primary,Co-op,ServicerC,2019
LN0009071,2018-05,134000,3.25,360,780+,96-100,37-43,,Refinance,Primary,Single Family,ServicerA,2018
LN0009072,2019-04,271000,3.25,360,740-779,71-80,37-43,SD,Cash-Out Refinance,Primary,Co-op,ServicerB,2019
LN0009073,2020-11,205000,3.375,180,700-739,96-100,37-43,NV,Cash-Out Refinance,Primary,Co-op,ServicerD,2020
LN0009074,2022-08,52000,3.0,360,700-739,,37-43,NE,Refinance,Primary,Condo,ServicerC,2022
LN0009075,2019-12,116000,6.125,360,660-699,81-90,37-43,WV,Refinance,Primary,Condo,ServicerD,2019
LN0009076,2021-12,92000,7.375,240,740-779,71-80,44-50,SD,Purchase,Investment,Single Family,ServicerA,2021
LN0009077,2018-02,58000,2.5,180,740-779,91-95,>50,ID,Refinance,Primary,Co-op,ServicerD,2018
LN0009078,2019-03,353000,2.75,360,740-779,91-95,37-43,NM,Purchase,Primary,Multi-Family,ServicerD,2019
LN0009079,2019-12,73000,3.0,360,740-779,96-100,37-43,ID,Cash-Out Refinance,Primary,Single Family,ServicerC,2019
LN0009080,2022-10,179000,4.25,360,660-699,96-100,29-36,ID,Purchase,Primary,Single Family,ServicerB,2022
LN0009081,2018-08,486000,4.375,240,660-699,71-80,<=28,NE,Purchase,Primary,Condo,ServicerA,2018
LN0009082,2021-06,500000,5.25,360,700-739,<=60,37-43,KS,Purchase,Primary,Multi-Family,ServicerB,2021
LN0009083,2021-01,97000,13.74,360,660-699,71-80,44-50,NE,Purchase,Primary,PUD,ServicerE,2021
LN0009084,2022-12,140000,4.25,360,740-779,71-80,44-50,NM,Cash-Out Refinance,Primary,PUD,ServicerE,2022
LN0009085,2020-11,94000,3.75,360,660-699,71-80,44-50,MT,Purchase,Investment,Single Family,ServicerB,2020
LN0009086,2022-02,185000,2.375,180,620-659,<=60,44-50,NH,Refinance,Primary,PUD,ServicerD,2022
LN0009087,2021-08,178000,2.625,360,700-739,71-80,37-43,ID,Cash-Out Refinance,Primary,PUD,ServicerC,2021
LN0009088,2018-05,65000,2.75,360,780+,>100,37-43,NE,Refinance,Primary,PUD,ServicerC,2018
LN0009089,2021-09,83000,3.375,180,660-699,71-80,37-43,DE,Other,Primary,Co-op,ServicerA,2021
LN0009090,2021-02,254000,3.25,360,740-779,71-80,44-50,KS,Cash-Out Refinance,Primary,Single Family,ServicerE,2021
LN0009091,2018-02,157000,2.75,360,700-739,91-95,37-43,NE,Purchase,Primary,PUD,ServicerC,2018
LN0009092,2020-11,282000,2.25,240,<620,81-90,37-43,MT,Refinance,Primary,Co-op,ServicerE,2020
LN0009093,2020-08,174000,3.875,360,700-739,71-80,>50,WV,Purchase,Primary,Single Family,ServicerC,2020
LN0009094,2021-09,370000,5.0,360,740-779,81-90,37-43,KS,Purchase,Investment,Single Family,ServicerC,2021
LN0009095,2019-03,95000,2.875,360,700-739,91-95,37-43,MT,Purchase,Primary,Multi-Family,ServicerB,2019
LN0009096,2018-01,64000,9.25,120,780+,71-80,29-36,NH,Purchase,Primary,Single Family,ServicerA,2018
LN0009097,2019-02,127000,3.625,120,660-699,61-70,29-36,KS,Refinance,Primary,Condo,ServicerE,2019
LN0009098,2022-03,258000,5.75,360,620-659,61-70,37-43,SD,Refinance,Primary,Single Family,ServicerD,2022
LN0009099,2019-08,380000,3.25,360,780+,91-95,37-43,AK,Refinance,Primary,Co-op,ServicerE,2019
LN0009100,2022-06,201000,6.75,360,660-699,61-70,37-43,NH,Purchase,Investment,Condo,ServicerE,2022
LN0009101,2022-05,110000,4.5,360,700-739,<=60,37-43,NE,Purchase,Primary,Single Family,ServicerA,2022
LN0009102,2021-02,99000,5.99,360,740-779,91-95,44-50,AK,Refinance,Primary,Single Family,ServicerB,2021
LN0009103,2019-10,127000,4.375,180,660-699,96-100,37-43,ID,Cash-Out Refinance,Primary,Single Family,ServicerD,2019
LN0009104,2021-02,236000,2.375,180,740-779,96-100,>50,KS,Purchase,Primary,Multi-Family,ServicerA,2021
LN0009105,2022-01,71000,5.75,240,620-659,71-80,44-50,SD,Refinance,Primary,Multi-Family,ServicerD,2022
LN0009106,2019-04,273000,5.75,360,660-699,61-70,29-36,VT,Other,Primary,Multi-Family,ServicerD,2019
LN0009107,2019-05,53000,3.5,360,620-659,81-90,44-50,NH,Refinance,Primary,PUD,ServicerD,2019
LN0009108,2019-12,208000,6.25,120,,71-80,37-43,MT,Purchase,Secondary,Condo,ServicerE,2019
LN0009109,2021-01,179000,2.875,360,660-699,<=60,44-50,NM,Purchase,Investment,Single Family,ServicerE,2021
LN0009110,2020-01,320000,3.375,360,740-779,<=60,29-36,NM,Purchase,Primary,Multi-Family,ServicerD,2020
LN0009111,2022-01,247000,3.25,180,780+,81-90,44-50,NH,Refinance,Primary,PUD,ServicerA,2022
LN0009112,2018-09,319000,4.99,360,700-739,91-95,37-43,ID,Refinance,Primary,Single Family,ServicerA,2018
LN0009113,2020-10,266000,7.497,180,700-739,96-100,37-43,NM,Refinance,Primary,Condo,ServicerD,2020
LN0009114,2022-01,250000,5.75,360,700-739,81-90,37-43,WV,Cash-Out Refinance,Primary,Multi-Family,ServicerD,2022
LN0009115,2020-03,169000,4.5,360,660-699,71-80,37-43,ID,Purchase,Primary,Multi-Family,ServicerE,2020
LN0009116,2020-04,90000,4.99,360,700-739,96-100,44-50,KS,Other,Primary,Single Family,ServicerC,2020
LN0009117,2021-04,175000,2.25,360,740-779,91-95,<=28,HI,Cash-Out Refinance,Investment,Single Family,ServicerA,2021
LN0009118,2019-11,128000,8.49,360,780+,71-80,44-50,NM,Purchase,Primary,Co-op,ServicerB,2019
LN0009119,2021-08,157000,5.25,360,780+,91-95,<=28,NV,Cash-Out Refinance,Primary,PUD,ServicerD,2021
LN0009120,2021-04,683000,4.875,360,780+,<=60,44-50,NH,Purchase,Primary,Single Family,ServicerB,2021
LN0009121,2018-03,47000,7.0,180,780+,71-80,44-50,ID,Cash-Out Refinance,Primary,PUD,ServicerC,2018
LN0009122,2021-09,83000,2.125,180,700-739,,29-36,NE,Refinance,Primary,PUD,ServicerC,2021
LN0009123,2022-02,157000,3.25,240,740-779,71-80,>50,,Purchase,Primary,Single Family,ServicerE,2022
LN0009124,2019-11,121000,4.375,180,780+,91-95,37-43,NH,Purchase,Primary,Multi-Family,ServicerB,2019
LN0009125,2019-09,339000,3.125,120,700-739,61-70,44-50,NE,Refinance,Primary,Multi-Family,ServicerD,2019
LN0009126,2019-02,138000,7.749,360,780+,91-95,,MT,Purchase,Primary,Condo,ServicerC,2019
LN0009127,2021-09,235000,3.999,360,700-739,61-70,44-50,NH,Refinance,Primary,Co-op,ServicerC,2021
LN0009128,2018-10,114000,3.25,360,740-779,61-70,<=28,HI,Purchase,Primary,Co-op,ServicerE,2018
LN0009129,2019-04,248000,3.125,360,740-779,<=60,44-50,WY,Purchase,Primary,Co-op,ServicerD,2019
LN0009130,2021-11,202000,5.25,180,780+,>100,37-43,NH,Refinance,Secondary,Single Family,ServicerA,2021
LN0009131,2020-04,93000,2.875,360,660-699,91-95,>50,ID,Purchase,Primary,Single Family,ServicerA,2020
LN0009132,2020-07,217000,5.9,180,740-779,61-70,37-43,,Cash-Out Refinance,Primary,Condo,ServicerB,2020
LN0009133,2018-07,103000,3.25,360,700-739,61-70,44-50,RI,Purchase,Primary,PUD,ServicerA,2018
LN0009134,2018-06,260000,7.75,360,660-699,71-80,37-43,RI,Refinance,Primary,Co-op,ServicerB,2018
LN0009135,2021-01,132000,6.49,360,740-779,96-100,44-50,KS,Purchase,Primary,PUD,ServicerE,2021
LN0009136,2019-11,208000,4.625,360,700-739,61-70,37-43,NH,Purchase,Primary,PUD,ServicerB,2019
LN0009137,2020-07,108000,6.5,360,740-779,96-100,37-43,MT,Refinance,Primary,Multi-Family,ServicerE,2020
LN0009138,2021-10,99000,2.875,360,660-699,71-80,44-50,AK,Cash-Out Refinance,Primary,PUD,ServicerE,2021
LN0009139,2019-12,143000,2.375,360,700-739,81-90,<=28,AK,Cash-Out Refinance,Primary,Multi-Family,ServicerA,2019
LN0009140,2019-08,186000,5.99,360,740-779,71-80,>50,WY,Purchase,Primary,Multi-Family,ServicerE,2019
LN0009141,2022-09,307000,2.25,240,700-739,96-100,44-50,MT,Refinance,Primary,Co-op,ServicerA,2022
LN0009142,2021-11,70000,2.5,360,620-659,<=60,44-50,VT,Refinance,Primary,Single Family,ServicerA,2021
LN0009143,2019-04,352000,6.125,360,780+,71-80,<=28,ID,Purchase,Primary,Single Family,ServicerA,2019
LN0009144,2022-09,145000,6.625,360,700-739,<=60,44-50,NM,Purchase,Primary,Single Family,ServicerB,2022
LN0009145,2020-08,126000,6.75,360,740-779,81-90,44-50,NH,Refinance,Primary,PUD,ServicerE,2020
LN0009146,2018-07,175000,2.25,360,700-739,91-95,44-50,ID,Cash-Out Refinance,Secondary,Single Family,ServicerB,2018
LN0009147,2022-01,187000,2.75,360,660-699,<=60,37-43,NE,Cash-Out Refinance,Primary,PUD,ServicerB,2022
LN0009148,2021-02,238000,6.5,360,700-739,71-80,44-50,ID,Cash-Out Refinance,Primary,Condo,ServicerD,2021
LN0009149,2022-02,116000,3.25,360,700-739,71-80,<=28,KS,Other,Primary,Single Family,ServicerA,2022
LN0009150,2019-11,286000,3.25,360,700-739,<=60,29-36,HI,Purchase,Primary,Single Family,ServicerC,2019
LN0009151,2018-06,135000,2.973,120,700-739,71-80,,NE,Purchase,Primary,Co-op,ServicerA,2018
LN0009152,2020-07,120000,2.75,360,700-739,71-80,44-50,KS,Purchase,Primary,Single Family,ServicerD,2020
LN0009153,2020-08,101000,5.99,360,620-659,<=60,44-50,NH,Cash-Out Refinance,Primary,Co-op,ServicerC,2020
LN0009154,2020-05,231000,2.875,240,700-739,96-100,>50,MT,Refinance,Primary,Single Family,ServicerB,2020
LN0009155,2022-10,145000,6.0,180,620-659,,37-43,WV,Purchase,Primary,Condo,ServicerC,2022
LN0009156,2020-05,247000,3.54,360,620-659,61-70,29-36,ID,Purchase,Primary,Condo,ServicerB,2020
LN0009157,2021-09,84000,12.47,240,780+,96-100,,VT,Cash-Out Refinance,Primary,Single Family,ServicerB,2021
LN0009158,2021-07,139000,9.74,240,740-779,71-80,29-36,MT,Purchase,Primary,Condo,ServicerB,2021
LN0009159,2022-12,332000,3.625,240,740-779,81-90,44-50,KS,Purchase,Primary,Multi-Family,ServicerD,2022
LN0009160,2022-11,102000,5.25,360,700-739,61-70,29-36,NM,Cash-Out Refinance,Primary,PUD,ServicerC,2022
LN0009161,2022-10,226000,5.125,360,780+,71-80,>50,,Other,Primary,Co-op,ServicerE,2022
LN0009162,2022-03,173000,4.125,360,740-779,96-100,<=28,NM,Cash-Out Refinance,Primary,Co-op,ServicerE,2022
LN0009163,2021-06,150000,2.75,360,740-779,71-80,37-43,WY,Cash-Out Refinance,Primary,Condo,ServicerC,2021
LN0009164,2018-12,305000,3.375,360,660-699,91-95,37-43,NH,Purchase,Primary,Multi-Family,ServicerA,2018
LN0009165,2021-06,200000,2.625,360,780+,91-95,37-43,WY,Other,Primary,Co-op,ServicerA,2021
LN0009166,2022-09,63000,3.125,360,780+,61-70,37-43,WY,Refinance,Primary,Single Family,ServicerC,2022
LN0009167,2022-11,163000,2.8,360,,96-100,37-43,HI,Purchase,Primary,Multi-Family,ServicerB,2022
LN0009168,2018-05,312000,11.949,360,620-659,61-70,29-36,NH,Purchase,Investment,PUD,ServicerA,2018
LN0009169,2020-05,121000,2.25,360,660-699,81-90,37-43,ID,Cash-Out Refinance,Primary,Condo,ServicerB,2020
LN0009170,2020-10,129000,4.99,180,660-699,71-80,44-50,HI,Refinance,Primary,Single Family,ServicerE,2020
LN0009171,2022-04,102000,7.325,360,660-699,>100,37-43,ID,Purchase,Primary,Condo,ServicerA,2022
LN0009172,2020-06,50000,5.875,360,780+,71-80,37-43,NM,Purchase,Primary,Multi-Family,ServicerE,2020
LN0009173,2019-10,154000,2.625,360,<620,71-80,44-50,VT,Refinance,Primary,Co-op,ServicerB,2019
LN0009174,2019-06,187000,3.99,180,<620,71-80,29-36,SD,Purchase,Primary,Single Family,ServicerD,2019
LN0009175,2020-04,104000,2.25,360,660-699,61-70,37-43,ID,Purchase,Primary,Multi-Family,ServicerB,2020
LN0009176,2020-09,186000,7.625,360,620-659,71-80,44-50,RI,Cash-Out Refinance,Primary,Multi-Family,ServicerC,2020
LN0009177,2021-05,102000,3.125,360,660-699,71-80,44-50,NE,Purchase,Primary,Condo,ServicerD,2021
LN0009178,2020-10,144000,4.25,240,740-779,71-80,37-43,HI,Cash-Out Refinance,Primary,Multi-Family,ServicerE,2020
LN0009179,2021-11,532000,4.15,360,700-739,96-100,44-50,DE,Purchase,Primary,Co-op,ServicerD,2021
LN0009180,2019-10,114000,3.25,120,<620,71-80,44-50,,Refinance,Primary,Multi-Family,ServicerA,2019
LN0009181,2019-12,47000,5.0,360,700-739,61-70,<=28,NH,Other,Primary,Condo,ServicerC,2019
LN0009182,2020-04,177000,3.125,180,700-739,71-80,,KS,Purchase,Primary,Co-op,ServicerB,2020
LN0009183,2020-12,137000,2.75,360,620-659,71-80,44-50,NM,Purchase,Primary,Condo,ServicerC,2020
LN0009184,2022-09,491000,4.75,360,740-779,96-100,44-50,WY,Purchase,Secondary,Condo,ServicerD,2022
LN0009185,2020-04,134000,4.25,180,740-779,71-80,37-43,AK,Refinance,Primary,Condo,ServicerB,2020
LN0009186,2021-10,177000,4.0,180,740-779,81-90,29-36,ID,Purchase,Primary,Single Family,ServicerB,2021
LN0009187,2022-03,200000,3.625,360,740-779,71-80,37-43,SD,Refinance,Primary,PUD,ServicerC,2022
LN0009188,2018-12,170000,3.5,120,<620,71-80,29-36,AK,Purchase,Primary,PUD,ServicerC,2018
LN0009189,2020-11,112000,7.25,360,780+,61-70,44-50,ID,Purchase,Primary,Multi-Family,ServicerE,2020
LN0009190,2019-04,311000,7.5,360,740-779,<=60,37-43,HI,Refinance,Primary,Multi-Family,ServicerB,2019
LN0009191,2022-11,123000,6.25,360,780+,<=60,44-50,ID,Purchase,Primary,Multi-Family,ServicerB,2022
LN0009192,2020-03,206000,4.5,240,<620,71-80,37-43,WY,Purchase,Primary,Condo,ServicerD,2020
LN0009193,2021-06,77000,3.75,360,780+,71-80,44-50,ID,Refinance,Primary,PUD,ServicerE,2021
LN0009194,2019-07,265000,8.58,360,740-779,81-90,37-43,NH,Cash-Out Refinance,Primary,Multi-Family,ServicerC,2019
LN0009195,2021-12,183000,5.75,360,780+,<=60,37-43,ID,Refinance,Primary,Co-op,ServicerC,2021
LN0009196,2020-10,396000,3.0,240,620-659,96-100,37-43,ID,Cash-Out Refinance,Primary,Multi-Family,ServicerB,2020
LN0009197,2021-09,52000,4.75,360,740-779,<=60,37-43,ID,Cash-Out Refinance,Investment,Co-op,ServicerB,2021
LN0009198,2020-03,270000,5.75,360,780+,71-80,44-50,MT,Refinance,Primary,PUD,ServicerD,2020
LN0009199,2020-10,241000,2.99,360,740-779,<=60,44-50,AK,Purchase,Primary,Multi-Family,ServicerC,2020
LN0009200,2018-05,139000,3.299,360,700-739,81-90,29-36,NE,Purchase,Investment,Multi-Family,ServicerB,2018
LN0009201,2018-07,75000,5.0,360,,71-80,<=28,NM,Purchase,Primary,Single Family,ServicerE,2018
LN0009202,2022-07,91000,2.25,360,700-739,71-80,44-50,HI,Cash-Out Refinance,Primary,Condo,ServicerC,2022
LN0009203,2018-02,535000,2.375,360,700-739,61-70,44-50,ID,Purchase,Primary,PUD,ServicerA,2018
LN0009204,2019-05,232000,4.625,360,700-739,96-100,37-43,NM,Refinance,Primary,PUD,ServicerC,2019
LN0009205,2021-08,182000,4.0,360,780+,71-80,44-50,NM,Purchase,Primary,PUD,ServicerD,2021
LN0009206,2022-10,282000,3.0,360,<620,<=60,>50,MT,Refinance,Primary,PUD,ServicerE,2022
LN0009207,2020-09,155000,6.25,180,700-739,<=60,44-50,ID,Cash-Out Refinance,Primary,Single Family,ServicerB,2020
LN0009208,2022-07,46000,3.125,360,740-779,91-95,37-43,,Purchase,Investment,Co-op,ServicerC,2022
LN0009209,2019-05,231000,3.375,360,740-779,,37-43,VT,Purchase,Investment,Co-op,ServicerA,2019
LN0009210,2018-07,72000,4.0,360,700-739,96-100,37-43,NM,Refinance,Primary,Co-op,ServicerA,2018
LN0009211,2021-10,292000,2.875,360,780+,71-80,44-50,DE,Cash-Out Refinance,Primary,Multi-Family,ServicerC,2021
LN0009212,2018-08,394000,4.75,360,780+,71-80,<=28,KS,Refinance,Primary,Co-op,ServicerD,2018
LN0009213,2021-07,245000,2.625,360,<620,71-80,37-43,MT,Refinance,Investment,Co-op,ServicerB,2021
LN0009214,2020-02,77000,2.75,360,700-739,91-95,44-50,WY,Cash-Out Refinance,Primary,Condo,ServicerD,2020
LN0009215,2019-03,94000,3.375,360,<620,61-70,37-43,MT,Refinance,Primary,PUD,ServicerB,2019
LN0009216,2018-06,143000,2.875,360,660-699,61-70,44-50,WY,Refinance,Primary,PUD,ServicerE,2018
LN0009217,2018-01,248000,2.875,360,700-739,96-100,29-36,WY,Purchase,Primary,Condo,ServicerA,2018
LN0009218,2018-05,143000,2.875,360,780+,96-100,44-50,ID,Purchase,Primary,Multi-Family,ServicerC,2018
LN0009219,2018-09,225000,4.125,360,780+,<=60,44-50,NH,Refinance,Primary,Co-op,ServicerC,2018
LN0009220,2022-05,131000,6.375,120,620-659,71-80,37-43,ID,Refinance,Primary,Multi-Family,ServicerA,2022
LN0009221,2019-02,114000,3.75,360,620-659,81-90,37-43,DE,Refinance,Primary,Co-op,ServicerE,2019
LN0009222,2021-04,148000,4.99,360,700-739,91-95,>50,NE,Purchase,Primary,Single Family,ServicerE,2021
LN0009223,2018-11,175000,2.75,360,700-739,61-70,37-43,HI,Cash-Out Refinance,Primary,PUD,ServicerA,2018
LN0009224,2022-01,121000,3.875,180,660-699,71-80,37-43,NV,Cash-Out Refinance,Primary,PUD,ServicerB,2022
LN0009225,2018-02,177000,5.5,360,780+,96-100,>50,WV,Refinance,Investment,Co-op,ServicerA,2018
LN0009226,2020-10,46000,2.875,360,780+,71-80,<=28,MT,Refinance,Primary,Co-op,ServicerB,2020
LN0009227,2020-05,47000,5.15,180,700-739,61-70,,MT,Refinance,Primary,Condo,ServicerC,2020
LN0009228,2021-04,79000,2.25,180,780+,>100,44-50,RI,Purchase,Primary,PUD,ServicerE,2021
LN0009229,2019-04,109000,5.0,180,700-739,71-80,44-50,NH,Purchase,Primary,Multi-Family,ServicerE,2019
LN0009230,2022-10,170000,3.625,360,740-779,71-80,37-43,ID,Purchase,Primary,Condo,ServicerC,2022
LN0009231,2022-05,108000,3.125,180,700-739,,37-43,WV,Purchase,Primary,PUD,ServicerA,2022
LN0009232,2022-06,234000,3.75,360,620-659,>100,<=28,ID,Cash-Out Refinance,Primary,Multi-Family,ServicerB,2022
LN0009233,2019-03,600000,7.125,360,780+,71-80,37-43,ID,Cash-Out Refinance,Primary,PUD,ServicerE,2019
LN0009234,2018-09,379000,5.875,360,700-739,91-95,44-50,NE,Refinance,Primary,Single Family,ServicerC,2018
LN0009235,2022-06,189000,2.875,180,740-779,91-95,29-36,KS,Cash-Out Refinance,Primary,Co-op,ServicerB,2022
LN0009236,2019-03,72000,2.99,120,660-699,91-95,44-50,,Purchase,Primary,Condo,ServicerD,2019
LN0009237,2021-04,220000,3.0,360,<620,<=60,<=28,ID,Purchase,Secondary,Multi-Family,ServicerA,2021
LN0009238,2022-10,73000,2.888,360,620-659,81-90,44-50,WV,Cash-Out Refinance,Investment,Single Family,ServicerC,2022
LN0009239,2018-03,75000,2.875,360,700-739,71-80,>50,KS,Cash-Out Refinance,Primary,Single Family,ServicerA,2018
LN0009240,2018-10,97000,4.25,360,740-779,<=60,37-43,RI,Purchase,Primary,PUD,ServicerA,2018
LN0009241,2022-05,71000,3.25,360,660-699,61-70,<=28,ID,Refinance,Primary,PUD,ServicerD,2022
LN0009242,2021-02,84000,5.875,360,,<=60,>50,ID,Refinance,Primary,Co-op,ServicerE,2021
LN0009243,2018-04,461000,2.875,360,740-779,<=60,44-50,KS,Purchase,Primary,Multi-Family,ServicerA,2018
LN0009244,2021-04,126000,3.0,360,740-779,71-80,44-50,VT,Purchase,Secondary,Condo,ServicerB,2021
LN0009245,2019-08,150000,2.875,360,700-739,91-95,<=28,DE,Purchase,Primary,Multi-Family,ServicerE,2019
LN0009246,2022-03,150000,5.999,360,780+,<=60,37-43,NE,Purchase,Primary,PUD,ServicerE,2022
LN0009247,2019-04,212000,7.125,360,700-739,61-70,37-43,SD,Purchase,Primary,Multi-Family,ServicerD,2019
LN0009248,2020-02,146000,2.5,180,700-739,61-70,37-43,WY,Purchase,Primary,Co-op,ServicerC,2020
LN0009249,2018-04,129000,5.5,360,620-659,81-90,37-43,MT,Cash-Out Refinance,Primary,Multi-Family,ServicerE,2018
LN0009250,2020-07,114000,3.7,360,660-699,81-90,37-43,HI,Refinance,Primary,Single Family,ServicerC,2020
LN0009251,2022-10,149000,8.89,360,<620,71-80,>50,NH,Refinance,Primary,Condo,ServicerD,2022
LN0009252,2021-08,87000,3.375,360,740-779,>100,37-43,ID,Refinance,Primary,Single Family,ServicerB,2021
LN0009253,2019-04,159000,3.375,360,660-699,71-80,<=28,NH,Purchase,Primary,Condo,ServicerB,2019
LN0009254,2018-02,263000,3.875,360,660-699,96-100,29-36,ID,Refinance,Primary,Multi-Family,ServicerE,2018
LN0009255,2021-12,402000,2.25,360,740-779,71-80,44-50,ID,Refinance,Primary,Multi-Family,ServicerA,2021
LN0009256,2021-08,203000,8.25,360,660-699,<=60,37-43,NH,Refinance,Primary,Condo,ServicerC,2021
LN0009257,2019-12,208000,3.75,360,660-699,,29-36,ID,Purchase,Primary,Condo,ServicerE,2019
LN0009258,2021-10,89000,2.5,360,620-659,61-70,,NE,Purchase,Primary,PUD,ServicerC,2021
LN0009259,2021-01,634000,5.5,180,740-779,96-100,44-50,ID,Refinance,Primary,Condo,ServicerA,2021
LN0009260,2022-05,251000,2.75,360,620-659,61-70,44-50,DE,Purchase,Primary,Condo,ServicerE,2022
LN0009261,2019-11,111000,8.0,360,700-739,96-100,<=28,RI,Cash-Out Refinance,Primary,Single Family,ServicerB,2019
LN0009262,2021-07,227000,3.99,360,700-739,71-80,37-43,HI,Refinance,Investment,Co-op,ServicerA,2021
LN0009263,2022-06,289000,2.625,360,740-779,96-100,29-36,RI,Cash-Out Refinance,Primary,Single Family,ServicerA,2022
LN0009264,2020-01,146000,2.75,240,740-779,,37-43,WV,Purchase,Primary,Single Family,ServicerA,2020
LN0009265,2021-09,528000,3.375,360,740-779,91-95,>50,NH,Other,Primary,Multi-Family,ServicerA,2021
LN0009266,2022-07,261000,2.99,360,<620,,37-43,HI,Refinance,Investment,Single Family,ServicerB,2022
LN0009267,2021-10,141000,4.5,360,660-699,96-100,37-43,NH,Refinance,Primary,Single Family,ServicerE,2021
LN0009268,2019-06,102000,5.875,180,660-699,<=60,>50,ID,Refinance,Primary,Single Family,ServicerD,2019
LN0009269,2019-12,74000,5.125,360,620-659,<=60,29-36,HI,Cash-Out Refinance,Primary,Single Family,ServicerA,2019
LN0009270,2018-10,35000,3.25,360,660-699,<=60,37-43,VT,Cash-Out Refinance,Primary,PUD,ServicerC,2018
LN0009271,2021-03,245000,7.0,360,660-699,<=60,<=28,NE,Purchase,Primary,Multi-Family,ServicerD,2021
LN0009272,2021-04,122000,4.5,360,700-739,96-100,44-50,NE,Purchase,Primary,PUD,ServicerB,2021
LN0009273,2019-06,86000,2.875,360,740-779,,<=28,KS,Purchase,Primary,Condo,ServicerD,2019
LN0009274,2020-07,118000,2.875,360,700-739,81-90,<=28,NV,Purchase,Primary,Multi-Family,ServicerC,2020
LN0009275,2020-04,413000,3.5,360,740-779,<=60,37-43,KS,Purchase,Primary,Condo,ServicerD,2020
LN0009276,2020-04,156000,3.5,240,660-699,96-100,44-50,ID,Cash-Out Refinance,Primary,PUD,ServicerB,2020
LN0009277,2021-10,131000,3.125,360,660-699,>100,<=28,AK,Purchase,Primary,Single Family,ServicerB,2021
LN0009278,2021-01,152000,2.875,360,700-739,<=60,37-43,NH,Refinance,Primary,Multi-Family,ServicerE,2021
LN0009279,2022-04,295000,4.0,360,<620,96-100,44-50,DE,Purchase,Secondary,Multi-Family,ServicerE,2022
LN0009280,2018-08,139000,4.49,180,<620,<=60,29-36,NE,Other,Primary,Condo,ServicerB,2018
LN0009281,2018-07,138000,3.375,360,700-739,61-70,37-43,SD,Other,Primary,Multi-Family,ServicerB,2018
LN0009282,2022-06,104000,2.75,360,780+,71-80,,AK,Purchase,Primary,Co-op,ServicerB,2022
LN0009283,2020-07,181000,3.75,360,740-779,71-80,37-43,,Refinance,Primary,PUD,ServicerC,2020
LN0009284,2018-08,176000,6.99,240,620-659,,29-36,MT,Cash-Out Refinance,Primary,PUD,ServicerE,2018
LN0009285,2021-12,290000,3.49,360,780+,96-100,44-50,NM,Refinance,Primary,PUD,ServicerA,2021
LN0009286,2021-07,70000,2.75,360,740-779,71-80,44-50,ID,Refinance,Primary,Condo,ServicerE,2021
LN0009287,2018-07,173000,3.375,240,740-779,71-80,>50,DE,Cash-Out Refinance,Primary,Co-op,ServicerE,2018
LN0009288,2020-06,172000,3.125,180,780+,<=60,37-43,ID,Purchase,Primary,Co-op,ServicerE,2020
LN0009289,2019-05,144000,3.75,360,700-739,71-80,37-43,DE,Purchase,Primary,Co-op,ServicerD,2019
LN0009290,2020-05,96000,3.75,240,660-699,<=60,29-36,ID,Purchase,Primary,Co-op,ServicerA,2020
LN0009291,2021-03,448000,5.0,360,700-739,96-100,37-43,NE,Refinance,Primary,Co-op,ServicerD,2021
LN0009292,2019-04,215000,4.25,360,700-739,96-100,<=28,NH,Refinance,Investment,Condo,ServicerA,2019
LN0009293,2022-11,179000,4.0,360,700-739,81-90,>50,NM,Purchase,Primary,PUD,ServicerD,2022
LN0009294,2022-10,176000,3.625,360,700-739,91-95,37-43,ID,Purchase,Primary,Condo,ServicerB,2022
LN0009295,2022-04,97000,3.79,360,780+,,29-36,ID,Refinance,Primary,Multi-Family,ServicerB,2022
LN0009296,2018-07,89000,2.875,120,780+,81-90,>50,WY,Purchase,Primary,Single Family,ServicerC,2018
LN0009297,2020-01,137000,3.49,360,780+,71-80,37-43,HI,Purchase,Primary,Single Family,ServicerA,2020
LN0009298,2019-02,326000,2.75,240,740-779,,37-43,KS,Purchase,Primary,Single Family,ServicerA,2019
LN0009299,2019-02,158000,3.25,360,780+,<=60,37-43,NE,Refinance,Primary,PUD,ServicerC,2019
LN0009300,2022-12,200000,4.75,360,620-659,<=60,44-50,NH,Purchase,Primary,PUD,ServicerB,2022
LN0009301,2022-01,353000,9.24,360,660-699,<=60,37-43,VT,Refinance,Primary,PUD,ServicerE,2022
LN0009302,2020-02,57000,8.99,360,700-739,96-100,44-50,SD,Purchase,Primary,PUD,ServicerB,2020
LN0009303,2022-05,133000,3.25,360,780+,71-80,>50,NE,Refinance,Primary,Multi-Family,ServicerA,2022
LN0009304,2021-03,164000,4.125,120,700-739,81-90,44-50,MT,Refinance,Primary,Co-op,ServicerC,2021
LN0009305,2020-03,108000,3.0,360,740-779,71-80,44-50,ID,Other,Primary,Co-op,ServicerE,2020
LN0009306,2021-05,92000,3.25,360,620-659,71-80,37-43,NE,Refinance,Primary,Condo,ServicerD,2021
LN0009307,2019-04,79000,5.125,360,660-699,71-80,<=28,NE,Refinance,Primary,Single Family,ServicerD,2019
LN0009308,2021-05,76000,2.25,360,740-779,61-70,29-36,DE,Other,Primary,Single Family,ServicerD,2021
LN0009309,2019-09,98000,2.875,180,620-659,71-80,44-50,RI,Refinance,Investment,Single Family,ServicerA,2019
LN0009310,2018-04,85000,6.99,360,660-699,71-80,37-43,ID,Purchase,Investment,PUD,ServicerB,2018
LN0009311,2018-10,89000,3.375,360,660-699,61-70,44-50,WY,Purchase,Primary,Co-op,ServicerE,2018
LN0009312,2018-10,79000,4.5,360,660-699,96-100,37-43,ID,Other,Primary,Single Family,ServicerC,2018
LN0009313,2019-05,169000,4.75,360,740-779,<=60,37-43,ID,Purchase,Primary,Single Family,ServicerE,2019
LN0009314,2022-08,137000,3.625,360,660-699,>100,>50,WY,Purchase,Primary,Co-op,ServicerD,2022
LN0009315,2021-03,192000,5.375,360,700-739,71-80,37-43,ND,Refinance,Primary,Condo,ServicerD,2021
LN0009316,2019-01,120000,3.375,180,620-659,,44-50,MT,Purchase,Primary,Condo,ServicerB,2019
LN0009317,2019-10,75000,5.5,180,,91-95,,KS,Purchase,Primary,Single Family,ServicerC,2019
LN0009318,2018-02,82000,4.75,120,660-699,61-70,<=28,NE,Purchase,Primary,Condo,ServicerE,2018
LN0009319,2018-05,115000,2.99,360,740-779,,37-43,HI,Purchase,Primary,Single Family,ServicerD,2018
LN0009320,2019-09,297000,6.99,360,740-779,71-80,37-43,NH,Refinance,Primary,Multi-Family,ServicerC,2019
LN0009321,2018-08,131000,6.25,360,660-699,<=60,37-43,ID,Refinance,Primary,Multi-Family,ServicerE,2018
LN0009322,2022-06,559000,2.625,180,780+,<=60,29-36,NH,Purchase,Secondary,PUD,ServicerD,2022
LN0009323,2019-03,249000,3.0,360,740-779,71-80,29-36,HI,Purchase,Primary,PUD,ServicerB,2019
LN0009324,2022-03,220000,5.625,360,,71-80,37-43,NE,Refinance,Primary,Single Family,ServicerD,2022
LN0009325,2019-01,302000,3.875,180,620-659,96-100,>50,DE,Other,Primary,Multi-Family,ServicerD,2019
LN0009326,2020-03,125000,3.75,360,780+,61-70,29-36,KS,Other,Primary,Co-op,ServicerB,2020
LN0009327,2020-09,154000,3.75,360,,<=60,44-50,MS,Refinance,Investment,PUD,ServicerD,2020
LN0009328,2018-09,132000,2.375,360,660-699,61-70,<=28,ND,Cash-Out Refinance,Primary,PUD,ServicerA,2018
LN0009329,2022-01,354000,6.99,360,660-699,71-80,37-43,NE,Cash-Out Refinance,Primary,PUD,ServicerD,2022
LN0009330,2021-03,297000,5.125,360,740-779,96-100,37-43,SD,Purchase,Primary,PUD,ServicerD,2021
LN0009331,2019-01,184000,2.924,360,740-779,71-80,37-43,HI,Cash-Out Refinance,Primary,Condo,ServicerB,2019
LN0009332,2021-03,80000,3.0,180,740-779,<=60,<=28,ID,Purchase,Primary,Co-op,ServicerD,2021
LN0009333,2019-04,115000,4.25,360,700-739,71-80,29-36,WY,Purchase,Primary,Condo,ServicerB,2019
LN0009334,2022-06,78000,2.875,360,740-779,71-80,>50,HI,Purchase,Primary,Co-op,ServicerD,2022
LN0009335,2022-05,110000,2.75,360,700-739,91-95,37-43,DE,Refinance,Primary,Co-op,ServicerE,2022
LN0009336,2021-04,387000,5.375,360,660-699,61-70,44-50,ND,Purchase,Primary,PUD,ServicerE,2021
LN0009337,2021-03,165000,4.375,240,740-779,61-70,37-43,NH,Purchase,Primary,Condo,ServicerE,2021
LN0009338,2018-12,98000,3.25,360,780+,71-80,<=28,HI,Refinance,Primary,Single Family,ServicerD,2018
LN0009339,2019-03,156000,2.25,360,660-699,71-80,29-36,WY,Refinance,Investment,Single Family,ServicerC,2019
LN0009340,2022-01,625000,3.0,180,700-739,96-100,37-43,NM,Purchase,Primary,PUD,ServicerA,2022
LN0009341,2018-07,111000,2.25,120,740-779,81-90,,HI,Refinance,Primary,Multi-Family,ServicerA,2018
LN0009342,2019-01,148000,2.5,360,700-739,71-80,37-43,AK,Purchase,Primary,Condo,ServicerD,2019
LN0009343,2020-08,82000,8.24,360,780+,<=60,44-50,WV,Purchase,Primary,Multi-Family,ServicerC,2020
LN0009344,2022-08,108000,3.125,360,740-779,<=60,44-50,NH,Cash-Out Refinance,Primary,Multi-Family,ServicerB,2022
LN0009345,2021-09,97000,3.375,360,<620,96-100,44-50,NH,Purchase,Primary,Multi-Family,ServicerC,2021
LN0009346,2022-12,345000,4.25,180,780+,81-90,>50,MT,Cash-Out Refinance,Primary,Co-op,ServicerB,2022
LN0009347,2021-09,70000,7.5,180,740-779,81-90,<=28,MT,Purchase,Primary,Multi-Family,ServicerD,2021
LN0009348,2021-11,123000,5.5,360,780+,71-80,37-43,WV,Refinance,Primary,Condo,ServicerB,2021
LN0009349,2022-06,224000,3.0,360,740-779,96-100,<=28,NH,Purchase,Primary,Multi-Family,ServicerA,2022
LN0009350,2022-10,263000,2.25,360,780+,<=60,44-50,KS,Refinance,Primary,Single Family,ServicerD,2022
LN0009351,2021-05,131000,4.375,360,620-659,91-95,37-43,WV,Purchase,Primary,Co-op,ServicerE,2021
LN0009352,2022-07,56000,2.875,360,660-699,71-80,29-36,NH,Cash-Out Refinance,Primary,PUD,ServicerA,2022
LN0009353,2019-09,111000,2.75,360,780+,96-100,44-50,HI,Purchase,Primary,Condo,ServicerE,2019
LN0009354,2021-03,83000,6.125,180,660-699,96-100,>50,ID,Purchase,Primary,PUD,ServicerE,2021
LN0009355,2018-04,237000,9.125,360,<620,91-95,44-50,NE,Purchase,Primary,Multi-Family,ServicerD,2018
LN0009356,2018-10,79000,4.0,360,740-779,81-90,37-43,MT,Purchase,Primary,Co-op,ServicerE,2018
LN0009357,2020-05,366000,4.5,360,780+,<=60,44-50,ID,Purchase,Primary,PUD,ServicerD,2020
LN0009358,2018-10,115000,7.875,180,620-659,<=60,44-50,ID,Cash-Out Refinance,Primary,Condo,ServicerD,2018
LN0009359,2021-07,110000,6.75,360,780+,81-90,>50,KS,Purchase,Primary,Co-op,ServicerD,2021
LN0009360,2021-05,210000,6.99,360,740-779,<=60,37-43,,Purchase,Primary,Multi-Family,ServicerA,2021
LN0009361,2020-01,305000,7.375,180,700-739,<=60,29-36,HI,Refinance,Primary,PUD,ServicerE,2020
LN0009362,2020-08,273000,2.375,360,780+,96-100,44-50,NM,Cash-Out Refinance,Primary,Multi-Family,ServicerB,2020
LN0009363,2019-01,211000,3.125,360,700-739,71-80,44-50,NM,Refinance,Primary,Single Family,ServicerC,2019
LN0009364,2019-07,655000,9.0,360,620-659,71-80,37-43,DE,Refinance,Primary,PUD,ServicerE,2019
LN0009365,2019-08,187000,5.0,360,660-699,71-80,44-50,ID,Cash-Out Refinance,Primary,Single Family,ServicerA,2019
LN0009366,2022-12,204000,4.625,360,700-739,71-80,<=28,ID,Refinance,Primary,Co-op,ServicerE,2022
LN0009367,2019-11,232000,3.625,180,700-739,61-70,37-43,NE,Refinance,Primary,Co-op,ServicerC,2019
LN0009368,2020-07,153000,6.99,360,740-779,<=60,37-43,SD,Cash-Out Refinance,Investment,Condo,ServicerD,2020
LN0009369,2019-03,267000,6.125,360,740-779,71-80,>50,ND,Refinance,Primary,Co-op,ServicerE,2019
LN0009370,2018-04,69000,7.25,360,700-739,81-90,44-50,NH,Refinance,Primary,Co-op,ServicerC,2018
LN0009371,2021-05,162000,7.5,120,740-779,>100,<=28,RI,Refinance,Primary,PUD,ServicerC,2021
LN0009372,2021-07,205000,3.375,360,620-659,61-70,37-43,NE,Purchase,Primary,Single Family,ServicerC,2021
LN0009373,2021-12,221000,5.375,240,<620,96-100,44-50,WY,Refinance,Primary,Single Family,ServicerB,2021
LN0009374,2021-06,173000,3.99,360,780+,96-100,44-50,ID,Purchase,Primary,Single Family,ServicerD,2021
LN0009375,2019-08,124000,7.39,360,<620,71-80,>50,MS,Purchase,Primary,PUD,ServicerD,2019
LN0009376,2019-07,169000,4.75,360,660-699,71-80,37-43,SD,Refinance,Primary,Multi-Family,ServicerD,2019
LN0009377,2018-04,188000,3.375,360,740-779,71-80,37-43,WV,Refinance,Primary,Condo,ServicerE,2018
LN0009378,2019-11,270000,6.49,360,700-739,71-80,29-36,VT,Purchase,Primary,PUD,ServicerA,2019
LN0009379,2018-05,129000,2.625,240,780+,61-70,<=28,AK,Purchase,Primary,PUD,ServicerC,2018
LN0009380,2020-01,197000,5.5,360,660-699,71-80,<=28,NM,Purchase,Primary,Condo,ServicerA,2020
LN0009381,2020-08,285000,4.0,360,<620,81-90,29-36,WY,Purchase,Primary,Co-op,ServicerD,2020
LN0009382,2021-11,341000,5.125,180,,71-80,29-36,WY,Purchase,Primary,Single Family,ServicerA,2021
LN0009383,2021-02,212000,6.625,360,700-739,91-95,29-36,HI,Cash-Out Refinance,Primary,PUD,ServicerE,2021
LN0009384,2022-05,282000,3.25,360,660-699,71-80,37-43,KS,Purchase,Primary,Condo,ServicerB,2022
LN0009385,2020-09,209000,5.25,360,700-739,71-80,37-43,MT,Refinance,Primary,Condo,ServicerE,2020
LN0009386,2022-08,242000,6.75,360,780+,<=60,29-36,MT,Purchase,Primary,PUD,ServicerB,2022
LN0009387,2018-08,192000,3.25,240,780+,71-80,>50,ID,Refinance,Primary,Multi-Family,ServicerA,2018
LN0009388,2018-06,391000,3.99,360,660-699,<=60,44-50,ID,Refinance,Primary,Single Family,ServicerE,2018
LN0009389,2020-04,166000,4.25,360,700-739,91-95,44-50,ID,Purchase,Primary,Co-op,ServicerC,2020
LN0009390,2020-09,101000,3.75,360,700-739,71-80,37-43,RI,Purchase,Primary,Condo,ServicerC,2020
LN0009391,2019-01,149000,3.875,360,780+,81-90,29-36,AK,Purchase,Primary,Co-op,ServicerC,2019
LN0009392,2018-03,347000,2.25,360,780+,>100,44-50,NE,Cash-Out Refinance,Primary,Single Family,ServicerE,2018
LN0009393,2022-05,179000,5.99,360,660-699,61-70,44-50,NE,Refinance,Primary,Multi-Family,ServicerC,2022
LN0009394,2018-01,160000,3.25,120,740-779,61-70,37-43,ND,Purchase,Primary,Multi-Family,ServicerA,2018
LN0009395,2022-04,315000,2.625,360,660-699,<=60,44-50,NV,Purchase,Primary,Single Family,ServicerD,2022
LN0009396,2022-06,194000,8.875,360,<620,71-80,37-43,NM,Refinance,Primary,Single Family,ServicerB,2022
LN0009397,2018-08,65000,3.5,360,<620,71-80,37-43,NH,Purchase,Primary,Co-op,ServicerD,2018
LN0009398,2021-06,169000,2.5,360,700-739,61-70,29-36,NE,Purchase,Primary,Single Family,ServicerD,2021
LN0009399,2022-08,175000,3.625,360,700-739,71-80,37-43,,Purchase,Secondary,Single Family,ServicerD,2022
LN0009400,2020-10,164000,3.25,360,<620,<=60,37-43,RI,Cash-Out Refinance,Primary,Multi-Family,ServicerB,2020
LN0009401,2020-05,65000,6.625,240,740-779,81-90,29-36,MS,Purchase,Primary,Co-op,ServicerA,2020
LN0009402,2020-01,207000,2.75,180,660-699,71-80,37-43,AK,Purchase,Primary,Multi-Family,ServicerC,2020
LN0009403,2022-10,183000,2.5,360,700-739,71-80,29-36,WV,Purchase,Investment,Multi-Family,ServicerA,2022
LN0009404,2018-08,53000,3.125,360,660-699,<=60,37-43,HI,Refinance,Primary,PUD,ServicerA,2018
LN0009405,2021-07,99000,7.0,240,620-659,61-70,37-43,ID,Refinance,Primary,Single Family,ServicerE,2021
LN0009406,2022-01,105000,3.0,240,700-739,<=60,,,Refinance,Primary,Co-op,ServicerA,2022
LN0009407,2022-12,83000,2.625,180,660-699,81-90,>50,NH,Cash-Out Refinance,Primary,Multi-Family,ServicerD,2022
LN0009408,2022-09,98000,4.75,120,700-739,71-80,44-50,SD,Purchase,Primary,PUD,ServicerA,2022
LN0009409,2018-03,215000,8.8,360,620-659,81-90,29-36,NV,Purchase,Primary,Multi-Family,ServicerB,2018
LN0009410,2021-06,75000,3.85,120,700-739,71-80,37-43,ID,Refinance,Secondary,Single Family,ServicerE,2021
LN0009411,2021-12,415000,3.99,360,620-659,,,SD,Purchase,Primary,Single Family,ServicerD,2021
LN0009412,2020-03,361000,2.61,360,740-779,61-70,29-36,AK,Refinance,Primary,PUD,ServicerC,2020
LN0009413,2019-04,112000,3.0,360,740-779,71-80,44-50,NM,Refinance,Primary,Co-op,ServicerD,2019
LN0009414,2018-10,134000,3.0,360,620-659,96-100,37-43,ID,Cash-Out Refinance,Primary,PUD,ServicerA,2018
LN0009415,2021-05,257000,7.45,360,700-739,71-80,37-43,DE,Purchase,Primary,Multi-Family,ServicerE,2021
LN0009416,2021-04,134000,4.25,120,<620,96-100,44-50,WV,Cash-Out Refinance,Investment,Co-op,ServicerA,2021
LN0009417,2018-01,235000,5.875,120,700-739,81-90,29-36,NH,Purchase,Primary,PUD,ServicerE,2018
LN0009418,2020-01,425000,3.625,360,660-699,71-80,,HI,Purchase,Primary,Single Family,ServicerD,2020
LN0009419,2019-04,162000,8.75,360,700-739,,,ID,Refinance,Primary,Condo,ServicerB,2019
LN0009420,2021-10,114000,3.898,360,700-739,91-95,<=28,WY,Purchase,Primary,PUD,ServicerB,2021
LN0009421,2019-07,65000,5.625,180,780+,<=60,44-50,NM,Purchase,Primary,Multi-Family,ServicerA,2019
LN0009422,2019-07,175000,6.875,120,700-739,<=60,,VT,Purchase,Primary,Multi-Family,ServicerA,2019
LN0009423,2022-10,141000,2.75,180,700-739,96-100,>50,ID,Refinance,Primary,Multi-Family,ServicerC,2022
LN0009424,2020-04,207000,2.5,360,700-739,81-90,<=28,ID,Refinance,Primary,Single Family,ServicerD,2020
LN0009425,2018-02,83000,6.063,180,780+,<=60,>50,AK,Purchase,Primary,Condo,ServicerD,2018
LN0009426,2019-01,411000,3.375,180,740-779,96-100,44-50,RI,Cash-Out Refinance,Primary,Multi-Family,ServicerD,2019
LN0009427,2020-12,349000,3.5,240,,96-100,37-43,WV,Purchase,Primary,PUD,ServicerA,2020
LN0009428,2021-02,293000,5.99,360,780+,81-90,>50,AK,Purchase,Primary,Co-op,ServicerB,2021
LN0009429,2019-08,54000,6.125,360,700-739,71-80,37-43,SD,Purchase,Primary,Multi-Family,ServicerE,2019
LN0009430,2019-11,254000,2.375,360,780+,,,VT,Cash-Out Refinance,Primary,Multi-Family,ServicerB,2019
LN0009431,2021-02,114000,2.75,360,780+,<=60,44-50,WY,Cash-Out Refinance,Primary,Co-op,ServicerA,2021
LN0009432,2018-11,479000,7.49,360,620-659,<=60,,RI,Refinance,Primary,PUD,ServicerE,2018
LN0009433,2021-06,251000,6.75,360,740-779,81-90,37-43,WY,Refinance,Primary,Single Family,ServicerC,2021
LN0009434,2022-12,161000,6.023,360,660-699,<=60,37-43,RI,Purchase,Primary,Multi-Family,ServicerB,2022
LN0009435,2020-08,80000,7.0,180,660-699,<=60,37-43,NM,Refinance,Primary,Condo,ServicerB,2020
LN0009436,2020-10,155000,2.75,360,660-699,71-80,,ID,Purchase,Primary,PUD,ServicerB,2020
LN0009437,2022-09,227000,3.54,360,740-779,71-80,37-43,ND,Cash-Out Refinance,Primary,Co-op,ServicerB,2022
LN0009438,2020-11,148000,11.25,360,,96-100,44-50,ID,Refinance,Primary,Single Family,ServicerB,2020
LN0009439,2020-09,162000,3.5,360,<620,61-70,37-43,VT,Cash-Out Refinance,Investment,Condo,ServicerE,2020
LN0009440,2019-11,88000,5.0,360,740-779,61-70,37-43,HI,Cash-Out Refinance,Primary,PUD,ServicerB,2019
LN0009441,2022-09,419000,6.625,360,620-659,81-90,44-50,KS,Other,Investment,Co-op,ServicerB,2022
LN0009442,2020-10,253000,5.25,360,620-659,<=60,37-43,NE,Cash-Out Refinance,Primary,Co-op,ServicerA,2020
LN0009443,2019-04,98000,3.125,360,660-699,71-80,44-50,NH,Cash-Out Refinance,Primary,Co-op,ServicerB,2019
LN0009444,2018-07,196000,2.25,240,660-699,61-70,37-43,HI,Cash-Out Refinance,Primary,Co-op,ServicerE,2018
LN0009445,2021-05,146000,3.625,360,700-739,61-70,44-50,ID,Refinance,Primary,Co-op,ServicerC,2021
LN0009446,2020-09,135000,3.625,360,<620,71-80,37-43,MT,Purchase,Primary,PUD,ServicerC,2020
LN0009447,2020-08,169000,4.125,360,780+,81-90,44-50,NE,Refinance,Primary,Multi-Family,ServicerA,2020
LN0009448,2021-01,98000,2.5,360,740-779,<=60,>50,NE,Cash-Out Refinance,Primary,Condo,ServicerB,2021
LN0009449,2022-05,221000,3.25,360,660-699,71-80,29-36,ND,Purchase,Primary,Multi-Family,ServicerB,2022
LN0009450,2020-02,168000,5.5,360,660-699,,>50,ID,Purchase,Primary,PUD,ServicerA,2020
LN0009451,2019-09,196000,6.625,180,700-739,71-80,37-43,MT,Cash-Out Refinance,Primary,Multi-Family,ServicerA,2019
LN0009452,2019-04,105000,5.5,360,740-779,71-80,37-43,NH,Refinance,Primary,Multi-Family,ServicerB,2019
LN0009453,2019-08,197000,6.99,360,620-659,71-80,44-50,SD,Purchase,Primary,Multi-Family,ServicerD,2019
LN0009454,2019-02,283000,5.0,360,620-659,91-95,37-43,NE,Refinance,Primary,Single Family,ServicerD,2019
LN0009455,2022-09,22000,9.3,180,780+,96-100,37-43,NH,Cash-Out Refinance,Primary,Single Family,ServicerA,2022
LN0009456,2020-07,103000,4.75,360,660-699,71-80,>50,RI,Cash-Out Refinance,Primary,Condo,ServicerD,2020
LN0009457,2021-07,401000,3.375,180,700-739,61-70,44-50,MT,Cash-Out Refinance,Primary,Single Family,ServicerB,2021
LN0009458,2022-06,141000,4.125,240,,61-70,44-50,VT,Cash-Out Refinance,Investment,Condo,ServicerB,2022
LN0009459,2020-02,81000,2.125,180,740-779,71-80,<=28,NM,Purchase,Investment,Condo,ServicerD,2020
LN0009460,2019-03,87000,9.599,180,660-699,91-95,29-36,ID,Refinance,Primary,Co-op,ServicerA,2019
LN0009461,2022-08,77000,4.875,360,740-779,91-95,37-43,MT,Other,Primary,Condo,ServicerD,2022
LN0009462,2018-06,141000,2.875,120,<620,<=60,37-43,ID,Refinance,Secondary,Single Family,ServicerE,2018
LN0009463,2018-07,207000,6.0,180,740-779,<=60,29-36,WY,Refinance,Primary,Single Family,ServicerB,2018
LN0009464,2021-07,434000,6.49,240,700-739,61-70,<=28,ID,Purchase,Secondary,PUD,ServicerC,2021
LN0009465,2019-07,373000,2.125,360,740-779,81-90,44-50,ID,Cash-Out Refinance,Primary,Co-op,ServicerE,2019
LN0009466,2021-01,120000,2.75,180,780+,61-70,44-50,HI,Purchase,Primary,PUD,ServicerE,2021
LN0009467,2020-06,301000,3.0,360,780+,71-80,44-50,ID,Cash-Out Refinance,Primary,PUD,ServicerB,2020
LN0009468,2018-05,614000,2.75,180,780+,71-80,37-43,NV,Purchase,Primary,PUD,ServicerE,2018
LN0009469,2019-08,414000,9.4,360,700-739,<=60,,SD,Cash-Out Refinance,Primary,PUD,ServicerD,2019
LN0009470,2021-07,119000,3.375,360,660-699,61-70,44-50,NH,Refinance,Primary,Co-op,ServicerC,2021
LN0009471,2022-04,159000,4.625,360,700-739,,44-50,,Refinance,Primary,PUD,ServicerE,2022
LN0009472,2021-07,192000,6.25,360,740-779,<=60,37-43,NH,Refinance,Primary,PUD,ServicerC,2021
LN0009473,2019-05,44000,2.875,360,780+,,37-43,KS,Purchase,Investment,PUD,ServicerC,2019
LN0009474,2019-10,82000,6.24,180,660-699,91-95,>50,ID,Refinance,Primary,Condo,ServicerE,2019
LN0009475,2019-06,121000,3.125,360,780+,<=60,37-43,NV,Cash-Out Refinance,Primary,Single Family,ServicerD,2019
LN0009476,2019-10,427000,6.25,360,740-779,<=60,<=28,ID,Purchase,Primary,Condo,ServicerE,2019
LN0009477,2020-10,134000,5.85,360,780+,71-80,<=28,ID,Purchase,Primary,Co-op,ServicerA,2020
LN0009478,2021-02,163000,2.75,180,780+,<=60,37-43,WY,Purchase,Primary,Single Family,ServicerC,2021
LN0009479,2018-02,74000,4.25,360,660-699,81-90,>50,WY,Refinance,Primary,Single Family,ServicerD,2018
LN0009480,2018-12,69000,2.75,360,620-659,81-90,>50,NH,Purchase,Secondary,Condo,ServicerE,2018
LN0009481,2018-03,178000,3.625,180,620-659,<=60,37-43,VT,Purchase,Primary,Co-op,ServicerB,2018
LN0009482,2022-07,232000,3.0,360,660-699,<=60,37-43,HI,Refinance,Primary,Co-op,ServicerB,2022
LN0009483,2021-02,161000,3.5,360,740-779,61-70,37-43,NE,Other,Primary,Co-op,ServicerE,2021
LN0009484,2019-01,112000,4.25,240,740-779,91-95,>50,KS,Purchase,Primary,Single Family,ServicerE,2019
LN0009485,2018-08,84000,6.375,240,780+,96-100,44-50,AK,Cash-Out Refinance,Primary,Single Family,ServicerB,2018
LN0009486,2019-01,201000,2.75,240,740-779,96-100,29-36,MT,Purchase,Investment,Condo,ServicerB,2019
LN0009487,2019-05,92000,7.125,120,<620,71-80,>50,MT,Purchase,Primary,PUD,ServicerA,2019
LN0009488,2020-11,360000,3.25,360,620-659,<=60,37-43,NH,Purchase,Primary,Multi-Family,ServicerD,2020
LN0009489,2020-11,496000,7.437,240,620-659,71-80,29-36,KS,Cash-Out Refinance,Primary,Condo,ServicerE,2020
LN0009490,2022-02,103000,3.25,360,660-699,71-80,37-43,MT,Purchase,Primary,PUD,ServicerB,2022
LN0009491,2018-03,71000,6.0,360,700-739,<=60,37-43,VT,Purchase,Primary,PUD,ServicerD,2018
LN0009492,2020-06,87000,5.75,360,<620,71-80,>50,RI,Cash-Out Refinance,Primary,Multi-Family,ServicerC,2020
LN0009493,2018-01,237000,2.25,360,660-699,81-90,44-50,MT,Purchase,Primary,Co-op,ServicerB,2018
LN0009494,2022-02,195000,2.75,180,620-659,71-80,>50,NH,Purchase,Primary,Single Family,ServicerD,2022
LN0009495,2018-10,235000,5.54,360,740-779,96-100,37-43,ND,Refinance,Primary,Co-op,ServicerE,2018
LN0009496,2018-04,56000,3.75,360,700-739,<=60,<=28,RI,Refinance,Primary,Co-op,ServicerE,2018
LN0009497,2019-07,62000,3.5,360,700-739,<=60,37-43,RI,Purchase,Investment,Condo,ServicerD,2019
LN0009498,2021-02,101000,2.5,360,700-739,96-100,<=28,NM,Refinance,Primary,Condo,ServicerE,2021
LN0009499,2020-10,105000,3.875,240,780+,<=60,,NH,Refinance,Primary,Condo,ServicerC,2020
LN0009500,2020-10,340000,2.75,360,660-699,71-80,37-43,MT,Refinance,Primary,Co-op,ServicerE,2020
LN0009501,2022-02,136000,2.99,360,700-739,>100,,HI,Purchase,Primary,Condo,ServicerA,2022
LN0009502,2022-05,166000,4.25,180,740-779,61-70,37-43,NE,Purchase,Primary,Condo,ServicerA,2022
LN0009503,2019-02,271000,2.25,360,700-739,61-70,>50,NV,Other,Primary,PUD,ServicerC,2019
LN0009504,2021-10,240000,2.75,360,780+,71-80,37-43,ID,Refinance,Primary,Co-op,ServicerC,2021
LN0009505,2020-03,88000,3.125,360,660-699,<=60,37-43,ND,Purchase,Primary,Condo,ServicerC,2020
LN0009506,2022-02,125000,2.875,360,,61-70,44-50,VT,Other,Primary,Multi-Family,ServicerC,2022
LN0009507,2021-10,135000,3.375,360,620-659,>100,<=28,ID,Purchase,Primary,Condo,ServicerE,2021
LN0009508,2019-12,96000,2.75,360,740-779,<=60,37-43,NE,Refinance,Primary,Single Family,ServicerA,2019
LN0009509,2020-01,110000,3.32,360,660-699,96-100,37-43,WY,Refinance,Primary,Single Family,ServicerE,2020
LN0009510,2021-06,268000,2.625,360,620-659,96-100,29-36,NM,Purchase,Primary,Condo,ServicerE,2021
LN0009511,2019-12,93000,5.625,360,700-739,71-80,,ID,Refinance,Primary,Co-op,ServicerC,2019
LN0009512,2021-08,27000,7.0,360,700-739,,37-43,NM,Other,Primary,Multi-Family,ServicerD,2021
LN0009513,2020-09,231000,3.99,360,<620,<=60,29-36,ID,Other,Primary,Co-op,ServicerD,2020
LN0009514,2020-05,154000,5.99,360,740-779,<=60,44-50,NV,Purchase,Primary,PUD,ServicerD,2020
LN0009515,2021-07,202000,5.994,360,740-779,<=60,37-43,ND,Cash-Out Refinance,Primary,Multi-Family,ServicerC,2021
LN0009516,2019-05,408000,3.375,360,620-659,71-80,29-36,ID,Purchase,Primary,Condo,ServicerC,2019
LN0009517,2020-04,88000,5.45,360,700-739,71-80,<=28,DE,Purchase,Primary,Multi-Family,ServicerB,2020
LN0009518,2019-08,111000,2.375,360,,61-70,29-36,HI,Cash-Out Refinance,Primary,PUD,ServicerB,2019
LN0009519,2019-12,184000,2.99,360,700-739,91-95,44-50,ID,Refinance,Primary,Condo,ServicerB,2019
LN0009520,2019-01,195000,2.99,360,700-739,61-70,37-43,NM,Purchase,Primary,PUD,ServicerA,2019
LN0009521,2018-01,421000,5.625,360,660-699,61-70,44-50,VT,Purchase,Primary,PUD,ServicerC,2018
LN0009522,2022-02,79000,4.25,360,740-779,71-80,29-36,AK,Purchase,Primary,Co-op,ServicerC,2022
LN0009523,2019-02,128000,2.25,360,780+,61-70,37-43,ID,Cash-Out Refinance,Primary,Condo,ServicerB,2019
LN0009524,2021-03,287000,4.99,180,740-779,96-100,37-43,NV,Purchase,Primary,Condo,ServicerB,2021
LN0009525,2019-12,54000,3.2,180,<620,<=60,37-43,NV,Other,Primary,Multi-Family,ServicerA,2019
LN0009526,2018-05,134000,5.99,360,700-739,<=60,,ID,Purchase,Primary,Multi-Family,ServicerA,2018
LN0009527,2020-12,177000,4.75,360,780+,81-90,>50,MT,Other,Primary,Single Family,ServicerA,2020
LN0009528,2020-10,46000,4.375,240,620-659,71-80,37-43,NH,Purchase,Primary,Single Family,ServicerC,2020
LN0009529,2019-12,106000,2.5,360,780+,71-80,29-36,DE,Cash-Out Refinance,Primary,Single Family,ServicerB,2019
LN0009530,2021-07,165000,6.5,360,780+,<=60,>50,NH,Refinance,Primary,Condo,ServicerD,2021
LN0009531,2021-02,190000,3.25,360,<620,<=60,44-50,NM,Refinance,Primary,Single Family,ServicerB,2021
LN0009532,2022-12,182000,2.75,360,780+,71-80,44-50,KS,Cash-Out Refinance,Primary,Multi-Family,ServicerA,2022
LN0009533,2022-05,225000,3.5,360,660-699,61-70,44-50,,Refinance,Primary,Condo,ServicerC,2022
LN0009534,2019-08,198000,3.0,360,780+,71-80,44-50,ND,Purchase,Primary,Multi-Family,ServicerA,2019
LN0009535,2018-06,66000,7.125,120,700-739,61-70,<=28,,Purchase,Primary,PUD,ServicerB,2018
LN0009536,2019-07,300000,2.75,180,700-739,61-70,44-50,NH,Refinance,Primary,Multi-Family,ServicerC,2019
LN0009537,2019-06,108000,4.5,240,740-779,71-80,<=28,VT,Purchase,Secondary,PUD,ServicerD,2019
LN0009538,2018-01,105000,6.55,180,740-779,71-80,29-36,WY,Purchase,Primary,Multi-Family,ServicerE,2018
LN0009539,2018-05,91000,6.875,180,<620,<=60,37-43,WV,Refinance,Primary,Multi-Family,ServicerE,2018
LN0009540,2021-03,256000,2.375,180,700-739,61-70,,ID,Refinance,Primary,Single Family,ServicerA,2021
LN0009541,2021-08,204000,4.99,360,620-659,71-80,29-36,NV,Purchase,Primary,Multi-Family,ServicerD,2021
LN0009542,2021-12,339000,6.375,360,660-699,71-80,37-43,ND,Refinance,Primary,Single Family,ServicerD,2021
LN0009543,2020-08,193000,4.49,360,660-699,<=60,37-43,NH,Refinance,Primary,PUD,ServicerE,2020
LN0009544,2019-06,192000,2.99,360,700-739,71-80,44-50,NM,Refinance,Primary,Co-op,ServicerB,2019
LN0009545,2021-11,334000,3.375,360,660-699,71-80,37-43,WV,Refinance,Primary,Condo,ServicerD,2021
LN0009546,2020-10,119000,2.75,360,620-659,71-80,37-43,NV,Purchase,Primary,Co-op,ServicerB,2020
LN0009547,2019-01,277000,3.875,360,620-659,81-90,44-50,,Refinance,Primary,Co-op,ServicerD,2019
LN0009548,2019-05,64000,3.625,240,<620,71-80,,KS,Purchase,Primary,PUD,ServicerD,2019
LN0009549,2021-02,107000,3.99,360,700-739,96-100,>50,RI,Refinance,Primary,PUD,ServicerE,2021
LN0009550,2021-06,205000,7.25,360,780+,96-100,37-43,VT,Cash-Out Refinance,Primary,Condo,ServicerE,2021
LN0009551,2019-01,416000,3.5,360,620-659,71-80,29-36,NM,Cash-Out Refinance,Primary,Single Family,ServicerC,2019
LN0009552,2019-04,106000,3.0,360,,<=60,>50,ID,Purchase,Secondary,Co-op,ServicerD,2019
LN0009553,2022-10,87000,8.0,360,740-779,<=60,<=28,SD,Cash-Out Refinance,Primary,PUD,ServicerE,2022
LN0009554,2021-05,142000,2.25,240,740-779,81-90,29-36,NH,Purchase,Primary,Multi-Family,ServicerD,2021
LN0009555,2019-12,197000,2.75,360,740-779,<=60,44-50,HI,Cash-Out Refinance,Secondary,Co-op,ServicerC,2019
LN0009556,2019-07,166000,4.375,360,780+,71-80,>50,ID,Purchase,Primary,PUD,ServicerE,2019
LN0009557,2018-01,102000,3.75,180,620-659,71-80,37-43,NM,Purchase,Primary,Condo,ServicerB,2018
LN0009558,2020-12,62000,4.625,180,700-739,<=60,44-50,WY,Refinance,Primary,Co-op,ServicerB,2020
LN0009559,2020-10,493000,3.0,180,740-779,71-80,37-43,NE,Purchase,Primary,Condo,ServicerE,2020
LN0009560,2020-06,107000,2.875,360,700-739,<=60,37-43,VT,Cash-Out Refinance,Primary,Co-op,ServicerC,2020
LN0009561,2018-02,211000,5.75,240,780+,71-80,29-36,NE,Purchase,Primary,Single Family,ServicerB,2018
LN0009562,2021-09,286000,2.75,360,<620,71-80,29-36,SD,Refinance,Primary,Single Family,ServicerB,2021
LN0009563,2019-04,249000,3.75,120,740-779,81-90,<=28,ID,Refinance,Primary,Condo,ServicerB,2019
LN0009564,2019-06,179000,6.125,360,700-739,96-100,37-43,ID,Purchase,Primary,Condo,ServicerC,2019
LN0009565,2022-05,108000,3.25,360,660-699,91-95,44-50,NE,Purchase,Secondary,Co-op,ServicerC,2022
LN0009566,2022-07,213000,3.125,180,660-699,91-95,37-43,NH,Refinance,Primary,PUD,ServicerD,2022
LN0009567,2022-10,221000,2.875,180,740-779,<=60,29-36,KS,Purchase,Primary,PUD,ServicerC,2022
LN0009568,2022-10,84000,3.99,360,780+,96-100,44-50,MT,Purchase,Primary,PUD,ServicerD,2022
LN0009569,2019-07,187000,3.625,360,700-739,91-95,37-43,AK,Refinance,Primary,Multi-Family,ServicerB,2019
LN0009570,2018-08,68000,3.625,360,780+,96-100,37-43,NM,Refinance,Investment,Condo,ServicerA,2018
LN0009571,2022-09,362000,5.625,360,700-739,71-80,<=28,NV,Purchase,Investment,Multi-Family,ServicerE,2022
LN0009572,2020-09,145000,3.75,240,620-659,<=60,44-50,VT,Cash-Out Refinance,Primary,Condo,ServicerD,2020
LN0009573,2021-01,282000,2.25,360,<620,>100,<=28,ID,Refinance,Secondary,Co-op,ServicerA,2021
LN0009574,2020-06,934000,3.99,360,<620,96-100,37-43,NH,Refinance,Primary,Multi-Family,ServicerE,2020
LN0009575,2018-07,304000,3.125,360,700-739,81-90,44-50,ID,Cash-Out Refinance,Primary,Multi-Family,ServicerC,2018
LN0009576,2022-11,62000,4.25,360,660-699,61-70,37-43,NH,Refinance,Primary,Condo,ServicerD,2022
LN0009577,2018-08,135000,6.875,360,740-779,81-90,44-50,ID,Refinance,Primary,Co-op,ServicerC,2018
LN0009578,2021-08,49000,2.99,360,740-779,96-100,<=28,NE,Refinance,Primary,Co-op,ServicerE,2021
LN0009579,2022-10,158000,4.8,360,<620,71-80,,MT,Other,Primary,Multi-Family,ServicerD,2022
LN0009580,2019-06,104000,3.875,360,660-699,91-95,37-43,NE,Purchase,Primary,Condo,ServicerA,2019
LN0009581,2022-04,117000,7.125,360,660-699,<=60,37-43,AK,Refinance,Primary,Multi-Family,ServicerA,2022
LN0009582,2021-05,147000,6.5,360,700-739,96-100,>50,RI,Other,Primary,Single Family,ServicerC,2021
LN0009583,2020-11,225000,10.75,360,620-659,96-100,>50,,Cash-Out Refinance,Primary,Condo,ServicerC,2020
LN0009584,2018-04,154000,2.99,360,620-659,<=60,44-50,NE,Cash-Out Refinance,Primary,Multi-Family,ServicerE,2018
LN0009585,2022-05,187000,3.75,120,780+,71-80,37-43,HI,Purchase,Primary,PUD,ServicerC,2022
LN0009586,2021-05,124000,8.0,360,740-779,71-80,<=28,RI,Purchase,Primary,Multi-Family,ServicerC,2021
LN0009587,2018-09,108000,4.75,360,620-659,91-95,44-50,NE,Cash-Out Refinance,Primary,Co-op,ServicerB,2018
LN0009588,2019-01,90000,2.5,360,700-739,71-80,<=28,RI,Refinance,Investment,Multi-Family,ServicerC,2019
LN0009589,2019-08,143000,3.0,120,660-699,81-90,44-50,ND,Purchase,Primary,Multi-Family,ServicerB,2019
LN0009590,2019-07,130000,6.125,360,740-779,<=60,37-43,KS,Purchase,Primary,Multi-Family,ServicerC,2019
LN0009591,2018-07,39000,3.75,360,700-739,71-80,44-50,DE,Purchase,Primary,Co-op,ServicerE,2018
LN0009592,2018-02,141000,4.375,180,620-659,96-100,44-50,ND,Purchase,Primary,PUD,ServicerE,2018
LN0009593,2020-09,66000,2.75,360,740-779,71-80,<=28,NE,Other,Primary,Multi-Family,ServicerB,2020
LN0009594,2022-07,383000,3.75,360,700-739,71-80,37-43,SD,Purchase,Primary,Multi-Family,ServicerB,2022
LN0009595,2018-09,417000,2.375,360,660-699,91-95,37-43,WY,Refinance,Primary,Co-op,ServicerE,2018
LN0009596,2020-10,713000,4.625,360,660-699,61-70,44-50,SD,Purchase,Primary,Single Family,ServicerD,2020
LN0009597,2018-08,156000,4.125,360,700-739,<=60,<=28,NE,Purchase,Primary,Single Family,ServicerE,2018
LN0009598,2022-04,135000,3.75,360,660-699,71-80,44-50,ID,Cash-Out Refinance,Primary,PUD,ServicerC,2022
LN0009599,2022-11,188000,9.4,180,660-699,81-90,29-36,RI,Other,Investment,Condo,ServicerC,2022
LN0009600,2022-05,101000,5.0,360,700-739,71-80,37-43,NM,Refinance,Primary,Multi-Family,ServicerE,2022
LN0009601,2018-04,127000,3.375,360,<620,61-70,29-36,MT,Purchase,Primary,Co-op,ServicerA,2018
LN0009602,2021-09,221000,2.49,360,740-779,71-80,44-50,DE,Purchase,Primary,Multi-Family,ServicerD,2021
LN0009603,2020-03,176000,2.75,360,620-659,>100,>50,ID,Cash-Out Refinance,Primary,Condo,ServicerE,2020
LN0009604,2022-11,133000,7.125,180,<620,>100,29-36,ID,Cash-Out Refinance,Primary,Co-op,ServicerA,2022
LN0009605,2019-01,340000,3.0,360,740-779,<=60,37-43,,Other,Primary,Multi-Family,ServicerA,2019
LN0009606,2021-02,262000,3.625,360,740-779,71-80,44-50,HI,Refinance,Primary,Single Family,ServicerC,2021
LN0009607,2020-11,87000,3.0,360,740-779,61-70,37-43,NH,Refinance,Primary,Co-op,ServicerA,2020
LN0009608,2019-08,164000,2.875,120,700-739,71-80,37-43,MT,Cash-Out Refinance,Primary,Single Family,ServicerD,2019
LN0009609,2018-02,166000,2.375,360,660-699,71-80,44-50,NE,Refinance,Primary,Condo,ServicerA,2018
LN0009610,2019-12,94000,3.0,360,740-779,71-80,37-43,MT,Refinance,Primary,PUD,ServicerB,2019
LN0009611,2020-03,177000,8.24,360,740-779,96-100,29-36,DE,Purchase,Primary,Multi-Family,ServicerD,2020
LN0009612,2020-11,65000,3.0,360,660-699,61-70,44-50,ID,Cash-Out Refinance,Primary,Condo,ServicerB,2020
LN0009613,2020-07,494000,5.74,360,,91-95,44-50,NH,Refinance,Investment,Multi-Family,ServicerE,2020
LN0009614,2019-07,206000,2.875,360,620-659,<=60,37-43,WY,Purchase,Primary,Multi-Family,ServicerE,2019
LN0009615,2019-12,131000,3.125,360,780+,71-80,44-50,WV,Purchase,Primary,Condo,ServicerE,2019
LN0009616,2019-06,76000,4.75,360,780+,96-100,37-43,ID,Cash-Out Refinance,Primary,Multi-Family,ServicerB,2019
LN0009617,2018-05,233000,8.5,180,740-779,71-80,37-43,VT,Refinance,Primary,Multi-Family,ServicerE,2018
LN0009618,2020-09,348000,4.625,360,780+,71-80,37-43,HI,Refinance,Primary,Single Family,ServicerB,2020
LN0009619,2022-11,132000,7.49,360,740-779,>100,>50,SD,Purchase,Primary,Single Family,ServicerC,2022
LN0009620,2018-02,108000,5.625,360,620-659,81-90,>50,MT,Purchase,Primary,Single Family,ServicerC,2018
LN0009621,2019-02,77000,3.375,180,700-739,>100,37-43,SD,Purchase,Primary,Condo,ServicerB,2019
LN0009622,2018-04,262000,6.625,360,<620,81-90,<=28,HI,Cash-Out Refinance,Primary,PUD,ServicerD,2018
LN0009623,2018-05,196000,4.0,360,700-739,<=60,<=28,WY,Refinance,Primary,Co-op,ServicerE,2018
LN0009624,2019-02,136000,3.625,180,740-779,71-80,44-50,NM,Cash-Out Refinance,Primary,Single Family,ServicerB,2019
LN0009625,2021-06,120000,2.5,360,700-739,71-80,37-43,NM,Refinance,Primary,Co-op,ServicerB,2021
LN0009626,2018-09,339000,5.5,360,660-699,<=60,37-43,ID,Cash-Out Refinance,Primary,Condo,ServicerD,2018
LN0009627,2022-08,219000,6.25,180,700-739,71-80,37-43,DE,Refinance,Primary,Single Family,ServicerC,2022
LN0009628,2022-02,155000,4.99,240,780+,91-95,44-50,KS,Cash-Out Refinance,Primary,Multi-Family,ServicerC,2022
LN0009629,2021-11,79000,4.125,240,<620,91-95,>50,NH,Purchase,Primary,Single Family,ServicerA,2021
LN0009630,2022-05,291000,2.25,360,700-739,71-80,44-50,WV,Refinance,Primary,Condo,ServicerB,2022
LN0009631,2018-06,517000,2.75,180,620-659,71-80,37-43,NM,Purchase,Primary,Co-op,ServicerB,2018
LN0009632,2018-06,277000,3.75,360,740-779,96-100,>50,WV,Refinance,Primary,Multi-Family,ServicerE,2018
LN0009633,2019-07,275000,2.5,360,620-659,<=60,37-43,WY,Refinance,Primary,Co-op,ServicerC,2019
LN0009634,2019-09,321000,2.75,180,740-779,81-90,37-43,MT,Refinance,Primary,Co-op,ServicerD,2019
LN0009635,2020-12,63000,3.25,360,660-699,71-80,29-36,NM,Refinance,Primary,Multi-Family,ServicerB,2020
LN0009636,2018-10,198000,3.375,360,620-659,81-90,>50,KS,Refinance,Primary,PUD,ServicerA,2018
LN0009637,2018-02,533000,7.0,360,780+,71-80,37-43,ID,Refinance,Primary,PUD,ServicerA,2018
LN0009638,2019-03,126000,2.875,360,<620,96-100,44-50,RI,Refinance,Primary,Co-op,ServicerA,2019
LN0009639,2020-03,84000,3.85,360,700-739,71-80,37-43,ID,Refinance,Primary,Condo,ServicerA,2020
LN0009640,2022-12,232000,5.25,360,<620,<=60,44-50,ND,Purchase,Primary,Co-op,ServicerE,2022
LN0009641,2022-04,249000,4.99,360,700-739,<=60,29-36,SD,Purchase,Primary,Co-op,ServicerD,2022
LN0009642,2021-11,545000,3.75,360,700-739,71-80,,ID,Refinance,Primary,Condo,ServicerB,2021
LN0009643,2020-01,298000,3.25,180,660-699,96-100,29-36,WV,Cash-Out Refinance,Primary,Condo,ServicerA,2020
LN0009644,2020-07,209000,2.875,240,620-659,96-100,>50,NH,Purchase,Primary,PUD,ServicerB,2020
LN0009645,2021-02,137000,2.875,360,660-699,81-90,<=28,NM,Purchase,Investment,Co-op,ServicerB,2021
LN0009646,2022-07,42000,3.125,360,740-779,71-80,>50,,Cash-Out Refinance,Primary,Multi-Family,ServicerB,2022
LN0009647,2019-03,194000,2.25,360,740-779,96-100,29-36,RI,Refinance,Investment,Single Family,ServicerE,2019
LN0009648,2019-10,56000,7.75,360,700-739,71-80,<=28,RI,Purchase,Primary,Single Family,ServicerA,2019
LN0009649,2021-10,187000,4.69,240,700-739,96-100,>50,RI,Refinance,Primary,Single Family,ServicerD,2021
LN0009650,2018-12,112000,7.375,120,660-699,<=60,44-50,AK,Refinance,Primary,Single Family,ServicerB,2018
LN0009651,2019-11,230000,6.875,360,660-699,96-100,44-50,NM,Cash-Out Refinance,Primary,Condo,ServicerD,2019
LN0009652,2021-09,368000,4.0,360,620-659,71-80,>50,MT,Refinance,Primary,Single Family,ServicerE,2021
LN0009653,2021-07,363000,3.0,120,660-699,71-80,44-50,NH,Refinance,Primary,PUD,ServicerA,2021
LN0009654,2020-11,91000,3.125,240,660-699,71-80,37-43,ID,Purchase,Primary,Co-op,ServicerD,2020
LN0009655,2020-04,244000,4.0,360,700-739,71-80,37-43,DE,Cash-Out Refinance,Primary,Co-op,ServicerA,2020
LN0009656,2018-01,69000,1.0,240,700-739,<=60,37-43,MT,Purchase,Secondary,Co-op,ServicerD,2018
LN0009657,2021-04,160000,6.99,180,780+,<=60,37-43,WY,Refinance,Primary,Condo,ServicerE,2021
LN0009658,2018-10,72000,2.875,180,620-659,71-80,37-43,AK,Purchase,Primary,Condo,ServicerC,2018
LN0009659,2020-01,78000,4.625,180,740-779,<=60,37-43,MS,Purchase,Primary,Multi-Family,ServicerC,2020
LN0009660,2020-11,92000,7.625,120,740-779,81-90,44-50,WY,Refinance,Primary,Single Family,ServicerD,2020
LN0009661,2020-07,101000,3.875,180,700-739,71-80,37-43,WV,Cash-Out Refinance,Primary,Condo,ServicerD,2020
LN0009662,2018-06,304000,3.5,360,660-699,<=60,>50,ID,Cash-Out Refinance,Primary,Condo,ServicerD,2018
LN0009663,2021-02,214000,5.375,360,,<=60,44-50,RI,Refinance,Primary,Multi-Family,ServicerB,2021
LN0009664,2019-02,270000,5.527,120,<620,96-100,44-50,HI,Cash-Out Refinance,Primary,Multi-Family,ServicerD,2019
LN0009665,2022-09,110000,2.875,360,660-699,71-80,44-50,MT,Purchase,Primary,Co-op,ServicerB,2022
LN0009666,2022-02,112000,3.25,360,740-779,71-80,29-36,DE,Refinance,Primary,Co-op,ServicerE,2022
LN0009667,2022-03,358000,7.25,360,<620,71-80,44-50,,Refinance,Primary,Single Family,ServicerB,2022
LN0009668,2021-08,175000,5.34,240,660-699,71-80,>50,ND,Refinance,Primary,Condo,ServicerB,2021
LN0009669,2022-09,544000,2.25,180,740-779,71-80,>50,ID,Purchase,Primary,Co-op,ServicerA,2022
LN0009670,2020-02,250000,3.75,360,740-779,<=60,29-36,AK,Purchase,Primary,Single Family,ServicerD,2020
LN0009671,2022-01,274000,2.625,360,700-739,71-80,37-43,MT,Refinance,Primary,PUD,ServicerD,2022
LN0009672,2020-04,181000,8.25,360,740-779,71-80,37-43,HI,Cash-Out Refinance,Primary,Co-op,ServicerC,2020
LN0009673,2020-09,155000,3.25,360,700-739,71-80,29-36,ID,Cash-Out Refinance,Primary,Multi-Family,ServicerA,2020
LN0009674,2021-05,214000,2.875,360,620-659,<=60,37-43,NH,Refinance,Primary,Condo,ServicerE,2021
LN0009675,2018-02,106000,2.625,360,700-739,71-80,44-50,RI,Refinance,Primary,Condo,ServicerB,2018
LN0009676,2018-05,138000,3.75,360,700-739,<=60,29-36,NH,Refinance,Primary,PUD,ServicerD,2018
LN0009677,2019-12,368000,3.625,360,780+,<=60,44-50,NE,Cash-Out Refinance,Primary,Single Family,ServicerC,2019
LN0009678,2020-07,102000,4.625,360,<620,91-95,44-50,NV,Purchase,Primary,Single Family,ServicerB,2020
LN0009679,2019-05,282000,5.99,120,,81-90,>50,DE,Refinance,Primary,Multi-Family,ServicerA,2019
LN0009680,2020-07,314000,2.75,360,660-699,91-95,<=28,ID,Cash-Out Refinance,Primary,Multi-Family,ServicerC,2020
LN0009681,2018-09,274000,3.375,360,700-739,61-70,37-43,MT,Purchase,Primary,PUD,ServicerD,2018
LN0009682,2020-02,221000,5.0,120,<620,91-95,29-36,AK,Refinance,Primary,Condo,ServicerC,2020
LN0009683,2021-05,473000,2.99,360,660-699,71-80,37-43,RI,Purchase,Primary,Single Family,ServicerC,2021
LN0009684,2020-07,225000,3.0,360,740-779,96-100,>50,NM,Refinance,Primary,Co-op,ServicerE,2020
LN0009685,2018-01,174000,5.94,180,700-739,61-70,44-50,NH,Other,Primary,Co-op,ServicerA,2018
LN0009686,2020-06,96000,3.31,360,700-739,61-70,37-43,ND,Purchase,Investment,Single Family,ServicerB,2020
LN0009687,2019-12,71000,2.75,360,660-699,<=60,>50,ID,Purchase,Investment,Multi-Family,ServicerD,2019
LN0009688,2018-03,250000,2.99,360,660-699,96-100,,ID,Purchase,Primary,Condo,ServicerB,2018
LN0009689,2022-10,202000,3.99,360,700-739,61-70,29-36,ID,Refinance,Primary,Condo,ServicerE,2022
LN0009690,2022-02,76000,5.25,360,780+,<=60,37-43,ID,Purchase,Primary,Co-op,ServicerB,2022
LN0009691,2020-02,180000,8.9,360,780+,71-80,44-50,ID,Purchase,Primary,Co-op,ServicerA,2020
LN0009692,2018-05,401000,3.875,120,700-739,<=60,37-43,HI,Cash-Out Refinance,Primary,Multi-Family,ServicerA,2018
LN0009693,2020-06,515000,5.75,360,700-739,96-100,>50,,Other,Primary,Co-op,ServicerA,2020
LN0009694,2018-03,245000,4.25,120,780+,71-80,37-43,RI,Purchase,Primary,Condo,ServicerA,2018
LN0009695,2022-04,76000,3.25,360,700-739,<=60,>50,ND,Purchase,Primary,Multi-Family,ServicerB,2022
LN0009696,2022-02,237000,7.0,360,700-739,96-100,37-43,ID,Purchase,Primary,Multi-Family,ServicerC,2022
LN0009697,2019-01,130000,3.125,360,660-699,71-80,37-43,MT,Cash-Out Refinance,Primary,Multi-Family,ServicerC,2019
LN0009698,2020-05,222000,2.875,360,740-779,>100,>50,WV,Refinance,Investment,Condo,ServicerB,2020
LN0009699,2022-09,107000,4.75,120,700-739,81-90,<=28,NH,Other,Primary,Multi-Family,ServicerC,2022
LN0009700,2018-12,154000,2.25,240,740-779,81-90,29-36,NH,Refinance,Secondary,PUD,ServicerE,2018
LN0009701,2022-10,336000,2.75,240,740-779,61-70,37-43,WV,Purchase,Primary,PUD,ServicerA,2022
LN0009702,2022-05,80000,2.75,240,660-699,71-80,44-50,ID,Purchase,Investment,Condo,ServicerC,2022
LN0009703,2022-11,246000,2.996,360,740-779,71-80,37-43,AK,Refinance,Primary,Co-op,ServicerE,2022
LN0009704,2020-02,309000,6.0,360,740-779,<=60,29-36,NE,Refinance,Primary,Condo,ServicerE,2020
LN0009705,2021-01,191000,2.625,360,660-699,71-80,37-43,ND,Cash-Out Refinance,Primary,Co-op,ServicerA,2021
LN0009706,2020-07,124000,2.99,360,620-659,81-90,44-50,NE,Purchase,Primary,Condo,ServicerB,2020
LN0009707,2018-11,129000,4.5,360,<620,81-90,>50,WV,Purchase,Primary,PUD,ServicerB,2018
LN0009708,2020-05,85000,3.0,360,700-739,<=60,37-43,NV,Purchase,Primary,Single Family,ServicerD,2020
LN0009709,2018-03,226000,4.99,360,660-699,71-80,<=28,RI,Refinance,Primary,PUD,ServicerD,2018
LN0009710,2018-02,69000,6.99,360,700-739,81-90,37-43,DE,Refinance,Primary,Condo,ServicerE,2018
LN0009711,2022-01,247000,3.375,360,620-659,<=60,37-43,NH,Refinance,Primary,Multi-Family,ServicerC,2022
LN0009712,2018-08,145000,7.75,120,780+,71-80,44-50,NM,Refinance,Primary,PUD,ServicerA,2018
LN0009713,2018-08,91000,6.99,360,660-699,61-70,>50,ID,Purchase,Primary,Condo,ServicerD,2018
LN0009714,2020-07,188000,2.375,180,,96-100,>50,ID,Refinance,Primary,Condo,ServicerB,2020
LN0009715,2022-02,163000,2.875,180,700-739,<=60,37-43,NE,Refinance,Primary,Co-op,ServicerA,2022
LN0009716,2020-03,139000,6.49,360,700-739,71-80,>50,NE,Cash-Out Refinance,Primary,Single Family,ServicerB,2020
LN0009717,2022-09,103000,2.25,360,,61-70,37-43,ID,Refinance,Primary,Multi-Family,ServicerB,2022
LN0009718,2019-02,83000,3.125,360,660-699,96-100,44-50,NH,Cash-Out Refinance,Primary,Multi-Family,ServicerD,2019
LN0009719,2020-03,115000,2.999,360,620-659,<=60,29-36,NH,Refinance,Primary,Multi-Family,ServicerD,2020
LN0009720,2019-11,80000,2.875,180,740-779,71-80,>50,NH,Refinance,Primary,Single Family,ServicerC,2019
LN0009721,2022-12,103000,5.99,360,740-779,71-80,,SD,Cash-Out Refinance,Primary,Condo,ServicerE,2022
LN0009722,2018-11,376000,6.375,120,700-739,<=60,37-43,ID,Cash-Out Refinance,Investment,PUD,ServicerD,2018
LN0009723,2018-08,173000,2.5,360,740-779,71-80,44-50,DE,Refinance,Primary,PUD,ServicerC,2018
LN0009724,2019-12,146000,3.5,360,740-779,81-90,44-50,WV,Refinance,Primary,Co-op,ServicerC,2019
LN0009725,2019-03,303000,8.125,240,620-659,81-90,44-50,NH,Refinance,Primary,Multi-Family,ServicerD,2019
LN0009726,2022-04,121000,6.375,360,780+,71-80,37-43,NV,Other,Primary,Co-op,ServicerD,2022
LN0009727,2021-01,134000,2.5,360,780+,<=60,29-36,NH,Refinance,Primary,Single Family,ServicerD,2021
LN0009728,2022-05,260000,5.045,360,660-699,,44-50,WY,Cash-Out Refinance,Primary,Multi-Family,ServicerA,2022
LN0009729,2022-12,97000,2.75,360,620-659,<=60,37-43,ID,Purchase,Primary,Multi-Family,ServicerC,2022
LN0009730,2019-08,181000,7.0,360,620-659,>100,37-43,NM,Purchase,Primary,Multi-Family,ServicerD,2019
LN0009731,2022-04,204000,7.0,360,620-659,<=60,>50,WV,Refinance,Primary,Single Family,ServicerB,2022
LN0009732,2018-07,132000,4.5,360,740-779,81-90,<=28,ND,Cash-Out Refinance,Primary,Condo,ServicerD,2018
LN0009733,2019-10,124000,6.875,360,700-739,61-70,37-43,KS,Purchase,Primary,Condo,ServicerB,2019
LN0009734,2021-04,89000,2.75,360,740-779,<=60,44-50,NH,Purchase,Primary,Single Family,ServicerA,2021
LN0009735,2022-05,624000,6.0,180,740-779,71-80,37-43,ID,Refinance,Primary,PUD,ServicerB,2022
LN0009736,2020-03,307000,5.99,360,740-779,71-80,44-50,,Purchase,Primary,Co-op,ServicerC,2020
LN0009737,2021-10,107000,3.25,360,740-779,71-80,37-43,,Refinance,Primary,Co-op,ServicerB,2021
LN0009738,2021-10,261000,2.625,360,<620,71-80,37-43,SD,Purchase,Primary,Co-op,ServicerB,2021
LN0009739,2020-05,308000,3.75,360,660-699,<=60,44-50,AK,Other,Primary,Single Family,ServicerE,2020
LN0009740,2019-10,88000,12.75,360,740-779,61-70,37-43,NE,Purchase,Primary,Condo,ServicerE,2019
LN0009741,2018-12,201000,2.875,360,<620,81-90,>50,HI,Purchase,Primary,Condo,ServicerD,2018
LN0009742,2021-05,422000,4.25,360,<620,71-80,37-43,NE,Purchase,Primary,Co-op,ServicerC,2021
LN0009743,2022-08,221000,2.75,360,780+,<=60,37-43,ID,Purchase,Primary,Single Family,ServicerB,2022
LN0009744,2018-02,136000,5.0,360,740-779,91-95,37-43,ID,Purchase,Primary,Co-op,ServicerA,2018
LN0009745,2021-10,247000,6.125,180,660-699,71-80,44-50,NE,Refinance,Primary,Multi-Family,ServicerA,2021
LN0009746,2019-12,51000,7.375,360,740-779,81-90,37-43,KS,Cash-Out Refinance,Primary,Single Family,ServicerD,2019
LN0009747,2020-12,105000,6.25,360,740-779,71-80,29-36,ID,Purchase,Primary,PUD,ServicerC,2020
LN0009748,2019-10,205000,5.25,360,660-699,81-90,<=28,KS,Purchase,Primary,Condo,ServicerE,2019
LN0009749,2019-11,206000,3.5,360,<620,<=60,>50,VT,Refinance,Primary,Multi-Family,ServicerE,2019
LN0009750,2022-02,234000,4.25,360,780+,71-80,37-43,HI,Refinance,Primary,PUD,ServicerD,2022
LN0009751,2019-03,156000,2.375,360,660-699,81-90,>50,NM,Other,Primary,Multi-Family,ServicerE,2019
LN0009752,2018-04,118000,3.625,360,620-659,,37-43,NM,Purchase,Primary,Condo,ServicerB,2018
LN0009753,2019-12,152000,5.59,180,700-739,71-80,44-50,NE,Refinance,Primary,Single Family,ServicerB,2019
LN0009754,2018-12,73000,3.125,360,740-779,<=60,44-50,VT,Other,Primary,Single Family,ServicerE,2018
LN0009755,2018-11,190000,3.35,360,660-699,71-80,37-43,WV,Refinance,Primary,Multi-Family,ServicerE,2018
LN0009756,2021-03,188000,5.51,360,660-699,61-70,44-50,NV,Purchase,Primary,PUD,ServicerE,2021
LN0009757,2019-05,158000,6.25,360,660-699,<=60,44-50,KS,Purchase,Primary,Condo,ServicerC,2019
LN0009758,2018-10,130000,3.375,360,780+,61-70,37-43,ND,Cash-Out Refinance,Primary,Multi-Family,ServicerE,2018
LN0009759,2018-11,131000,4.75,180,620-659,81-90,29-36,NV,Purchase,Primary,Multi-Family,ServicerD,2018
LN0009760,2019-12,109000,5.125,360,700-739,61-70,37-43,ID,Cash-Out Refinance,Primary,Single Family,ServicerC,2019
LN0009761,2018-12,270000,3.75,360,780+,71-80,,ID,Other,Primary,Single Family,ServicerC,2018
LN0009762,2018-07,288000,6.5,360,620-659,<=60,44-50,RI,Purchase,Secondary,PUD,ServicerC,2018
LN0009763,2018-06,188000,4.875,180,780+,71-80,>50,MT,Purchase,Secondary,Single Family,ServicerE,2018
LN0009764,2019-08,166000,3.5,360,780+,71-80,44-50,ID,Purchase,Primary,PUD,ServicerE,2019
LN0009765,2019-03,216000,2.875,360,780+,96-100,37-43,AK,Purchase,Primary,Condo,ServicerC,2019
LN0009766,2018-06,390000,6.95,360,660-699,>100,44-50,NV,Other,Primary,Multi-Family,ServicerD,2018
LN0009767,2020-07,101000,5.125,180,740-779,<=60,37-43,ND,Purchase,Primary,Co-op,ServicerE,2020
LN0009768,2021-11,162000,4.75,360,740-779,96-100,>50,NM,Purchase,Primary,Co-op,ServicerE,2021
LN0009769,2022-11,162000,5.44,360,780+,96-100,37-43,MT,Cash-Out Refinance,Investment,Condo,ServicerC,2022
LN0009770,2020-08,270000,6.125,180,620-659,71-80,44-50,ID,Purchase,Primary,Condo,ServicerC,2020
LN0009771,2019-11,262000,4.0,360,740-779,<=60,44-50,WY,Purchase,Primary,Co-op,ServicerE,2019
LN0009772,2019-04,332000,2.995,360,660-699,<=60,37-43,,Purchase,Primary,Multi-Family,ServicerA,2019
LN0009773,2021-06,338000,3.625,240,,71-80,<=28,NE,Purchase,Primary,PUD,ServicerD,2021
LN0009774,2019-11,86000,3.375,360,700-739,71-80,44-50,MT,Purchase,Primary,Condo,ServicerA,2019
LN0009775,2019-08,258000,5.25,360,740-779,>100,29-36,NM,Other,Primary,Multi-Family,ServicerA,2019
LN0009776,2021-05,141000,2.75,360,700-739,96-100,37-43,NE,Refinance,Primary,PUD,ServicerE,2021
LN0009777,2021-01,90000,3.125,240,700-739,81-90,44-50,WY,Refinance,Primary,Condo,ServicerC,2021
LN0009778,2020-01,43000,11.0,360,780+,71-80,29-36,HI,Purchase,Primary,PUD,ServicerD,2020
LN0009779,2021-08,189000,5.625,360,700-739,61-70,>50,ID,Cash-Out Refinance,Primary,Condo,ServicerD,2021
LN0009780,2019-01,94000,2.874,180,740-779,61-70,37-43,ND,Cash-Out Refinance,Primary,Single Family,ServicerA,2019
LN0009781,2018-12,333000,2.625,360,660-699,71-80,44-50,WY,Purchase,Primary,PUD,ServicerB,2018
LN0009782,2021-09,96000,5.75,240,700-739,<=60,44-50,SD,Purchase,Primary,Condo,ServicerC,2021
LN0009783,2020-04,109000,3.5,180,740-779,96-100,44-50,MT,Purchase,Primary,Condo,ServicerD,2020
LN0009784,2021-02,170000,3.5,360,,96-100,29-36,VT,Purchase,Secondary,Single Family,ServicerD,2021
LN0009785,2020-03,150000,5.125,360,700-739,61-70,29-36,SD,Purchase,Primary,Multi-Family,ServicerE,2020
LN0009786,2020-05,267000,6.74,180,740-779,<=60,37-43,DE,Purchase,Primary,Co-op,ServicerB,2020
LN0009787,2019-07,250000,2.625,360,620-659,<=60,37-43,NV,Other,Primary,PUD,ServicerC,2019
LN0009788,2018-08,247000,5.53,360,660-699,<=60,44-50,SD,Refinance,Primary,Co-op,ServicerC,2018
LN0009789,2022-02,43000,5.625,360,700-739,61-70,37-43,HI,Purchase,Primary,Multi-Family,ServicerA,2022
LN0009790,2022-08,105000,3.0,360,<620,81-90,37-43,NE,Purchase,Primary,Single Family,ServicerA,2022
LN0009791,2020-05,173000,3.0,360,660-699,71-80,29-36,WY,Purchase,Primary,Co-op,ServicerD,2020
LN0009792,2019-08,165000,6.152,360,700-739,91-95,>50,SD,Cash-Out Refinance,Primary,PUD,ServicerE,2019
LN0009793,2019-12,92000,2.0,360,<620,96-100,,NE,Purchase,Primary,PUD,ServicerC,2019
LN0009794,2020-08,142000,5.25,180,660-699,81-90,44-50,MT,Purchase,Primary,PUD,ServicerE,2020
LN0009795,2021-05,243000,6.875,360,700-739,91-95,37-43,ID,Refinance,Primary,Condo,ServicerC,2021
LN0009796,2019-08,163000,7.625,360,700-739,61-70,37-43,ID,Purchase,Primary,Co-op,ServicerD,2019
LN0009797,2019-08,118000,3.625,360,780+,<=60,<=28,ID,Refinance,Primary,PUD,ServicerD,2019
LN0009798,2019-01,392000,2.875,360,740-779,71-80,<=28,ID,Other,Primary,PUD,ServicerE,2019
LN0009799,2019-11,193000,3.375,360,700-739,61-70,37-43,WY,Refinance,Primary,PUD,ServicerD,2019
LN0009800,2021-07,266000,2.625,360,780+,71-80,44-50,NE,Other,Primary,Co-op,ServicerE,2021
LN0009801,2019-09,236000,2.5,360,740-779,<=60,44-50,NE,Cash-Out Refinance,Primary,Multi-Family,ServicerB,2019
LN0009802,2022-11,369000,6.125,360,660-699,71-80,<=28,HI,Purchase,Secondary,Condo,ServicerE,2022
LN0009803,2019-02,124000,3.25,360,620-659,,<=28,,Refinance,Primary,Single Family,ServicerB,2019
LN0009804,2020-12,314000,3.25,120,740-779,81-90,29-36,SD,Cash-Out Refinance,Primary,Multi-Family,ServicerE,2020
LN0009805,2020-09,65000,2.882,360,700-739,81-90,44-50,NH,Other,Primary,Single Family,ServicerB,2020
LN0009806,2020-12,189000,5.5,240,740-779,71-80,37-43,MS,Purchase,Primary,Condo,ServicerC,2020
LN0009807,2018-05,96000,5.49,180,740-779,71-80,44-50,NE,Purchase,Investment,Single Family,ServicerB,2018
LN0009808,2022-05,97000,7.99,180,,91-95,29-36,NE,Refinance,Primary,Co-op,ServicerE,2022
LN0009809,2021-01,91000,3.875,180,780+,96-100,44-50,SD,Refinance,Primary,Multi-Family,ServicerD,2021
LN0009810,2018-10,238000,4.125,180,700-739,<=60,44-50,ND,Refinance,Primary,Condo,ServicerC,2018
LN0009811,2018-04,390000,4.49,360,620-659,<=60,44-50,AK,Purchase,Primary,Single Family,ServicerA,2018
LN0009812,2020-05,272000,9.125,180,780+,71-80,37-43,MT,Purchase,Primary,PUD,ServicerA,2020
LN0009813,2019-11,153000,3.125,360,660-699,71-80,29-36,HI,Purchase,Primary,Multi-Family,ServicerA,2019
LN0009814,2022-10,267000,7.75,360,740-779,71-80,44-50,MT,Purchase,Primary,Co-op,ServicerB,2022
LN0009815,2022-09,353000,3.0,180,780+,71-80,37-43,NM,Purchase,Primary,PUD,ServicerA,2022
LN0009816,2019-11,126000,3.0,360,740-779,<=60,<=28,NH,Purchase,Primary,Condo,ServicerD,2019
LN0009817,2021-09,75000,2.875,180,700-739,91-95,44-50,NM,Purchase,Primary,Multi-Family,ServicerD,2021
LN0009818,2018-03,362000,3.875,180,700-739,61-70,44-50,MS,Purchase,Primary,Co-op,ServicerC,2018
LN0009819,2018-06,112000,3.25,360,660-699,91-95,37-43,ND,Purchase,Primary,Co-op,ServicerB,2018
LN0009820,2022-07,229000,3.625,120,660-699,96-100,37-43,KS,Refinance,Primary,Condo,ServicerB,2022
LN0009821,2022-06,54000,2.875,360,740-779,81-90,37-43,ND,Purchase,Investment,Co-op,ServicerE,2022
LN0009822,2018-08,123000,2.5,360,740-779,<=60,>50,,Purchase,Primary,Single Family,ServicerD,2018
LN0009823,2019-03,326000,6.2,360,740-779,<=60,37-43,MT,Cash-Out Refinance,Primary,Multi-Family,ServicerD,2019
LN0009824,2018-12,99000,2.99,360,620-659,<=60,>50,NE,Purchase,Primary,Single Family,ServicerC,2018
LN0009825,2020-12,236000,3.5,120,700-739,,,ID,Purchase,Primary,Co-op,ServicerE,2020
LN0009826,2021-05,54000,7.125,360,740-779,61-70,44-50,KS,Purchase,Primary,Multi-Family,ServicerC,2021
LN0009827,2020-10,215000,5.875,360,700-739,71-80,29-36,NV,Purchase,Primary,PUD,ServicerB,2020
LN0009828,2019-11,169000,3.25,360,700-739,71-80,,NE,Purchase,Primary,PUD,ServicerA,2019
LN0009829,2021-11,69000,3.375,360,740-779,96-100,29-36,SD,Refinance,Primary,Single Family,ServicerB,2021
LN0009830,2022-10,233000,2.75,360,740-779,<=60,37-43,NM,Purchase,Primary,Condo,ServicerB,2022
LN0009831,2022-06,115000,7.0,180,700-739,71-80,37-43,WV,Purchase,Primary,Condo,ServicerB,2022
LN0009832,2018-07,262000,4.125,180,780+,96-100,<=28,ID,Refinance,Primary,Condo,ServicerB,2018
LN0009833,2021-10,298000,3.25,360,620-659,71-80,44-50,NE,Purchase,Primary,Co-op,ServicerA,2021
LN0009834,2019-04,516000,2.5,360,780+,<=60,44-50,ID,Cash-Out Refinance,Primary,Multi-Family,ServicerB,2019
LN0009835,2020-01,132000,7.625,360,620-659,71-80,<=28,VT,Purchase,Primary,Single Family,ServicerA,2020
LN0009836,2020-06,74000,5.875,360,<620,96-100,29-36,ID,Purchase,Primary,Multi-Family,ServicerD,2020
LN0009837,2021-04,412000,2.875,360,780+,71-80,37-43,WV,Refinance,Primary,Condo,ServicerB,2021
LN0009838,2022-06,168000,3.625,120,660-699,>100,44-50,NE,Refinance,Investment,Condo,ServicerD,2022
LN0009839,2021-04,151000,6.125,360,740-779,71-80,37-43,NM,Purchase,Primary,Condo,ServicerB,2021
LN0009840,2021-09,168000,6.875,240,740-779,81-90,37-43,NE,Purchase,Primary,Multi-Family,ServicerD,2021
LN0009841,2018-12,298000,3.75,360,780+,91-95,37-43,KS,Refinance,Primary,PUD,ServicerC,2018
LN0009842,2018-02,146000,2.25,360,780+,71-80,37-43,HI,Cash-Out Refinance,Primary,Co-op,ServicerC,2018
LN0009843,2022-03,189000,2.375,360,660-699,<=60,44-50,NE,Other,Primary,Multi-Family,ServicerE,2022
LN0009844,2019-07,206000,2.625,240,740-779,81-90,<=28,KS,Refinance,Primary,Co-op,ServicerC,2019
LN0009845,2018-04,138000,3.75,360,620-659,<=60,,RI,Refinance,Primary,Condo,ServicerE,2018
LN0009846,2021-07,172000,6.125,360,700-739,<=60,37-43,DE,Cash-Out Refinance,Primary,Single Family,ServicerD,2021
LN0009847,2022-12,180000,8.5,180,780+,71-80,44-50,WV,Purchase,Primary,PUD,ServicerE,2022
LN0009848,2018-02,294000,3.875,120,660-699,71-80,44-50,NE,Purchase,Primary,Condo,ServicerC,2018
LN0009849,2022-08,150000,1.99,360,,71-80,37-43,HI,Cash-Out Refinance,Primary,Co-op,ServicerA,2022
LN0009850,2019-04,63000,4.75,180,700-739,96-100,44-50,ID,Purchase,Primary,Co-op,ServicerC,2019
LN0009851,2019-04,99000,4.25,360,740-779,61-70,44-50,ID,Cash-Out Refinance,Primary,Multi-Family,ServicerA,2019
LN0009852,2020-02,87000,5.0,240,780+,96-100,<=28,NH,Refinance,Primary,Condo,ServicerC,2020
LN0009853,2018-05,86000,6.5,360,<620,96-100,37-43,NH,Cash-Out Refinance,Primary,PUD,ServicerA,2018
LN0009854,2018-10,127000,5.625,360,700-739,91-95,44-50,MT,Refinance,Primary,Multi-Family,ServicerC,2018
LN0009855,2021-02,175000,2.125,240,780+,<=60,>50,WY,Cash-Out Refinance,Primary,Multi-Family,ServicerA,2021
LN0009856,2020-11,51000,3.25,360,700-739,91-95,<=28,VT,Purchase,Primary,Single Family,ServicerE,2020
LN0009857,2022-08,253000,3.625,240,,<=60,37-43,NE,Purchase,Primary,Single Family,ServicerE,2022
LN0009858,2019-02,141000,4.25,360,700-739,<=60,29-36,NV,Refinance,Primary,PUD,ServicerA,2019
LN0009859,2020-04,149000,3.5,360,660-699,71-80,>50,WV,Refinance,Primary,Multi-Family,ServicerE,2020
LN0009860,2022-02,224000,2.5,360,620-659,<=60,37-43,AK,Purchase,Primary,Co-op,ServicerD,2022
LN0009861,2018-05,169000,3.375,360,780+,<=60,37-43,NH,Refinance,Primary,Co-op,ServicerE,2018
LN0009862,2022-09,112000,6.375,360,700-739,91-95,44-50,ID,Refinance,Primary,Co-op,ServicerE,2022
LN0009863,2019-01,223000,3.0,360,780+,61-70,37-43,NE,Refinance,Secondary,Co-op,ServicerC,2019
LN0009864,2021-12,247000,2.955,360,740-779,<=60,29-36,WV,Refinance,Primary,Multi-Family,ServicerD,2021
LN0009865,2020-09,157000,2.625,180,740-779,71-80,<=28,WV,Refinance,Primary,Single Family,ServicerE,2020
LN0009866,2019-11,343000,8.04,240,<620,61-70,37-43,NH,Cash-Out Refinance,Investment,Multi-Family,ServicerC,2019
LN0009867,2018-08,95000,4.25,360,700-739,,37-43,AK,Purchase,Primary,Multi-Family,ServicerC,2018
LN0009868,2019-07,131000,3.25,360,620-659,>100,37-43,RI,Refinance,Primary,PUD,ServicerE,2019
LN0009869,2020-02,177000,3.2,360,780+,61-70,37-43,ID,Refinance,Primary,Multi-Family,ServicerB,2020
LN0009870,2018-09,155000,6.75,360,620-659,<=60,<=28,WY,Refinance,Primary,Multi-Family,ServicerC,2018
LN0009871,2022-04,104000,6.24,360,660-699,71-80,44-50,SD,Cash-Out Refinance,Primary,Single Family,ServicerD,2022
LN0009872,2022-05,163000,4.3,360,700-739,71-80,29-36,NM,Purchase,Primary,PUD,ServicerC,2022
LN0009873,2018-07,127000,3.5,360,660-699,71-80,37-43,NM,Purchase,Primary,Single Family,ServicerC,2018
LN0009874,2020-06,100000,4.125,360,660-699,<=60,37-43,NE,Refinance,Primary,PUD,ServicerA,2020
LN0009875,2021-09,231000,3.125,360,700-739,96-100,44-50,KS,Cash-Out Refinance,Investment,Single Family,ServicerE,2021
LN0009876,2019-01,183000,6.5,360,620-659,61-70,37-43,ID,Refinance,Primary,Multi-Family,ServicerE,2019
LN0009877,2018-11,87000,6.0,360,<620,61-70,,NH,Purchase,Primary,Condo,ServicerD,2018
LN0009878,2022-01,100000,5.125,360,660-699,81-90,29-36,DE,Cash-Out Refinance,Primary,Condo,ServicerB,2022
LN0009879,2020-04,171000,5.25,360,740-779,<=60,44-50,VT,Refinance,Primary,PUD,ServicerD,2020
LN0009880,2019-03,68000,9.75,360,700-739,,37-43,WV,Purchase,Primary,Multi-Family,ServicerE,2019
LN0009881,2019-12,289000,4.75,360,700-739,71-80,37-43,RI,Refinance,Primary,Condo,ServicerC,2019
LN0009882,2018-12,280000,4.75,360,700-739,96-100,44-50,VT,Cash-Out Refinance,Primary,PUD,ServicerE,2018
LN0009883,2019-04,171000,3.875,360,660-699,<=60,37-43,,Purchase,Primary,PUD,ServicerE,2019
LN0009884,2019-04,399000,3.25,360,780+,<=60,37-43,ID,Purchase,Primary,Multi-Family,ServicerD,2019
LN0009885,2019-05,205000,3.625,360,<620,>100,37-43,WV,Purchase,Primary,PUD,ServicerE,2019
LN0009886,2021-01,171000,5.0,360,740-779,<=60,>50,NH,Purchase,Primary,Single Family,ServicerD,2021
LN0009887,2021-04,362000,2.999,360,780+,71-80,37-43,RI,Cash-Out Refinance,Primary,Multi-Family,ServicerC,2021
LN0009888,2022-03,250000,2.5,180,740-779,61-70,44-50,NE,Purchase,Primary,Condo,ServicerB,2022
LN0009889,2018-02,235000,2.5,180,620-659,<=60,37-43,MT,Purchase,Primary,Co-op,ServicerE,2018
LN0009890,2019-06,497000,2.99,360,660-699,<=60,29-36,ND,Purchase,Primary,Co-op,ServicerA,2019
LN0009891,2020-11,186000,4.125,240,740-779,71-80,29-36,SD,Refinance,Investment,PUD,ServicerC,2020
LN0009892,2021-03,98000,6.517,360,,<=60,,NE,Purchase,Primary,Co-op,ServicerB,2021
LN0009893,2018-03,142000,1.75,360,740-779,61-70,>50,ID,Refinance,Primary,Co-op,ServicerE,2018
LN0009894,2021-07,117000,3.5,360,740-779,96-100,37-43,WV,Refinance,Primary,Co-op,ServicerE,2021
LN0009895,2018-03,338000,2.75,180,740-779,91-95,37-43,ND,Purchase,Primary,Condo,ServicerA,2018
LN0009896,2020-01,131000,4.875,360,620-659,>100,44-50,NH,Cash-Out Refinance,Primary,Single Family,ServicerA,2020
LN0009897,2022-03,117000,4.0,180,740-779,<=60,29-36,ND,Purchase,Primary,PUD,ServicerC,2022
LN0009898,2021-02,131000,9.0,360,740-779,>100,29-36,ID,Refinance,Primary,PUD,ServicerA,2021
LN0009899,2018-03,46000,2.875,360,780+,<=60,37-43,RI,Refinance,Primary,Condo,ServicerC,2018
LN0009900,2019-02,161000,3.0,180,<620,81-90,44-50,KS,Purchase,Primary,Multi-Family,ServicerB,2019
LN0009901,2019-07,341000,3.5,120,<620,71-80,44-50,NE,Refinance,Primary,Single Family,ServicerD,2019
LN0009902,2018-07,163000,3.875,360,660-699,71-80,37-43,HI,Refinance,Primary,Single Family,ServicerA,2018
LN0009903,2019-12,150000,4.75,360,620-659,71-80,>50,NH,Purchase,Primary,Condo,ServicerE,2019
LN0009904,2019-05,188000,8.59,180,700-739,71-80,>50,NV,Purchase,Primary,Co-op,ServicerD,2019
LN0009905,2022-12,251000,3.125,360,780+,91-95,37-43,,Purchase,Primary,Multi-Family,ServicerB,2022
LN0009906,2022-11,252000,6.375,180,700-739,<=60,37-43,KS,Refinance,Primary,PUD,ServicerC,2022
LN0009907,2022-10,118000,8.25,360,780+,<=60,44-50,SD,Purchase,Primary,Co-op,ServicerB,2022
LN0009908,2022-06,142000,6.875,360,<620,81-90,37-43,NE,Purchase,Primary,PUD,ServicerE,2022
LN0009909,2021-03,102000,6.0,360,620-659,61-70,44-50,,Refinance,Secondary,Co-op,ServicerD,2021
LN0009910,2022-09,533000,2.99,360,<620,<=60,,NM,Refinance,Primary,Single Family,ServicerD,2022
LN0009911,2022-04,375000,4.875,360,660-699,71-80,29-36,NH,Purchase,Secondary,Co-op,ServicerC,2022
LN0009912,2021-07,136000,5.75,360,780+,71-80,29-36,WY,Refinance,Primary,PUD,ServicerC,2021
LN0009913,2019-10,156000,5.125,360,620-659,71-80,44-50,MT,Purchase,Primary,Co-op,ServicerB,2019
LN0009914,2021-05,305000,3.99,360,740-779,<=60,44-50,NM,Refinance,Primary,Co-op,ServicerE,2021
LN0009915,2020-05,232000,4.7,360,700-739,71-80,>50,AK,Other,Primary,PUD,ServicerB,2020
LN0009916,2022-04,174000,4.875,360,780+,<=60,37-43,SD,Purchase,Primary,Single Family,ServicerE,2022
LN0009917,2018-04,115000,2.375,360,620-659,71-80,37-43,NE,Refinance,Primary,PUD,ServicerE,2018
LN0009918,2021-05,324000,3.75,360,660-699,<=60,44-50,WV,Refinance,Primary,Co-op,ServicerB,2021
LN0009919,2021-09,168000,5.32,360,<620,71-80,44-50,MT,Purchase,Primary,Co-op,ServicerB,2021
LN0009920,2021-02,178000,3.75,240,700-739,71-80,29-36,NE,Purchase,Primary,Multi-Family,ServicerB,2021
LN0009921,2022-02,302000,3.25,180,660-699,71-80,37-43,VT,Cash-Out Refinance,Primary,Multi-Family,ServicerB,2022
LN0009922,2019-01,177000,6.5,360,780+,61-70,<=28,NM,Cash-Out Refinance,Primary,Multi-Family,ServicerE,2019
LN0009923,2019-12,98000,4.625,360,740-779,91-95,37-43,,Purchase,Primary,Co-op,ServicerB,2019
LN0009924,2022-02,183000,3.0,120,740-779,71-80,,DE,Purchase,Primary,PUD,ServicerB,2022
LN0009925,2022-08,180000,3.625,180,700-739,<=60,<=28,NH,Cash-Out Refinance,Primary,Condo,ServicerE,2022
LN0009926,2021-11,205000,3.25,360,620-659,61-70,37-43,SD,Refinance,Primary,Multi-Family,ServicerD,2021
LN0009927,2022-12,142000,3.375,180,700-739,96-100,37-43,KS,Refinance,Primary,Single Family,ServicerE,2022
LN0009928,2019-01,78000,7.375,360,780+,61-70,44-50,ND,Other,Primary,Co-op,ServicerA,2019
LN0009929,2022-03,75000,7.25,360,780+,71-80,44-50,NH,Refinance,Primary,Condo,ServicerB,2022
LN0009930,2022-04,141000,3.625,360,780+,71-80,44-50,HI,Refinance,Primary,Condo,ServicerB,2022
LN0009931,2019-04,96000,2.875,240,780+,71-80,44-50,WV,Purchase,Primary,Single Family,ServicerC,2019
LN0009932,2018-09,349000,2.25,120,620-659,71-80,29-36,HI,Refinance,Primary,PUD,ServicerE,2018
LN0009933,2022-09,188000,2.875,180,660-699,61-70,44-50,NH,Cash-Out Refinance,Primary,Condo,ServicerA,2022
LN0009934,2018-04,125000,3.375,360,<620,71-80,44-50,SD,Purchase,Primary,Multi-Family,ServicerC,2018
LN0009935,2022-09,80000,2.625,360,660-699,,29-36,DE,Refinance,Primary,Condo,ServicerE,2022
LN0009936,2018-06,101000,3.25,360,620-659,91-95,37-43,MT,Cash-Out Refinance,Primary,PUD,ServicerA,2018
LN0009937,2022-09,358000,7.75,360,700-739,71-80,44-50,AK,Purchase,Primary,Single Family,ServicerC,2022
LN0009938,2018-05,511000,2.25,360,740-779,96-100,29-36,WY,Purchase,Primary,Single Family,ServicerD,2018
LN0009939,2020-06,209000,6.75,180,780+,91-95,29-36,NE,Purchase,Primary,PUD,ServicerC,2020
LN0009940,2022-03,182000,5.5,180,740-779,<=60,44-50,MS,Refinance,Primary,Multi-Family,ServicerA,2022
LN0009941,2019-01,120000,2.625,360,780+,71-80,44-50,VT,Refinance,Primary,PUD,ServicerD,2019
LN0009942,2021-08,112000,8.99,360,<620,<=60,44-50,ID,Refinance,Primary,Single Family,ServicerD,2021
LN0009943,2019-03,169000,3.75,360,<620,<=60,44-50,WV,Purchase,Primary,Condo,ServicerA,2019
LN0009944,2019-12,224000,3.875,360,740-779,71-80,37-43,NE,Purchase,Primary,PUD,ServicerD,2019
LN0009945,2018-09,427000,3.125,360,660-699,81-90,44-50,NH,Refinance,Primary,Co-op,ServicerC,2018
LN0009946,2019-10,142000,10.5,240,660-699,71-80,44-50,MT,Purchase,Primary,Co-op,ServicerA,2019
LN0009947,2021-02,78000,3.25,180,660-699,71-80,44-50,VT,Refinance,Primary,Co-op,ServicerB,2021
LN0009948,2021-12,541000,3.75,360,660-699,71-80,44-50,NM,Purchase,Primary,Co-op,ServicerB,2021
LN0009949,2022-02,94000,4.49,360,700-739,81-90,37-43,MT,Refinance,Primary,PUD,ServicerB,2022
LN0009950,2020-08,217000,3.375,360,700-739,71-80,37-43,ID,Refinance,Primary,Multi-Family,ServicerD,2020
LN0009951,2019-11,232000,2.5,360,700-739,61-70,37-43,MT,Refinance,Primary,PUD,ServicerA,2019
LN0009952,2020-06,197000,3.875,360,740-779,96-100,44-50,WY,Purchase,Secondary,Co-op,ServicerE,2020
LN0009953,2018-01,65000,4.99,360,700-739,>100,<=28,NH,Purchase,Primary,Co-op,ServicerC,2018
LN0009954,2018-01,306000,6.5,240,660-699,<=60,>50,NV,Cash-Out Refinance,Primary,Condo,ServicerB,2018
LN0009955,2018-12,128000,2.25,360,620-659,71-80,44-50,KS,Purchase,Primary,Single Family,ServicerD,2018
LN0009956,2018-02,306000,6.75,360,660-699,<=60,29-36,ID,Purchase,Investment,PUD,ServicerC,2018
LN0009957,2020-03,38000,3.0,360,740-779,,44-50,ID,Refinance,Primary,Multi-Family,ServicerA,2020
LN0009958,2022-02,302000,2.875,360,740-779,61-70,37-43,ID,Cash-Out Refinance,Primary,Multi-Family,ServicerA,2022
LN0009959,2018-12,168000,5.625,360,740-779,<=60,37-43,ND,Refinance,Primary,PUD,ServicerB,2018
LN0009960,2019-08,92000,4.625,180,660-699,96-100,44-50,VT,Cash-Out Refinance,Primary,Condo,ServicerD,2019
LN0009961,2018-08,186000,2.875,360,700-739,81-90,>50,,Cash-Out Refinance,Primary,Condo,ServicerA,2018
LN0009962,2022-11,129000,5.5,180,700-739,71-80,44-50,,Cash-Out Refinance,Primary,PUD,ServicerE,2022
LN0009963,2020-01,67000,2.75,360,700-739,,29-36,NH,Refinance,Primary,PUD,ServicerB,2020
LN0009964,2022-01,146000,2.625,360,700-739,61-70,37-43,ID,Refinance,Primary,Single Family,ServicerC,2022
LN0009965,2019-06,210000,3.0,360,700-739,61-70,<=28,DE,Refinance,Primary,Single Family,ServicerB,2019
LN0009966,2020-07,138000,2.874,360,700-739,61-70,37-43,NE,Cash-Out Refinance,Primary,Single Family,ServicerC,2020
LN0009967,2018-09,118000,3.125,360,740-779,<=60,29-36,NH,Refinance,Primary,Single Family,ServicerD,2018
LN0009968,2020-05,144000,5.875,180,620-659,91-95,37-43,AK,Refinance,Primary,Multi-Family,ServicerA,2020
LN0009969,2020-03,66000,3.125,360,740-779,<=60,44-50,NM,Purchase,Secondary,Condo,ServicerC,2020
LN0009970,2018-09,109000,3.375,180,620-659,61-70,37-43,NV,Other,Primary,Multi-Family,ServicerA,2018
LN0009971,2019-10,82000,3.74,360,<620,61-70,37-43,NH,Refinance,Primary,PUD,ServicerA,2019
LN0009972,2022-09,126000,3.125,180,780+,71-80,>50,MT,Refinance,Primary,Single Family,ServicerA,2022
LN0009973,2021-05,67000,3.45,360,780+,96-100,29-36,WY,Purchase,Primary,Single Family,ServicerE,2021
LN0009974,2021-09,147000,3.125,360,<620,71-80,37-43,KS,Purchase,Primary,Single Family,ServicerE,2021
LN0009975,2018-03,140000,3.625,360,700-739,91-95,29-36,WY,Cash-Out Refinance,Primary,PUD,ServicerE,2018
LN0009976,2019-05,192000,3.125,180,620-659,71-80,37-43,NE,Cash-Out Refinance,Primary,Condo,ServicerC,2019
LN0009977,2022-10,284000,4.5,360,,81-90,<=28,NM,Refinance,Primary,Condo,ServicerA,2022
LN0009978,2018-06,189000,3.99,180,780+,71-80,37-43,ID,Other,Primary,PUD,ServicerA,2018
LN0009979,2021-08,201000,5.875,360,780+,<=60,44-50,ND,Refinance,Primary,Single Family,ServicerD,2021
LN0009980,2018-09,413000,7.49,360,740-779,61-70,37-43,NM,Refinance,Investment,PUD,ServicerC,2018
LN0009981,2021-08,210000,5.0,360,660-699,<=60,29-36,SD,Purchase,Primary,Co-op,ServicerD,2021
LN0009982,2018-01,87000,3.85,360,740-779,96-100,37-43,WV,Cash-Out Refinance,Primary,PUD,ServicerE,2018
LN0009983,2022-01,213000,3.25,180,660-699,61-70,44-50,SD,Cash-Out Refinance,Primary,Multi-Family,ServicerD,2022
LN0009984,2018-11,549000,4.99,360,780+,<=60,,ID,Purchase,Primary,Condo,ServicerB,2018
LN0009985,2020-04,260000,4.875,360,780+,61-70,,NH,Refinance,Primary,Condo,ServicerC,2020
LN0009986,2021-06,357000,3.25,120,700-739,61-70,29-36,HI,Cash-Out Refinance,Primary,Condo,ServicerB,2021
LN0009987,2020-02,91000,6.75,180,660-699,81-90,44-50,NH,Purchase,Primary,PUD,ServicerA,2020
LN0009988,2020-12,166000,4.35,360,660-699,<=60,44-50,ID,Cash-Out Refinance,Primary,Multi-Family,ServicerD,2020
LN0009989,2022-05,155000,6.25,180,<620,61-70,44-50,NE,Purchase,Primary,Multi-Family,ServicerE,2022
LN0009990,2022-03,177000,8.875,180,740-779,<=60,37-43,NM,Refinance,Primary,Condo,ServicerA,2022
LN0009991,2021-07,95000,6.5,360,700-739,96-100,29-36,NM,Refinance,Investment,Co-op,ServicerA,2021
LN0009992,2022-02,197000,2.875,120,660-699,81-90,44-50,RI,Other,Primary,Single Family,ServicerB,2022
LN0009993,2019-07,230000,3.125,360,700-739,91-95,44-50,NE,Purchase,Primary,Multi-Family,ServicerE,2019
LN0009994,2019-05,186000,2.5,240,740-779,>100,44-50,MT,Refinance,Primary,Condo,ServicerE,2019
LN0009995,2022-04,279000,3.25,360,620-659,61-70,29-36,NE,Purchase,Primary,Co-op,ServicerD,2022
LN0009996,2020-06,235000,2.375,360,780+,61-70,>50,DE,Purchase,Primary,Single Family,ServicerA,2020
LN0009997,2018-06,81000,5.875,360,780+,71-80,37-43,VT,Purchase,Primary,Condo,ServicerE,2018
LN0009998,2020-03,213000,6.625,360,780+,,37-43,MS,Purchase,Primary,Co-op,ServicerD,2020
LN0009999,2022-07,164000,5.56,360,700-739,61-70,44-50,ID,Purchase,Primary,PUD,ServicerB,2022
LN0010000,2018-09,82000,2.75,360,660-699,61-70,>50,WY,Refinance,Primary,Co-op,ServicerA,2018
